Suma,Judet,Data,Agent,Tip Cheltuiala,Cheltuieli Showroom,Cheltuieli Auto,Auto Nr,Firma
LEI         254.57,Giurgiu,9/1/2023,Marian Toma,Auto,,Combustibil,B 133 MET,METALLIC GROUP SRL
LEI         358.80,Bucuresti,9/1/2023,Dragos Frangache,Auto,,Combustibil,B 190 CRT,MM ROOF INTERMED SRL
LEI         265.05,Bucuresti,1/9/2023,Bebe Marius,Auto,,Combustibil,B 132 MET,METALLIC GROUP SRL
LEI         146.75,Giurgiu,6/1/2023,,Showroom,Utilitati,,,METALLIC GROUP SRL
LEI         568.99,Teleorman,10/1/2023,,Angajati,Consumabile,,,METALLIC GROUP SRL
"LEI         1,500.00",Teleorman,15/1/2023,,Showroom,Chirie,,,METALLIC GROUP SRL
LEI         183.26,Bucuresti,3/1/2023,,Showroom,Utilitati,,,METALLIC GROUP SRL
LEI         416.09,Cheltuieli comune,9/1/2023,,Generale,,,,METALLIC GROUP SRL
LEI         94.01,Constanta,4/1/2023,,Showroom,Utilitati,,,MM ROOF INTERMED SRL
LEI         247.20,Constanta,3/1/2023,,Showroom,Utilitati,,,MM ROOF INTERMED SRL
"LEI         2,150.00",Bucuresti,10/1/2023,Dragos Frangache,Angajati,,,,MM ROOF INTERMED SRL
LEI         583.90,Bucuresti,5/1/2023,Dragos Frangache,Auto,,Asigurare,B 190 CRT,MM ROOF INTERMED SRL
"LEI         1,787.39",Bucuresti,5/1/2023,Dragos Frangache,Auto,,Leasing,B 190 CRT,MM ROOF INTERMED SRL
"LEI         1,478.00",Giurgiu,3/1/2023,,Showroom,Chirie,,,METALLIC GROUP SRL
"LEI         2,487.10",Constanta,12/1/2023,,Showroom,Chirie,,,MM ROOF INTERMED SRL
LEI         72.00,Giurgiu,13/1/2023,Marian Toma,Showroom,Utilitati,,,METALLIC GROUP SRL
LEI         596.81,Bucuresti,11/1/2023,Marian Costache,Auto,,Asigurare,B 101 CRT,METALLIC GROUP SRL
"LEI         6,400.00",Bucuresti,16/1/2023,,Showroom,Chirie,,,METALLIC GROUP SRL
LEI         109.99,Bucuresti,12/1/2023,,Showroom,Consumabile,Altele,,METALLIC GROUP SRL
LEI         182.94,Bucuresti,11/1/2023,,Showroom,,Altele,,METALLIC GROUP SRL
LEI         246.00,Cheltuieli comune,7/1/2023,,Generale,,,,METALLIC GROUP SRL
"LEI         1,893.17",Bucuresti,10/1/2023,Bebe Marius,Auto,,Leasing,B 132 MET,METALLIC GROUP SRL
LEI         275.42,Bucuresti,10/1/2023,Bebe Marius,Auto,,Asigurare,B 132 MET,METALLIC GROUP SRL
"LEI         1,893.15",Giurgiu,10/1/2023,Marian Toma,Auto,,Leasing,B 133 MET,METALLIC GROUP SRL
LEI         275.42,Giurgiu,10/1/2023,Marian Toma,Auto,,Asigurare,B 133 MET,METALLIC GROUP SRL
"LEI         1,794.11",Teleorman,10/1/2023,Mihai Coman,Auto,,Leasing,B 112 MET,METALLIC GROUP SRL
LEI         300.04,Teleorman,10/1/2023,Mihai Coman,Auto,,Asigurare,B 112 MET,METALLIC GROUP SRL
LEI         55.45,Bucuresti,13/1/2023,,Auto,,Altele,,METALLIC GROUP SRL
LEI         499.80,Cheltuieli comune,12/1/2023,,Generale,,,,METALLIC GROUP SRL
LEI         64.00,Bucuresti,12/1/2023,,Showroom,Consumabile,,,METALLIC GROUP SRL
LEI         29.67,Bucuresti,16/1/2023,,Auto,,Rovigneta,,METALLIC GROUP SRL
LEI         110.00,Bucuresti,16/1/2023,,Auto,,Service,,METALLIC GROUP SRL
LEI         200.00,Bucuresti,16/1/2023,,Showroom,Chirie,,,METALLIC GROUP SRL
LEI         200.00,Constanta,16/1/2023,,Showroom,Chirie,,,MM ROOF INTERMED SRL
"LEI         1,671.43",Cheltuieli comune,14/1/2023,,Generale,,,,METALLIC GROUP SRL
LEI         120.00,Bucuresti,17/1/2023,,Auto,,Service,,METALLIC GROUP SRL
LEI         409.22,Bucuresti,17/1/2023,Dragos Frangache,Auto,,Combustibil,B 190 CRT,MM ROOF INTERMED SRL
LEI         340.98,Giurgiu,18/1/2023,Marian Toma,Auto,,Combustibil,IF 83 CRT,METALLIC GROUP SRL
LEI         299.95,Bucuresti,18/1/2023,Dana Marcu,Auto,,Combustibil,IF 34 MDM,METALLIC GROUP SRL
LEI         63.65,Cheltuieli comune,18/1/2023,,Generale,,,,METALLIC GROUP SRL
LEI         211.56,Bucuresti,17/1/2023,RALUCA Munteanu,Auto,,Combustibil,B 720 MRR,METALLIC GROUP SRL
LEI         854.64,Bucuresti,17/1/2023,,Showroom,Consumabile,,,METALLIC GROUP SRL
LEI         338.53,Bucuresti,19/1/2023,Marian Costache,Auto,,Combustibil,,METALLIC GROUP SRL
LEI         444.24,Bucuresti,19/1/2023,Dragos Frangache,Auto,,Combustibil,B 190 CRT,MM ROOF INTERMED SRL
LEI         285.00,Constanta,19/1/2023,Razvan Rosu,Auto,,Service,B 107 CRT,MM ROOF INTERMED SRL
LEI         125.00,Constanta,20/1/2023,Oana,Showroom,Altele,,,MM ROOF INTERMED SRL
LEI         400.24,Constanta,23/1/2023,Dragos Frangache,Auto,,Combustibil,B 190 CRT,MM ROOF INTERMED SRL
LEI         113.08,Bucuresti,23/1/2023,,Showroom,Consumabile,,,METALLIC GROUP SRL
LEI         300.00,Constanta,19/1/2023,Razvan Rosu,Auto,,Combustibil,B 107 CRT,MM ROOF INTERMED SRL
LEI         260.10,Bucuresti,23/1/2023,Bebe Marius,Auto,,Combustibil,B 132 MET,METALLIC GROUP SRL
LEI         311.00,Bucuresti,,Marian Costache,Auto,,Combustibil,B 101 CRT,METALLIC GROUP SRL
LEI         499.07,Bucuresti,25/1/2023,Iulian Marcu,Auto,,Combustibil,B 170 CRT,METALLIC GROUP SRL
LEI         138.48,Bucuresti,25/1/2023,Bebe Marius,Auto,,Rovigneta,B 132 MET,METALLIC GROUP SRL
LEI         246.62,Cheltuieli comune,18/1/2023,,Generale,Marketing,,,METALLIC GROUP SRL
LEI         29.67,Bucuresti,26/1/2023,,Auto,,Rovigneta,,METALLIC GROUP SRL
"LEI         5,187.00",Cheltuieli comune,26/1/2023,,Generale,,Altele,,METALLIC GROUP SRL
LEI         261.80,Cheltuieli comune,26/1/2023,,Generale,,Altele,,METALLIC GROUP SRL
LEI         438.35,Bucuresti,27/1/2023,Dragos Frangache,Auto,,Combustibil,B 190 CRT,MM ROOF INTERMED SRL
LEI         800.00,Cheltuieli comune,28/2/2023,,Generale,Altele,,,METALLIC GROUP SRL
LEI         296.91,Giurgiu,23/1/2023,Marian Toma,Auto,,Combustibil,B 133 MET,METALLIC GROUP SRL
LEI         270.10,Bucuresti,30/1/2023,Bebe Marius,Auto,,Combustibil,B 132 MET,METALLIC GROUP SRL
LEI         306.54,Bucuresti,31/1/2023,Marian Costache,Auto,,Combustibil,B 101 CRT,METALLIC GROUP SRL
LEI         735.00,Giurgiu,29/1/2023,Marian Toma,Auto,,Altele,IF 83 CRT,METALLIC GROUP SRL
LEI         347.00,Bucuresti,1/2/2023,Dragos Frangache,Auto,,Combustibil,B 190 CRT,MM ROOF INTERMED SRL
LEI         340.05,Giurgiu,1/2/2023,Adrian Radu,Auto,,Combustibil,IF 83 CRT,METALLIC GROUP SRL
"LEI         1,477.00",Giurgiu,1/2/2023,,Showroom,,Altele,,METALLIC GROUP SRL
LEI         870.00,Cheltuieli comune,25/1/2023,,Bugete Stat,,,,METALLIC GROUP SRL
"LEI         14,500.00",Cheltuieli comune,25/1/2023,,Bugete Stat,,,,METALLIC GROUP SRL
"LEI         1,800.00",Cheltuieli comune,25/1/2023,,Bugete Stat,,,,METALLIC GROUP SRL
"LEI         2,064.00",Cheltuieli comune,25/1/2023,,Bugete Stat,,,,METALLIC GROUP SRL
LEI         851.03,Giurgiu,31/1/2023,,Altele,Marketing,,,METALLIC GROUP SRL
LEI         785.57,Teleorman,31/1/2023,,Altele,Marketing,,,METALLIC GROUP SRL
LEI         330.00,Cheltuieli comune,31/1/2023,,Bugete Stat,,,,MM ROOF INTERMED SRL
"LEI         6,100.00",Cheltuieli comune,31/1/2023,,Bugete Stat,,,,MM ROOF INTERMED SRL
"LEI         9,806.00",Cheltuieli comune,31/1/2023,,Bugete Stat,,,,MM ROOF INTERMED SRL
LEI         19.64,Cheltuieli comune,31/1/2023,,Angajati,,,,METALLIC GROUP SRL
LEI         29.42,Bucuresti,2/2/2023,,Auto,,Rovigneta,,METALLIC GROUP SRL
"LEI         2,464.01",Cheltuieli comune,2/2/2023,,,Marketing,,,METALLIC GROUP SRL
LEI         137.28,Teleorman,1/2/2023,Mihai Coman,Auto,,Rovigneta,B 112 MET,METALLIC GROUP SRL
LEI         138.48,Giurgiu,20/1/2023,Marian Toma,Auto,,Rovigneta,,METALLIC GROUP SRL
LEI         230.00,Constanta,27/1/2023,Razvan Rosu,Auto,,Combustibil,B 107 CRT,MM ROOF INTERMED SRL
LEI         267.70,Giurgiu,3/2/2023,Marian Toma,Auto,,Combustibil,B 133 MET,METALLIC GROUP SRL
LEI         119.00,Constanta,2/2/2023,Oana,Showroom,Utilitati,Altele,,MM ROOF INTERMED SRL
LEI         294.64,Bucuresti,31/1/2023,,Auto,,Leasing,B 132 MET,METALLIC GROUP SRL
LEI         294.64,Teleorman,31/1/2023,,Auto,,Leasing,B 112 MET,METALLIC GROUP SRL
LEI         294.64,Giurgiu,31/1/2023,,Auto,,Leasing,B 133 MET,METALLIC GROUP SRL
LEI         379.00,Bucuresti,3/2/2023,Dragos Frangache,Auto,,Combustibil,B 190 CRT,MM ROOF INTERMED SRL
LEI         884.90,Bucuresti,4/2/2023,,Showroom,Altele,,,METALLIC GROUP SRL
LEI         240.90,Bucuresti,3/2/2023,,Showroom,Altele,,,METALLIC GROUP SRL
LEI         316.00,Bucuresti,3/2/2023,,Showroom,Altele,,,METALLIC GROUP SRL
"LEI         3,004.99",Bucuresti,6/2/2023,,Showroom,Altele,,,METALLIC GROUP SRL
"LEI         1,620.00",Bucuresti,2/2/2023,,Showroom,,,,METALLIC GROUP SRL
"LEI         6,400.00",Bucuresti,6/2/2023,,Showroom,Chirie,,,METALLIC GROUP SRL
LEI         200.00,Bucuresti,6/2/2023,,Showroom,Chirie,,,
LEI         200.00,Constanta,6/2/2023,,Showroom,Chirie,,,MM ROOF INTERMED SRL
"LEI         1,800.00",Constanta,10/2/2023,Oana,Angajati,,,,MM ROOF INTERMED SRL
"LEI         2,000.00",Constanta,10/2/2023,Razvan Rosu,Angajati,,,,MM ROOF INTERMED SRL
LEI         152.36,Constanta,6/2/2023,,Showroom,Utilitati,,,MM ROOF INTERMED SRL
LEI         372.23,Bucuresti,6/2/2023,,Showroom,Altele,,,METALLIC GROUP SRL
LEI         296.00,Bucuresti,,Marian Costache,Auto,,Combustibil,B 101 CRT,
LEI         303.75,Constanta,7/2/2023,Dragos Frangache,Auto,,Combustibil,B 190 CRT,MM ROOF INTERMED SRL
LEI         244.31,Bucuresti,7/2/2023,,Showroom,Altele,,,METALLIC GROUP SRL
LEI         306.48,Bucuresti,31/1/2023,,Showroom,Altele,,,METALLIC GROUP SRL
"LEI         1,673.65",Bucuresti,7/2/2023,,Auto,,Asigurare,B 144 CRT,METALLIC GROUP SRL
LEI         183.26,Bucuresti,2/2/2023,,Showroom,Altele,,,METALLIC GROUP SRL
LEI         580.82,Bucuresti,2/2/2023,Dragos Frangache,Auto,,Asigurare,B 190 CRT,ROOFERS RO
"LEI         1,777.99",Bucuresti,2/2/2023,Dragos Frangache,Auto,,Leasing,B 190 CRT,ROOFERS RO
LEI         42.00,Bucuresti,2/2/2023,,,Consumabile,,,METALLIC GROUP SRL
LEI         470.69,Bucuresti,7/2/2023,,Auto,,Rovigneta,,METALLIC GROUP SRL
LEI         662.77,Bucuresti,7/2/2023,,Auto,,Combustibil,,METALLIC GROUP SRL
"LEI         6,545.00",Cheltuieli comune,2/2/2023,,,Marketing,,,METALLIC GROUP SRL
LEI         309.60,Bucuresti,2/2/2023,Marian Costache,Auto,,Combustibil,IF 34 MDM,METALLIC GROUP SRL
LEI         260.10,Bucuresti,2/7/2023,Bebe Marius,Auto,,Combustibil,B 132 MET,METALLIC GROUP SRL
LEI         146.14,Giurgiu,2/2/2023,Marian Toma,,Altele,,,METALLIC GROUP SRL
"LEI         3,480.59",Cheltuieli comune,2/2/2023,,,Altele,,,METALLIC GROUP SRL
LEI         130.80,Bucuresti,8/2/2023,,Showroom,Consumabile,,,METALLIC GROUP SRL
LEI         140.00,,8/2/2023,Iulian Marcu,Auto,,Service,B 170 CRT,METALLIC GROUP SRL
LEI         12.09,Bucuresti,2/2/2023,,,Altele,,,METALLIC GROUP SRL
LEI         151.68,Constanta,8/2/2023,Razvan Rosu,Auto,,Combustibil,B 107 CRT,MM ROOF INTERMED SRL
LEI         276.36,Giurgiu,9/2/2023,Marian Toma,Auto,,Combustibil,B 133 MET,
"LEI         1,500.00",Teleorman,9/2/2023,,,Chirie,,,METALLIC GROUP SRL
"LEI         2,150.00",Bucuresti,10/2/2023,,,Chirie,,,METALLIC GROUP SRL
LEI         348.99,Constanta,9/2/2023,Dragos Frangache,Auto,,Combustibil,B 190 CRT,MM ROOF INTERMED SRL
LEI         273.45,Giurgiu,10/2/2023,Marian Toma,Auto,,Asigurare,B 133 MET,METALLIC GROUP SRL
"LEI         1,783.06",Giurgiu,10/2/2023,Marian Toma,Auto,,Leasing,B 133 MET,METALLIC GROUP SRL
LEI         297.90,Bucuresti,10/2/2023,Bebe Marius,Auto,,Asigurare,B 132 MET,METALLIC GROUP SRL
"LEI         1,687.20",Bucuresti,10/2/2023,Bebe Marius,Auto,,Leasing,B 132 MET,METALLIC GROUP SRL
LEI         273.45,Teleorman,10/2/2023,Mihai Coman,Auto,,Asigurare,B 112 MET,METALLIC GROUP SRL
"LEI         1,783.06",Teleorman,10/2/2023,Mihai Coman,Auto,,Leasing,B 112 MET,METALLIC GROUP SRL
"LEI         1,181.28",Bucuresti,1/2/2023,,,Marketing,,,METALLIC GROUP SRL
LEI         53.81,Bucuresti,2/2/2023,,,Marketing,,,METALLIC GROUP SRL
LEI         650.00,Cheltuieli comune,2/2/2023,,,,,,METALLIC GROUP SRL
LEI         100.00,Cheltuieli comune,2/2/2023,,,,,,METALLIC GROUP SRL
"LEI         1,900.00",Cheltuieli comune,2/2/2023,,,,,,METALLIC GROUP SRL
"LEI         16,000.00",Cheltuieli comune,2/2/2023,,,,,,METALLIC GROUP SRL
LEI         100.00,Cheltuieli comune,2/2/2023,,,,,,METALLIC GROUP SRL
"LEI         4,000.00",Cheltuieli comune,2/2/2023,,,,,,METALLIC GROUP SRL
LEI         283.42,Giurgiu,15/2/2023,Adrian Radu,Auto,,Combustibil,IF 83 CRT,
LEI         185.64,Bucuresti,14/2/2023,,Showroom,Consumabile,,,
LEI         183.71,Bucuresti,13/2/2023,,Showroom,Consumabile,,,
LEI         275.00,Bucuresti,13/2/2023,,Auto,,Altele,,
LEI         9.52,Bucuresti,13/2/2023,,Showroom,Consumabile,,,
"LEI         21,518.48",Cheltuieli comune,2/2/2023,,Generale,Marketing,,,METALLIC GROUP SRL
"LEI         1,458.00",Constanta,15/2/2023,Oana,Showroom,Altele,,,MM ROOF INTERMED SRL
LEI         320.00,Constanta,10/2/2023,,Angajati,,,,MM ROOF INTERMED SRL
LEI         300.00,Constanta,10/2/2023,Razvan Rosu,Angajati,,,,MM ROOF INTERMED SRL
LEI         600.00,Bucuresti,10/2/2023,Dragos Frangache,Angajati,,,,MM ROOF INTERMED SRL
"LEI         1,000.00",Bucuresti,10/2/2023,Dragos Frangache,Angajati,,,,MM ROOF INTERMED SRL
LEI         320.00,Bucuresti,10/2/2023,Dragos Frangache,Angajati,,,,
LEI         265.93,Constanta,15/2/2023,Razvan Rosu,Auto,,Combustibil,B 107 CRT,MM ROOF INTERMED SRL
"LEI         2,920.70",Constanta,15/2/2023,,Showroom,Altele,,,MM ROOF INTERMED SRL
"LEI         2,040.00",Teleorman,10/2/2023,Mihai Coman,Angajati,,,,METALLIC GROUP SRL
LEI         320.00,Teleorman,10/2/2023,Mihai Coman,Angajati,,,,METALLIC GROUP SRL
LEI         890.00,Teleorman,2/2/2023,Mihai Coman,Angajati,,,,METALLIC GROUP SRL
"LEI         2,000.00",Bucuresti,10/2/2023,Marian Costache,Angajati,,,,METALLIC GROUP SRL
LEI         300.00,Bucuresti,10/2/2023,Marian Costache,Angajati,,,,METALLIC GROUP SRL
LEI         320.00,Bucuresti,10/2/2023,Marian Costache,Angajati,,,,METALLIC GROUP SRL
"LEI         2,000.00",Bucuresti,10/2/2023,Bebe Marius,Angajati,,,,METALLIC GROUP SRL
LEI         300.00,Bucuresti,10/2/2023,Bebe Marius,Angajati,,,,METALLIC GROUP SRL
LEI         320.00,Bucuresti,10/2/2023,Bebe Marius,Angajati,,,,METALLIC GROUP SRL
"LEI         1,844.00",Bucuresti,10/2/2023,,Angajati,,,,METALLIC GROUP SRL
LEI         320.00,Bucuresti,10/2/2023,,Angajati,,,,METALLIC GROUP SRL
"LEI         2,000.00",Bucuresti,10/2/2023,Dana Marcu,Angajati,,,,METALLIC GROUP SRL
LEI         320.00,Bucuresti,10/2/2023,Dana Marcu,Angajati,,,,METALLIC GROUP SRL
"LEI         3,000.00",Bucuresti,10/2/2023,Iulian Marcu,Angajati,,,,METALLIC GROUP SRL
LEI         320.00,Bucuresti,10/2/2023,Iulian Marcu,Angajati,,,,METALLIC GROUP SRL
LEI         310.10,Bucuresti,16/2/2023,Bebe Marius,Auto,,Combustibil,B 132 MET,METALLIC GROUP SRL
"LEI         2,300.00",Bucuresti,2/2/2023,Bebe Marius,Angajati,,,,METALLIC GROUP SRL
"LEI         2,000.00",Bucuresti,2/2/2023,Marian Costache,Angajati,,,,METALLIC GROUP SRL
"LEI         2,512.00",Bucuresti,10/2/2023,RALUCA Munteanu,Angajati,,,,METALLIC GROUP SRL
"LEI         1,500.00",Bucuresti,10/2/2023,RALUCA Munteanu,Angajati,,,,METALLIC GROUP SRL
LEI         280.00,Bucuresti,10/2/2023,RALUCA Munteanu,Angajati,,,,METALLIC GROUP SRL
"LEI         2,178.00",Bucuresti,10/2/2023,Adrian Radu,Angajati,,,,METALLIC GROUP SRL
LEI         320.00,Bucuresti,10/2/2023,Adrian Radu,Angajati,,,,METALLIC GROUP SRL
"LEI         2,321.00",Bucuresti,10/2/2023,,Angajati,,,,METALLIC GROUP SRL
LEI         700.00,Bucuresti,10/2/2023,,Angajati,,,,METALLIC GROUP SRL
LEI         300.00,Bucuresti,10/2/2023,,Angajati,,,,METALLIC GROUP SRL
"LEI         2,000.00",Giurgiu,10/2/2023,Cristina Toma,Angajati,,,,METALLIC GROUP SRL
LEI         320.00,Giurgiu,10/2/2023,Cristina Toma,Angajati,,,,METALLIC GROUP SRL
"LEI         2,034.00",Giurgiu,10/2/2023,Marian Toma,Angajati,,,,METALLIC GROUP SRL
"LEI         1,500.00",Giurgiu,10/2/2023,Marian Toma,Angajati,,,,METALLIC GROUP SRL
LEI         320.00,Giurgiu,10/2/2023,Marian Toma,Angajati,,,,METALLIC GROUP SRL
"LEI         1,580.00",Giurgiu,2/2/2023,Marian Toma,Angajati,,,,METALLIC GROUP SRL
"LEI         2,500.00",Bucuresti,10/2/2023,Alexandru Croitoru,Angajati,,,,MM ROOF INTERMED SRL
LEI         500.00,Bucuresti,10/2/2023,Alexandru Croitoru,Angajati,,,,MM ROOF INTERMED SRL
LEI         320.00,Bucuresti,10/2/2023,Alexandru Croitoru,Angajati,,,,MM ROOF INTERMED SRL
LEI         26.00,Bucuresti,15/2/2023,Iulian Marcu,Auto,,Altele,B 170 CRT,
"LEI         3,810.68",Constanta,17/1/2023,,,Utilitati,,,MM ROOF INTERMED SRL
LEI         30.99,Bucuresti,20/2/2023,Marian Costache,Auto,,Altele,B 101 CRT,METALLIC GROUP SRL
LEI         269.92,Bucuresti,20/2/2023,,Showroom,Altele,,,METALLIC GROUP SRL
LEI         376.68,Constanta,20/2/2023,Dragos Frangache,Auto,,Combustibil,B 190 CRT,MM ROOF INTERMED SRL
LEI         78.98,Bucuresti,21/2/2023,,Showroom,Altele,,,METALLIC GROUP SRL
LEI         82.00,Giurgiu,20/2/2023,Marian Toma,Showroom,Altele,,,
"LEI         1,071.00",Cheltuieli comune,1/2/2023,,Generale,,,,METALLIC GROUP SRL
LEI         357.00,Cheltuieli comune,1/2/2023,,Generale,,,,MM ROOF INTERMED SRL
LEI         357.00,Cheltuieli comune,1/2/2023,,Generale,,,,ROOFERS RO
LEI         100.00,Bucuresti,22/2/2023,Marian Costache,PLIANTE,,,,METALLIC GROUP SRL
LEI         660.00,Teleorman,22/2/2023,Mihai Coman,PLIANTE,,,,METALLIC GROUP SRL
LEI         296.71,Giurgiu,22/2/2023,Marian Toma,Auto,,Combustibil,B 133 MET,
LEI         71.88,Giurgiu,8/2/2023,,Showroom,Utilitati,,,METALLIC GROUP SRL
LEI         245.53,Cheltuieli comune,23/2/2023,,Generale,Marketing,,,METALLIC GROUP SRL
LEI         210.99,Cheltuieli comune,23/2/2023,,Generale,,,,METALLIC GROUP SRL
LEI         335.00,Giurgiu,23/2/2023,Adrian Radu,Auto,,Combustibil,IF 83 CRT,
LEI         401.56,Bucuresti,24/2/2023,Dragos Frangache,Auto,,Combustibil,B 190 CRT,
LEI         800.00,Constanta,24/2/2023,Oana,PLIANTE,,,,MM ROOF INTERMED SRL
"LEI         3,345.29",Cheltuieli comune,24/2/2023,,Generale,Marketing,,,METALLIC GROUP SRL
LEI         260.11,Bucuresti,23/2/2023,Bebe Marius,Auto,,Combustibil,B 132 MET,METALLIC GROUP SRL
"LEI         4,500.00",Cheltuieli comune,17/1/2023,,Generale,Marketing,,,METALLIC GROUP SRL
LEI         54.61,Bucuresti,24/2/2023,,Showroom,Consumabile,,,METALLIC GROUP SRL
LEI         214.77,Bucuresti,22/2/2023,RALUCA Munteanu,Auto,,Combustibil,B 720 MRR,METALLIC GROUP SRL
LEI         400.00,Bucuresti,27/2/2023,Marian Costache,PLIANTE,,,,METALLIC GROUP SRL
LEI         555.31,Constanta,22/2/2023,Razvan Rosu,Auto,,Service,B 107 CRT,METALLIC GROUP SRL
LEI         306.85,Cheltuieli comune,22/2/2023,,Generale,,,,METALLIC GROUP SRL
LEI         94.96,Bucuresti,20/2/2023,,Showroom,Altele,,,METALLIC GROUP SRL
"LEI         3,345.29",Cheltuieli comune,20/2/2023,,,,,,METALLIC GROUP SRL
LEI         284.61,Constanta,21/2/2023,Razvan Rosu,Auto,,Combustibil,B 107 CRT,MM ROOF INTERMED SRL
LEI         290.54,Constanta,28/2/2023,Razvan Rosu,Auto,,Combustibil,B 107 CRT,MM ROOF INTERMED SRL
LEI         260.10,Bucuresti,28/2/2023,Bebe Marius,Auto,,Combustibil,B 132 MET,METALLIC GROUP SRL
"LEI         1,476.00",Giurgiu,1/3/2023,,Showroom,Chirie,,,
LEI         242.07,Constanta,27/2/2023,,Showroom,Utilitati,,,MM ROOF INTERMED SRL
"LEI         1,327.22",Cheltuieli comune,27/2/2023,,Generale,Utilitati,,,METALLIC GROUP SRL
LEI         130.00,Constanta,27/2/2023,Razvan Rosu,Auto,,Altele,,MM ROOF INTERMED SRL
LEI         238.00,Cheltuieli comune,27/2/2023,,,Utilitati,,,MM ROOF INTERMED SRL
LEI         952.00,Cheltuieli comune,27/2/2023,,,Utilitati,,,METALLIC GROUP SRL
"LEI         11,624.79",Cheltuieli comune,1/3/2023,,Generale,Marketing,,,METALLIC GROUP SRL
LEI         311.00,Bucuresti,,Marian Costache,Auto,,Combustibil,B 101 CRT,
LEI         293.11,Giurgiu,1/1/2023,Marian Toma,Auto,,Combustibil,B 133 MET,
LEI         90.00,Constanta,2/3/2023,Oana,,Utilitati,,,MM ROOF INTERMED SRL
LEI         240.00,Bucuresti,2/3/2023,Bebe Marius,PLIANTE,,,,METALLIC GROUP SRL
LEI         480.00,Teleorman,1/3/2023,Mihai Coman,PLIANTE,,,,METALLIC GROUP SRL
LEI         480.00,Teleorman,2/3/2023,Mihai Coman,PLIANTE,,,,METALLIC GROUP SRL
LEI         361.52,Bucuresti,2/3/2023,Dragos Frangache,Auto,,Combustibil,B 190 CRT,MM ROOF INTERMED SRL
LEI         240.00,Bucuresti,3/3/2023,Bebe Marius,PLIANTE,,,,METALLIC GROUP SRL
"LEI         1,080.00",Cheltuieli comune,2/3/2023,,Generale,Marketing,,,METALLIC GROUP SRL
"LEI         1,904.00",Cheltuieli comune,2/3/2023,,Generale,Marketing,,,METALLIC GROUP SRL
LEI         12.00,Cheltuieli comune,1/3/2023,,Generale,Marketing,,,METALLIC GROUP SRL
"LEI         2,230.00",Giurgiu,1/3/2023,,Showroom,Utilitati,,,
LEI         360.00,Giurgiu,2/3/2023,Adrian Radu,PLIANTE,,,,
LEI         240.00,Bucuresti,2/3/2023,Marian Costache,PLIANTE,,,,
LEI         10.00,Cheltuieli comune,25/1/2023,,Bugete Stat,,,,ROOFERS RO
LEI         950.00,Cheltuieli comune,25/1/2023,,Bugete Stat,,,,ROOFERS RO
LEI         533.98,Constanta,1/3/2023,,Showroom,Utilitati,,,MM ROOF INTERMED SRL
LEI         340.00,Cheltuieli comune,25/1/2023,,Bugete Stat,,,,MM ROOF INTERMED SRL
"LEI         6,100.00",Cheltuieli comune,25/1/2023,,Bugete Stat,,,,MM ROOF INTERMED SRL
LEI         900.00,Cheltuieli comune,25/1/2023,,Bugete Stat,,,,METALLIC GROUP SRL
"LEI         14,700.00",Cheltuieli comune,25/1/2023,,Bugete Stat,,,,METALLIC GROUP SRL
"LEI         1,800.00",Cheltuieli comune,25/1/2023,,Bugete Stat,,,,METALLIC GROUP SRL
LEI         533.98,Constanta,3/3/2023,,Showroom,Utilitati,,,MM ROOF INTERMED SRL
"LEI         1,115.00",Constanta,3/3/2023,Oana,PLIANTE,,,,MM ROOF INTERMED SRL
"LEI         1,851.73",Constanta,28/2/2023,,Auto,,Asigurare,,MM ROOF INTERMED SRL
"LEI         19,068.22",Constanta,28/2/2023,,Auto,,Leasing,,MM ROOF INTERMED SRL
"LEI         19,068.22",Constanta,28/2/2023,,Auto,,Leasing,,MM ROOF INTERMED SRL
LEI         324.13,Constanta,28/2/2023,,Auto,,Asigurare,,MM ROOF INTERMED SRL
LEI         357.71,Constanta,28/2/2023,,Auto,,Altele,,MM ROOF INTERMED SRL
"LEI         19,468.05",Bucuresti,28/2/2023,,Auto,,Leasing,,MM ROOF INTERMED SRL
LEI         825.00,Constanta,6/3/2023,,Showroom,Altele,,,METALLIC GROUP SRL
LEI         500.00,Teleorman,3/3/2023,Mihai Coman,PLIANTE,,,,METALLIC GROUP SRL
LEI         240.00,Teleorman,4/3/2023,Mihai Coman,PLIANTE,,,,METALLIC GROUP SRL
LEI         360.00,Bucuresti,6/3/2023,Marian Costache,PLIANTE,,,,
LEI         183.26,Bucuresti,1/3/2023,,Altele,Altele,,,METALLIC GROUP SRL
LEI         119.00,Constanta,1/3/2023,,Altele,,,,METALLIC GROUP SRL
"LEI         2,200.00",Giurgiu,6/3/2023,Marian Toma,Angajati,,,,METALLIC GROUP SRL
"LEI         2,000.00",Teleorman,3/3/2023,Mihai Coman,Angajati,,,,METALLIC GROUP SRL
LEI         360.00,Giurgiu,6/3/2023,Marian Toma,PLIANTE,,,,
LEI         360.00,Giurgiu,3/3/2023,Adrian Radu,PLIANTE,,,,
LEI         280.10,Bucuresti,6/6/2023,Bebe Marius,Auto,,Combustibil,B 132 MET,METALLIC GROUP SRL
LEI         490.00,Constanta,6/3/2023,Oana,PLIANTE,,,,MM ROOF INTERMED SRL
LEI         306.48,Bucuresti,28/2/2023,,Showroom,Utilitati,,,METALLIC GROUP SRL
LEI         78.12,Bucuresti,16/2/2023,,Altele,,,,METALLIC GROUP SRL
LEI         564.00,Cheltuieli comune,31/1/2023,,Bugete Stat,,,,METALLIC GROUP SRL
"LEI         6,522.00",Cheltuieli comune,31/1/2023,,Bugete Stat,,,,MM ROOF INTERMED SRL
"LEI         7,995.00",Cheltuieli comune,7/3/2023,,Altele,Consumabile,,,METALLIC GROUP SRL
LEI         340.00,Cheltuieli comune,7/3/2023,,Generale,,,,METALLIC GROUP SRL
LEI         580.00,Constanta,7/3/2023,Oana,PLIANTE,,,,MM ROOF INTERMED SRL
LEI         170.17,Bucuresti,7/3/2023,,Showroom,Altele,,,METALLIC GROUP SRL
"LEI         6,400.00",Bucuresti,6/3/2023,,Showroom,Chirie,,,METALLIC GROUP SRL
LEI         200.00,Constanta,6/3/2023,,Showroom,Chirie,,,MM ROOF INTERMED SRL
LEI         200.00,Bucuresti,6/3/2023,,Showroom,Chirie,,,ROOFERS RO
LEI         240.00,Bucuresti,8/3/2023,Bebe Marius,PLIANTE,,,,METALLIC GROUP SRL
LEI         70.00,Bucuresti,7/3/2023,,Generale,,,,METALLIC GROUP SRL
LEI         200.00,Bucuresti,7/3/2023,Marian Costache,PLIANTE,,,,METALLIC GROUP SRL
LEI         240.00,Teleorman,6/3/2023,Mihai Coman,PLIANTE,,,,METALLIC GROUP SRL
LEI         240.00,Teleorman,7/3/2023,Mihai Coman,PLIANTE,,,,METALLIC GROUP SRL
LEI         146.64,"Teleorman, Giurgiu",7/3/2023,,Showroom,Altele,,,METALLIC GROUP SRL
LEI         399.66,Bucuresti,7/3/2023,,Altele,,,,METALLIC GROUP SRL
LEI         240.10,"Constanta, Bucuresti",6/3/2023,,Altele,Altele,,,MM ROOF INTERMED SRL
"LEI         1,785.52",Bucuresti,6/3/2023,Dragos Frangache,Auto,,Asigurare,,ROOFERS RO
LEI         583.29,Bucuresti,6/3/2023,Dragos Frangache,Auto,,Leasing,,ROOFERS RO
LEI         240.00,Giurgiu,7/3/2023,Marian Toma,PLIANTE,,,,
LEI         360.00,Giurgiu,9/3/2023,Marian Toma,PLIANTE,,,,
LEI         335.00,Giurgiu,8/3/2023,Adrian Radu,Auto,,Combustibil,IF 83 CRT,
LEI         240.00,Bucuresti,8/3/2023,Marian Costache,PLIANTE,,,,METALLIC GROUP SRL
,,,,,,,,
LEI         410.00,Constanta,8/3/2023,Oana,PLIANTE,,,,MM ROOF INTERMED SRL
"LEI         2,870.00",Constanta,8/3/2023,Dragos Frangache,Altele,,,,MM ROOF INTERMED SRL
"LEI         1,200.00",Constanta,9/3/2023,,Angajati,Altele,,,MM ROOF INTERMED SRL
LEI         240.00,Constanta,9/3/2023,Oana,PLIANTE,,,,MM ROOF INTERMED SRL
"LEI         2,150.00",Bucuresti,9/3/2023,Dragos Frangache,,Chirie,,,METALLIC GROUP SRL
"LEI         1,500.00",Teleorman,9/3/2023,Mihai Coman,Showroom,Chirie,,,METALLIC GROUP SRL
LEI         296.79,Giurgiu,7/3/2023,Marian Toma,Auto,,Combustibil,B 133 MET,
LEI         300.00,Giurgiu,9/3/2023,Adrian Radu,PLIANTE,,,,
LEI         360.00,Giurgiu,9/3/2023,Marian Toma,PLIANTE,,,,
LEI         209.99,Giurgiu,9/3/2023,Marian Toma,Showroom,Consumabile,,,
LEI         240.00,Bucuresti,10/3/2023,Bebe Marius,PLIANTE,,,,METALLIC GROUP SRL
LEI         240.00,Bucuresti,9/3/2023,Marian Costache,PLIANTE,,,,METALLIC GROUP SRL
LEI         360.00,Teleorman,9/3/2023,Mihai Coman,PLIANTE,,,,METALLIC GROUP SRL
LEI         261.02,Bucuresti,10/1/2023,Bebe Marius,Auto,,Combustibil,B 132 MET,
"LEI         2,029.00",Teleorman,10/3/2023,Mihai Coman,Angajati,,,,METALLIC GROUP SRL
LEI         400.00,Teleorman,10/3/2023,Mihai Coman,Angajati,,,,METALLIC GROUP SRL
"LEI         1,999.00",Teleorman,10/3/2023,Mihai Coman,Angajati,,,,METALLIC GROUP SRL
"LEI         2,000.00",Bucuresti,10/3/2023,Marian Costache,Angajati,,,,METALLIC GROUP SRL
LEI         400.00,Bucuresti,10/3/2023,Marian Costache,Angajati,,,,METALLIC GROUP SRL
LEI         300.00,Bucuresti,10/3/2023,Marian Costache,Angajati,,,,METALLIC GROUP SRL
"LEI         2,000.00",Bucuresti,10/3/2023,Bebe Marius,Angajati,,,,METALLIC GROUP SRL
LEI         400.00,Bucuresti,10/3/2023,Bebe Marius,Angajati,,,,METALLIC GROUP SRL
LEI         300.00,Bucuresti,10/3/2023,Bebe Marius,Angajati,,,,METALLIC GROUP SRL
"LEI         2,166.00",Bucuresti,10/3/2023,Bebe Marius,Angajati,,,,METALLIC GROUP SRL
"LEI         1,835.00",Bucuresti,10/3/2023,,Angajati,,,,METALLIC GROUP SRL
LEI         400.00,Bucuresti,10/3/2023,,Angajati,,,,METALLIC GROUP SRL
"LEI         2,000.00",Bucuresti,10/3/2023,Dana Marcu,Angajati,,,,METALLIC GROUP SRL
LEI         400.00,Bucuresti,10/3/2023,Dana Marcu,Angajati,,,,METALLIC GROUP SRL
"LEI         3,000.00",Bucuresti,10/3/2023,Iulian Marcu,Angajati,,,,METALLIC GROUP SRL
LEI         400.00,Bucuresti,10/3/2023,Iulian Marcu,Angajati,,,,METALLIC GROUP SRL
"LEI         2,503.00",Bucuresti,10/3/2023,RALUCA Munteanu,Angajati,,,,METALLIC GROUP SRL
LEI         360.00,Bucuresti,10/3/2023,RALUCA Munteanu,Angajati,,,,METALLIC GROUP SRL
"LEI         1,500.00",Bucuresti,10/3/2023,RALUCA Munteanu,Angajati,,,,METALLIC GROUP SRL
"LEI         1,973.00",Giurgiu,10/3/2023,Adrian Radu,Angajati,,,,METALLIC GROUP SRL
LEI         340.00,Giurgiu,10/3/2023,Adrian Radu,Angajati,,,,METALLIC GROUP SRL
"LEI         2,310.00",Bucuresti,10/3/2023,,Angajati,,,,METALLIC GROUP SRL
LEI         380.00,Bucuresti,10/3/2023,,Angajati,,,,METALLIC GROUP SRL
LEI         700.00,Bucuresti,10/3/2023,,Angajati,,,,METALLIC GROUP SRL
"LEI         2,000.00",Giurgiu,10/3/2023,Cristina Toma,Angajati,,,,METALLIC GROUP SRL
LEI         400.00,Giurgiu,10/3/2023,Cristina Toma,Angajati,,,,METALLIC GROUP SRL
"LEI         2,023.00",Giurgiu,10/3/2023,Marian Toma,Angajati,,,,METALLIC GROUP SRL
LEI         400.00,Giurgiu,10/3/2023,Marian Toma,Angajati,,,,METALLIC GROUP SRL
"LEI         1,500.00",Giurgiu,10/3/2023,Marian Toma,Angajati,,,,METALLIC GROUP SRL
"LEI         2,200.00",Giurgiu,10/3/2023,Marian Toma,Angajati,,,,METALLIC GROUP SRL
LEI         321.00,Bucuresti,10/3/2023,,Angajati,,,,METALLIC GROUP SRL
"LEI         2,500.00",Bucuresti,10/3/2023,Alexandru Croitoru,Angajati,,,,MM ROOF INTERMED SRL
LEI         500.00,Bucuresti,10/3/2023,Alexandru Croitoru,Angajati,,,,MM ROOF INTERMED SRL
LEI         380.00,Bucuresti,10/3/2023,Alexandru Croitoru,Angajati,,,,MM ROOF INTERMED SRL
LEI         361.00,Bucuresti,10/3/2023,Alexandru Croitoru,Angajati,,,,MM ROOF INTERMED SRL
LEI         210.00,Cheltuieli comune,10/3/2023,,,,,,METALLIC GROUP SRL
LEI         226.30,Cheltuieli comune,10/3/2023,,Altele,,,,METALLIC GROUP SRL
"LEI         1,103.37",Cheltuieli comune,10/3/2023,,Generale,Marketing,,,METALLIC GROUP SRL
LEI         737.40,Bucuresti,10/3/2023,,Auto,Altele,,,MM ROOF INTERMED SRL
LEI         274.88,Bucuresti,10/3/2023,Bebe Marius,Auto,,Asigurare,B 132 MET,METALLIC GROUP SRL
LEI         299.45,Giurgiu,10/3/2023,Marian Toma,Auto,,Asigurare,B 133 MET,METALLIC GROUP SRL
LEI         274.88,Teleorman,10/3/2023,Mihai Coman,Auto,,Asigurare,B 112 MET,METALLIC GROUP SRL
"LEI         1,792.40",Bucuresti,10/3/2023,Bebe Marius,Auto,,Leasing,B 132 MET,METALLIC GROUP SRL
"LEI         1,792.40",Teleorman,10/3/2023,Mihai Coman,Auto,,Leasing,B 112 MET,METALLIC GROUP SRL
"LEI         1,696.04",Giurgiu,10/3/2023,Marian Toma,Auto,,Leasing,B 133 MET,METALLIC GROUP SRL
LEI         240.00,Bucuresti,13/3/2023,Bebe Marius,PLIANTE,,,,METALLIC GROUP SRL
LEI         500.00,Bucuresti,13/3/2023,,Auto,,Service,,METALLIC GROUP SRL
LEI         290.00,Constanta,10/3/2023,Razvan Rosu,Auto,,Combustibil,B 107 CRT,MM ROOF INTERMED SRL
LEI         83.00,Constanta,9/3/2023,Razvan Rosu,Showroom,,,,MM ROOF INTERMED SRL
LEI         345.00,Giurgiu,13/3/2023,Adrian Radu,PLIANTE,,,,
LEI         132.87,Giurgiu,13/3/2023,Marian Toma,"Auto, PLIANTE",,Combustibil,,
LEI         71.88,Giurgiu,13/3/2023,Marian Toma,Showroom,,Altele,,
LEI         209.99,Giurgiu,9/3/2023,Marian Toma,Showroom,,Altele,,
LEI         120.00,Bucuresti,13/3/2023,Marian Costache,PLIANTE,,,,
LEI         389.52,Constanta,14/3/2023,Dragos Frangache,Auto,,Combustibil,B 190 CRT,MM ROOF INTERMED SRL
LEI         240.00,Teleorman,11/3/2023,Mihai Coman,PLIANTE,,,,METALLIC GROUP SRL
LEI         360.00,Teleorman,13/3/2023,Mihai Coman,PLIANTE,,,,METALLIC GROUP SRL
LEI         361.42,Bucuresti,14/3/2023,Dana Marcu,Auto,,Combustibil,IF 34 MDM,METALLIC GROUP SRL
LEI         800.00,Cheltuieli comune,14/3/2023,,Bugete Stat,,,,METALLIC GROUP SRL
"LEI         2,500.00",Cheltuieli comune,14/3/2023,,Bugete Stat,,,,METALLIC GROUP SRL
"LEI         16,000.00",Cheltuieli comune,14/3/2023,,Bugete Stat,,,,METALLIC GROUP SRL
"LEI         4,600.00",Cheltuieli comune,14/3/2023,,Bugete Stat,,,,METALLIC GROUP SRL
LEI         105.60,Bucuresti,14/3/2023,,Showroom,Consumabile,,,
LEI         292.00,Constanta,15/3/2023,Razvan Rosu,Auto,,Combustibil,B 107 CRT,MM ROOF INTERMED SRL
LEI         200.00,Giurgiu,15/3/2023,Marian Toma,Auto,,Altele,"B 133 MET, IF 83 CRT",
"LEI         1,064.05",Bucuresti,15/3/2023,,Showroom,Consumabile,,,METALLIC GROUP SRL
"LEI         1,100.00",Constanta,16/3/2023,,Altele,,,,MM ROOF INTERMED SRL
LEI         295.10,Bucuresti,15/1/2023,Bebe Marius,Auto,,Combustibil,B 132 MET,
LEI         130.80,Bucuresti,16/3/2023,,Showroom,Consumabile,,,METALLIC GROUP SRL
LEI         365.73,Cheltuieli comune,17/3/2023,,Generale,,,,METALLIC GROUP SRL
LEI         375.83,Constanta,20/3/2023,Dragos Frangache,Auto,,Combustibil,B 190 CRT,MM ROOF INTERMED SRL
"LEI         2,735.46",Cheltuieli comune,17/3/2023,,Angajati,Marketing,,,"METALLIC GROUP SRL, MM ROOF INTERMED SRL"
LEI         269.51,Giurgiu,16/3/2023,Marian Toma,Auto,,Combustibil,B 133 MET,
"LEI         3,304.29",Giurgiu,20/3/2023,Adrian Radu,Auto,,Service,IF 83 CRT,
LEI         50.00,Constanta,21/3/2023,Oana,Showroom,Utilitati,,,MM ROOF INTERMED SRL
LEI         310.18,Giurgiu,21/3/2023,Marian Toma,Auto,,Combustibil,B 133 MET,
LEI         268.64,Giurgiu,21/3/2023,Adrian Radu,Auto,,Combustibil,IF 83 CRT,
LEI         269.16,Bucuresti,21/3/2023,Bebe Marius,Auto,,Combustibil,B 132 MET,
LEI         277.32,Constanta,22/3/2023,Razvan Rosu,Auto,,Combustibil,B 107 CRT,MM ROOF INTERMED SRL
LEI         994.50,Constanta,20/3/2023,Razvan Rosu,Auto,,Asigurare,B 107 CRT,MM ROOF INTERMED SRL
"LEI         1,851.73",Constanta,20/3/2023,,Auto,,Asigurare,,MM ROOF INTERMED SRL
"LEI         1,851.73",Bucuresti,20/3/2023,,Auto,,Asigurare,,
LEI         290.20,Bucuresti,20/3/2023,,Auto,,Asigurare,,
LEI         290.20,Bucuresti,20/3/2023,,Auto,,Asigurare,,
"LEI         1,656.63",Bucuresti,20/3/2023,,Auto,,Leasing,,
LEI         709.60,Bucuresti,20/3/2023,,Auto,,Altele,,
LEI         294.81,Constanta,20/3/2023,,Auto,,Asigurare,,MM ROOF INTERMED SRL
"LEI         2,487.10",Constanta,22/3/2023,,Showroom,Chirie,,,MM ROOF INTERMED SRL
"LEI         5,063.45",Cheltuieli comune,20/3/2023,,Generale,Marketing,,,METALLIC GROUP SRL
"LEI         2,735.46",Cheltuieli comune,17/3/2023,,Generale,Marketing,,,METALLIC GROUP SRL
LEI         98.09,Bucuresti,21/2/2023,,Altele,,,,METALLIC GROUP SRL
LEI         15.85,Constanta,21/2/2023,,Altele,,,,MM ROOF INTERMED SRL
LEI         299.26,Bucuresti,23/3/2023,Mihai Semeniuc,Auto,,Combustibil,B 175 MET,
"LEI         2,807.12",Bucuresti,23/3/2023,,Showroom,Utilitati,,,METALLIC GROUP SRL
LEI         375.85,Bucuresti,23/3/2023,Dragos Frangache,Auto,,Combustibil,B 190 CRT,
LEI         900.00,Bucuresti,28/2/2023,,,,,,ROOFERS RO
"LEI         1,514.00",Bucuresti,24/3/2023,,Auto,Altele,Service,B 144 CRT,METALLIC GROUP SRL
LEI         213.11,Constanta,24/3/2023,Vlad Cismaru,Auto,,Combustibil,B 174 MET,MM ROOF INTERMED SRL
LEI         300.15,Constanta,24/3/2023,Eduard,Auto,,Combustibil,B 170 MET,MM ROOF INTERMED SRL
LEI         300.05,Constanta,27/3/2023,Eduard,Auto,,Combustibil,B 170 MET,MM ROOF INTERMED SRL
LEI         35.70,Constanta,27/3/2023,Eduard,Altele,,,,MM ROOF INTERMED SRL
LEI         280.99,Bucuresti,27/3/2023,Bebe Marius,Auto,,Combustibil,B 132 MET,
LEI         260.30,Bucuresti,28/3/2023,Mihai Semeniuc,Auto,,Combustibil,B 175 MET,
LEI         476.20,Cheltuieli comune,27/3/2023,,Auto,,Altele,,MM ROOF INTERMED SRL
LEI         200.00,Constanta,16/1/2023,,Altele,,Altele,,MM ROOF INTERMED SRL
"LEI         6,900.00",Constanta,27/3/2023,,Bugete Stat,,,,MM ROOF INTERMED SRL
"LEI         3,544.83",Cheltuieli comune,22/3/2023,,Generale,Marketing,,,METALLIC GROUP SRL
"LEI         13,073.77",Cheltuieli comune,21/3/2023,,PLIANTE,,,,METALLIC GROUP SRL
LEI         300.00,Bucuresti,30/3/2023,Dragos Frangache,Auto,,Combustibil,B 190 CRT,MM ROOF INTERMED SRL
"LEI         1,554.59",Cheltuieli comune,22/3/2023,,,Altele,,,METALLIC GROUP SRL
LEI         272.83,Giurgiu,29/3/2023,Marian Toma,Auto,,Combustibil,B 133 MET,
LEI         200.15,Constanta,29/3/2023,Eduard,Auto,,Combustibil,B 170 MET,MM ROOF INTERMED SRL
,,2/4/2023,,,,,,
LEI         186.78,Constanta,30/3/2023,Eduard,Auto,,Combustibil,B 170 MET,MM ROOF INTERMED SRL
LEI         301.07,Constanta,31/3/2023,Eduard,Auto,,Combustibil,B 170 MET,MM ROOF INTERMED SRL
LEI         150.00,Constanta,31/3/2023,Razvan Rosu,Auto,,Combustibil,B 174 MET,MM ROOF INTERMED SRL
LEI         200.00,Constanta,24/3/2023,Razvan Rosu,Auto,,Combustibil,B 107 CRT,MM ROOF INTERMED SRL
LEI         189.99,Bucuresti,30/3/2023,Bebe Marius,Auto,,Combustibil,B 132 MET,
LEI         383.99,Constanta,3/4/2023,Dragos Frangache,Auto,,Combustibil,B 190 CRT,MM ROOF INTERMED SRL
"LEI         12,509.00",Cheltuieli comune,24/3/2023,,Bugete Stat,,,,METALLIC GROUP SRL
"LEI         19,800.00",Cheltuieli comune,26/3/2023,,Bugete Stat,,,,METALLIC GROUP SRL
LEI         183.26,Bucuresti,30/3/2023,,Altele,Altele,,,METALLIC GROUP SRL
LEI         952.00,Bucuresti,30/3/2023,,Altele,Altele,,,METALLIC GROUP SRL
LEI         58.91,Cheltuieli comune,29/3/2023,,Altele,Altele,,,METALLIC GROUP SRL
LEI         238.00,Constanta,29/3/2023,,Altele,Altele,,,MM ROOF INTERMED SRL
"LEI         1,485.00",Giurgiu,3/4/2023,Marian Toma,Showroom,Chirie,,,
LEI         245.00,Giurgiu,30/3/2023,Adrian Radu,Auto,,Combustibil,IF 83 CRT,
LEI         278.71,Constanta,3/4/2023,Razvan Rosu,Auto,,Combustibil,B 107 CRT,MM ROOF INTERMED SRL
LEI         287.71,Constanta,3/4/2023,Razvan Rosu,Auto,,Combustibil,B 174 MET,MM ROOF INTERMED SRL
LEI         733.20,Bucuresti,3/4/2023,,Auto,,Asigurare,B 136 CRT,METALLIC GROUP SRL
LEI         370.37,Cheltuieli comune,3/4/2023,,Generale,,,,METALLIC GROUP SRL
LEI         65.34,Cheltuieli comune,5/4/2023,,Generale,,,,METALLIC GROUP SRL
"LEI         1,500.00",Teleorman,3/4/2023,Mihai Coman,Showroom,Chirie,,,METALLIC GROUP SRL
LEI         59.85,Cheltuieli comune,4/4/2023,,Generale,,,,METALLIC GROUP SRL
LEI         266.99,Constanta,3/4/2023,,Showroom,Utilitati,,,MM ROOF INTERMED SRL
LEI         350.22,Constanta,3/4/2023,Vlad Cismaru,Auto,,Altele,B 174 MET,MM ROOF INTERMED SRL
LEI         350.22,Constanta,3/4/2023,Eduard,Auto,,Altele,B 170 MET,MM ROOF INTERMED SRL
LEI         216.37,Bucuresti,4/4/2023,Marian Costache,Auto,,Service,B 101 CRT,METALLIC GROUP SRL
LEI         41.50,Bucuresti,4/4/2023,Marian Costache,Auto,,Service,B 101 CRT,METALLIC GROUP SRL
LEI         285.42,Bucuresti,4/4/2023,Marian Costache,Auto,,Service,B 101 CRT,METALLIC GROUP SRL
LEI         326.54,Giurgiu,4/4/2023,Marian Toma,Auto,,Combustibil,B 133 MET,
LEI         400.00,,5/4/2023,Marian Toma,Showroom,Marketing,,,
LEI         205.46,Cheltuieli comune,3/4/2023,,Generale,Altele,,,METALLIC GROUP SRL
LEI         53.76,Cheltuieli comune,3/4/2023,,Altele,Altele,,,METALLIC GROUP SRL
LEI         119.00,Constanta,4/4/2023,,Showroom,,,,METALLIC GROUP SRL
LEI         306.48,Bucuresti,4/4/2023,,Showroom,Utilitati,,,METALLIC GROUP SRL
LEI         20.59,Cheltuieli comune,3/4/2023,,Showroom,,,,METALLIC GROUP SRL
"LEI         1,872.00",Constanta,4/4/2023,Razvan Rosu,Angajati,Altele,,,MM ROOF INTERMED SRL
LEI         585.27,Constanta,3/4/2023,Dragos Frangache,Auto,,Asigurare,B 190 CRT,ROOFERS RO
"LEI         1,791.60",Constanta,3/4/2023,Dragos Frangache,Auto,,Leasing,B 190 CRT,ROOFERS RO
LEI         69.97,Bucuresti,6/4/2023,,Showroom,Consumabile,,,METALLIC GROUP SRL
LEI         712.63,Bucuresti,6/4/2023,,Auto,,Service,,METALLIC GROUP SRL
LEI         13.00,Bucuresti,3/4/2023,Iulian Marcu,Auto,,Altele,B 170 CRT,METALLIC GROUP SRL
LEI         13.00,Bucuresti,3/4/2023,Iulian Marcu,Auto,,Altele,B 170 CRT,METALLIC GROUP SRL
LEI         280.02,Bucuresti,7/4/2023,Mihai Semeniuc,Auto,,Combustibil,B 175 MET,METALLIC GROUP SRL
LEI         150.00,Bucuresti,6/4/2023,,Auto,,Combustibil,B 136 CRT,METALLIC GROUP SRL
LEI         50.00,Bucuresti,5/4/2023,,Auto,,Combustibil,B 136 CRT,METALLIC GROUP SRL
LEI         328.91,Constanta,8/4/2023,Dragos Frangache,Auto,,Combustibil,B 190 CRT,MM ROOF INTERMED SRL
LEI         290.00,Bucuresti,7/4/2023,Bebe Marius,Auto,,Combustibil,B 132 MET,METALLIC GROUP SRL
"LEI         2,150.00",Constanta,4/4/2023,Dragos Frangache,,Chirie,,,MM ROOF INTERMED SRL
LEI         146.96,Bucuresti,4/4/2023,,,Utilitati,,,METALLIC GROUP SRL
LEI         284.13,"Constanta, Giurgiu",4/4/2023,,,Utilitati,,,MM ROOF INTERMED SRL
LEI         290.88,Constanta,10/4/2023,,Auto,,Asigurare,B 174 MET,MM ROOF INTERMED SRL
LEI         290.88,Constanta,10/4/2023,,Auto,,Asigurare,B 170 MET,MM ROOF INTERMED SRL
"LEI         1,630.17",Constanta,10/4/2023,,Auto,,Leasing,B 174 MET,MM ROOF INTERMED SRL
"LEI         1,630.17",Constanta,10/4/2023,,Auto,,Leasing,B 170 MET,MM ROOF INTERMED SRL
LEI         712.01,Constanta,10/4/2023,,Auto,,Altele,B 174 MET,MM ROOF INTERMED SRL
LEI         712.01,Constanta,10/4/2023,,Auto,,Altele,B 170 MET,MM ROOF INTERMED SRL
LEI         276.07,Bucuresti,10/4/2023,Bebe Marius,Auto,,Asigurare,B 132 MET,METALLIC GROUP SRL
LEI         276.07,Giurgiu,10/4/2023,Marian Toma,Auto,,Asigurare,B 133 MET,METALLIC GROUP SRL
LEI         300.75,Teleorman,10/4/2023,Mihai Coman,Auto,,Asigurare,B 112 MET,METALLIC GROUP SRL
"LEI         1,800.09",Bucuresti,10/4/2023,Bebe Marius,Auto,,Leasing,B 132 MET,METALLIC GROUP SRL
"LEI         1,800.09",Giurgiu,10/4/2023,Marian Toma,Auto,,Leasing,B 133 MET,METALLIC GROUP SRL
"LEI         1,703.32",Teleorman,10/4/2023,Mihai Coman,Auto,,Leasing,B 112 MET,METALLIC GROUP SRL
"LEI         1,350.65",Bucuresti,11/4/2023,,Auto,,Altele,Stivuitor,METALLIC GROUP SRL
"LEI         6,400.00",Bucuresti,12/4/2023,,Showroom,Chirie,,,METALLIC GROUP SRL
LEI         200.00,Bucuresti,12/4/2023,,Showroom,Chirie,,,ROOFERS RO
LEI         200.00,Constanta,12/4/2023,,Showroom,Chirie,,,MM ROOF INTERMED SRL
LEI         364.89,Bucuresti,12/4/2023,,Showroom,Altele,,,METALLIC GROUP SRL
"LEI         2,021.00",Teleorman,10/4/2023,Mihai Coman,Angajati,,,,METALLIC GROUP SRL
LEI         460.00,Teleorman,10/4/2023,Mihai Coman,Angajati,,,,METALLIC GROUP SRL
"LEI         2,000.00",Bucuresti,10/4/2023,Marian Costache,Angajati,,,,METALLIC GROUP SRL
LEI         380.00,Bucuresti,10/4/2023,Marian Costache,Angajati,,,,METALLIC GROUP SRL
LEI         300.00,Bucuresti,10/4/2023,Marian Costache,Angajati,,,,METALLIC GROUP SRL
"LEI         2,000.00",Bucuresti,10/4/2023,Bebe Marius,Angajati,,,,METALLIC GROUP SRL
LEI         460.00,Bucuresti,10/4/2023,Bebe Marius,Angajati,,,,METALLIC GROUP SRL
LEI         300.00,Bucuresti,10/4/2023,Bebe Marius,Angajati,,,,METALLIC GROUP SRL
"LEI         1,827.00",Bucuresti,10/4/2023,,Angajati,,,,METALLIC GROUP SRL
LEI         460.00,Bucuresti,10/4/2023,,Angajati,,,,METALLIC GROUP SRL
"LEI         2,000.00",Bucuresti,10/4/2023,Dana Marcu,Angajati,,,,METALLIC GROUP SRL
LEI         460.00,Bucuresti,10/4/2023,Dana Marcu,Angajati,,,,METALLIC GROUP SRL
"LEI         3,000.00",Bucuresti,10/4/2023,Iulian Marcu,Angajati,,,,METALLIC GROUP SRL
LEI         460.00,Bucuresti,10/4/2023,Iulian Marcu,Angajati,,,,METALLIC GROUP SRL
"LEI         2,580.00",Bucuresti,10/4/2023,RALUCA Munteanu,Angajati,,,,METALLIC GROUP SRL
LEI         360.00,Bucuresti,10/4/2023,RALUCA Munteanu,Angajati,,,,METALLIC GROUP SRL
"LEI         2,159.00",Bucuresti,10/4/2023,Adrian Radu,Angajati,,,,METALLIC GROUP SRL
LEI         460.00,Bucuresti,10/4/2023,Adrian Radu,Angajati,,,,METALLIC GROUP SRL
"LEI         2,350.00",Bucuresti,10/4/2023,,Angajati,,,,METALLIC GROUP SRL
LEI         400.00,Bucuresti,10/4/2023,,Angajati,,,,METALLIC GROUP SRL
LEI         700.00,Bucuresti,10/4/2023,,Angajati,,,,METALLIC GROUP SRL
"LEI         2,000.00",Bucuresti,10/4/2023,Mihai Semeniuc,Angajati,,,,METALLIC GROUP SRL
LEI         460.00,Bucuresti,10/4/2023,Mihai Semeniuc,Angajati,,,,METALLIC GROUP SRL
"LEI         1,500.00",Bucuresti,10/4/2023,RALUCA Munteanu,Angajati,,,,METALLIC GROUP SRL
"LEI         2,000.00",Giurgiu,10/4/2023,Cristina Toma,Angajati,,,,METALLIC GROUP SRL
LEI         420.00,Giurgiu,10/4/2023,Cristina Toma,Angajati,,,,METALLIC GROUP SRL
"LEI         2,047.00",Giurgiu,10/4/2023,Marian Toma,Angajati,,,,METALLIC GROUP SRL
LEI         420.00,Giurgiu,10/4/2023,Marian Toma,Angajati,,,,METALLIC GROUP SRL
"LEI         1,500.00",Giurgiu,10/4/2023,Marian Toma,Angajati,,,,METALLIC GROUP SRL
LEI         71.88,Giurgiu,11/4/2023,Marian Toma,Showroom,Utilitati,,,METALLIC GROUP SRL
LEI         100.00,Bucuresti,13/4/2023,,Auto,,Combustibil,,METALLIC GROUP SRL
"LEI         1,479.90",Bucuresti,18/4/2023,,Showroom,Altele,,,METALLIC GROUP SRL
LEI         300.06,Bucuresti,19/4/2023,Mihai Semeniuc,Auto,,Combustibil,B 175 MET,
LEI         299.97,Giurgiu,19/4/2023,Marian Toma,Auto,,Combustibil,B 133 MET,
LEI         253.00,Bucuresti,18/4/2023,Bebe Marius,Auto,,Combustibil,B 132 MET,
LEI         82.38,Bucuresti,20/4/2023,,Showroom,Consumabile,,,METALLIC GROUP SRL
LEI         99.94,Bucuresti,22/4/2023,Marketing Metallic Roof,,,Combustibil,B 136 CRT,METALLIC GROUP SRL
"LEI         3,311.66",Constanta,20/4/2023,Dragos Frangache,Showroom,Chirie,,,MM ROOF INTERMED SRL
LEI         295.58,Constanta,20/4/2023,Razvan Rosu,Auto,,Asigurare,B 174 MET,MM ROOF INTERMED SRL
"LEI         1,660.99",Constanta,20/4/2023,,Auto,,Leasing,B 170 MET,MM ROOF INTERMED SRL
LEI         300.05,Bucuresti,25/4/2023,Dragos Frangache,Auto,,Combustibil,B 170 MET,MM ROOF INTERMED SRL
LEI         290.02,Bucuresti,25/4/2023,Dana Marcu,Auto,,Combustibil,IF 34 MDM,METALLIC GROUP SRL
LEI         123.24,Bucuresti,25/4/2023,,,Marketing,,,METALLIC GROUP SRL
"LEI         22,000.00",Cheltuieli comune,25/4/2023,,,,,,METALLIC GROUP SRL
LEI         990.00,Bucuresti,25/4/2023,,,,,,ROOFERS RO
LEI         130.80,Bucuresti,24/4/2023,,Showroom,Consumabile,,,METALLIC GROUP SRL
LEI         64.97,Bucuresti,24/4/2023,,Showroom,Consumabile,,,METALLIC GROUP SRL
"LEI         2,798.00",Cheltuieli comune,25/4/2023,,Generale,Marketing,,,METALLIC GROUP SRL
LEI         219.70,Bucuresti,21/4/2023,RALUCA Munteanu,Auto,,Combustibil,B 720 MRR,METALLIC GROUP SRL
LEI         263.00,,,Bebe Marius,Auto,,Combustibil,B 132 MET,METALLIC GROUP SRL
LEI         720.00,Bucuresti,25/4/2023,Iulian Marcu,Auto,,Altele,,METALLIC GROUP SRL
"LEI         8,000.01",Cheltuieli comune,25/4/2023,,,Marketing,,,METALLIC GROUP SRL
LEI         99.98,Bucuresti,25/4/2023,Marketing Metallic Roof,Auto,,,B 136 CRT,
LEI         690.76,Bucuresti,26/4/2023,,Showroom,Consumabile,,,METALLIC GROUP SRL
LEI         750.00,Cheltuieli comune,26/4/2023,,Generale,Altele,,,MM ROOF INTERMED SRL
LEI         290.00,Bucuresti,28/4/2023,Mihai Semeniuc,Auto,,Combustibil,B 175 MET,
LEI         263.95,Giurgiu,26/4/2023,Marian Toma,Auto,,Combustibil,B 133 MET,
LEI         328.00,Bucuresti,28/5/2023,,Showroom,,,,METALLIC GROUP SRL
"LEI         1,473.51",Cheltuieli comune,28/4/2023,,Generale,Utilitati,,,METALLIC GROUP SRL
LEI         183.26,Bucuresti,28/4/2023,,Showroom,Utilitati,,,METALLIC GROUP SRL
LEI         19.64,Cheltuieli comune,28/4/2023,,Generale,Altele,,,METALLIC GROUP SRL
"LEI         10,600.00",Constanta,28/4/2023,,Bugete Stat,,,,MM ROOF INTERMED SRL
"LEI         2,350.00",Bucuresti,28/4/2023,Iulian Marcu,,,Altele,,METALLIC GROUP SRL
LEI         952.00,Cheltuieli comune,28/4/2023,,Generale,Altele,,,METALLIC GROUP SRL
LEI         297.75,Giurgiu,3/5/2023,Marian Toma,Auto,,Combustibil,,
"LEI         1,480.00",Giurgiu,3/5/2023,Marian Toma,Showroom,Chirie,,,
"LEI         3,649.90",Bucuresti,3/5/2023,Dana Marcu,,,,,METALLIC GROUP SRL
LEI         146.01,Bucuresti,3/5/2023,,Auto,,Combustibil,Stivuitor,METALLIC GROUP SRL
LEI         399.99,Bucuresti,2/5/2023,,Auto,,Combustibil,B 136 CRT,METALLIC GROUP SRL
LEI         150.00,Giurgiu,3/5/2023,Marian Toma,Showroom,Consumabile,,,
LEI         290.14,Constanta,19/4/2023,Razvan Rosu,Auto,,Combustibil,B 174 MET,MM ROOF INTERMED SRL
LEI         287.50,Constanta,2/5/2023,Razvan Rosu,Auto,,Combustibil,B 174 MET,MM ROOF INTERMED SRL
LEI         269.07,Constanta,27/4/2023,Razvan Rosu,Auto,,Combustibil,B 174 MET,MM ROOF INTERMED SRL
LEI         163.00,Constanta,25/4/2023,Razvan Rosu,Auto,,Combustibil,B 174 MET,MM ROOF INTERMED SRL
"LEI         1,917.00",Bucuresti,30/4/2023,Alexandru Croitoru,Angajati,,,,MM ROOF INTERMED SRL
"LEI         2,316.00",Bucuresti,30/4/2023,Bebe Marius,Angajati,,,,METALLIC GROUP SRL
"LEI         1,978.00",Bucuresti,30/4/2023,Marian Costache,Angajati,,,,METALLIC GROUP SRL
"LEI         2,473.00",Giurgiu,30/4/2023,Marian Toma,Angajati,,,,METALLIC GROUP SRL
"LEI         1,872.00",Constanta,30/4/2023,Razvan Rosu,Angajati,,,,MM ROOF INTERMED SRL
LEI         238.00,Constanta,30/4/2023,,Angajati,Altele,,,MM ROOF INTERMED SRL
LEI         220.00,Constanta,4/5/2023,Dana Marcu,,,,,MM ROOF INTERMED SRL
LEI         266.99,Constanta,2/5/2023,,Showroom,Utilitati,,,MM ROOF INTERMED SRL
LEI         119.00,Constanta,2/5/2023,,Showroom,Utilitati,,,METALLIC GROUP SRL
LEI         154.31,Cheltuieli comune,2/5/2023,,Generale,Marketing,,,METALLIC GROUP SRL
LEI         318.99,Constanta,5/5/2023,Dragos Frangache,Auto,,Combustibil,B 190 CRT,MM ROOF INTERMED SRL
LEI         299.97,Bucuresti,6/5/2023,Iulian Marcu,Auto,,Combustibil,B 170 CRT,METALLIC GROUP SRL
LEI         84.99,Bucuresti,6/5/2023,Iulian Marcu,Auto,,Altele,B 170 CRT,METALLIC GROUP SRL
LEI         26.00,Bucuresti,6/5/2023,Iulian Marcu,Auto,,Altele,B 170 CRT,METALLIC GROUP SRL
LEI         280.03,Bucuresti,3/5/2023,Bebe Marius,Auto,,Combustibil,B 132 MET,
LEI         46.20,Bucuresti,8/5/2023,Iulian Marcu,Altele,,Altele,,METALLIC GROUP SRL
LEI         265.54,Bucuresti,6/5/2023,Iulian Marcu,Altele,,Altele,,METALLIC GROUP SRL
"LEI         16,000.00",Cheltuieli comune,30/4/2023,,Bugete Stat,,,,METALLIC GROUP SRL
LEI         42.77,Cheltuieli comune,5/5/2023,,Altele,,,,METALLIC GROUP SRL
LEI         306.48,Bucuresti,9/5/2023,,Showroom,Utilitati,,,METALLIC GROUP SRL
LEI         146.81,"Giurgiu, Teleorman",9/5/2023,,Showroom,Utilitati,,,METALLIC GROUP SRL
"LEI         7,156.00",Constanta,30/4/2023,,Bugete Stat,,,,MM ROOF INTERMED SRL
LEI         240.40,"Constanta, Bucuresti",9/5/2023,,Showroom,Utilitati,,,MM ROOF INTERMED SRL
LEI         280.00,Bucuresti,9/5/2023,,Bugete Stat,,,,ROOFERS RO
LEI         584.26,Constanta,9/5/2023,Dragos Frangache,Auto,,Asigurare,,ROOFERS RO
"LEI         1,788.51",Constanta,9/5/2023,Dragos Frangache,Auto,,Leasing,,ROOFERS RO
LEI         325.43,Constanta,9/5/2023,Dragos Frangache,Auto,,Combustibil,B 190 CRT,MM ROOF INTERMED SRL
LEI         285.00,Bucuresti,9/5/2023,Bebe Marius,Auto,,Combustibil,B 132 MET,
"LEI         2,769.60",Bucuresti,9/5/2023,Iulian Marcu,Auto,,,,METALLIC GROUP SRL
LEI         63.33,Bucuresti,9/5/2023,,,Altele,,,METALLIC GROUP SRL
"LEI         2,150.00",Constanta,9/5/2023,Dragos Frangache,,Chirie,,,METALLIC GROUP SRL
"LEI         1,500.00",Teleorman,10/5/2023,Mihai Coman,,Chirie,,,METALLIC GROUP SRL
LEI         357.00,Constanta,2/5/2023,,Generale,,,,MM ROOF INTERMED SRL
LEI         357.00,Bucuresti,2/5/2023,,Generale,,,,ROOFERS RO
"LEI         1,071.00",Bucuresti,2/5/2023,,Generale,,,,METALLIC GROUP SRL
LEI         38.80,Bucuresti,9/5/2023,,Showroom,Consumabile,,,METALLIC GROUP SRL
LEI         50.00,Bucuresti,8/5/2023,,Showroom,Consumabile,,,METALLIC GROUP SRL
LEI         172.50,Giurgiu,10/5/2023,Marian Toma,Showroom,Consumabile,,,
LEI         289.90,Constanta,10/5/2023,Razvan Rosu,Auto,,Asigurare,B 174 MET,MM ROOF INTERMED SRL
LEI         289.90,Bucuresti,10/5/2023,Stefan Neculai,Auto,,Asigurare,B 170 MET,MM ROOF INTERMED SRL
"LEI         1,624.71",Constanta,10/5/2023,Razvan Rosu,Auto,,Leasing,B 174 MET,MM ROOF INTERMED SRL
"LEI         1,624.71",Bucuresti,10/5/2023,Stefan Neculai,Auto,,Leasing,B 170 MET,MM ROOF INTERMED SRL
LEI         275.14,Bucuresti,10/5/2023,Bebe Marius,Auto,,Asigurare,B 132 MET,METALLIC GROUP SRL
LEI         275.14,Giurgiu,10/5/2023,Marian Toma,Auto,,Asigurare,B 133 MET,METALLIC GROUP SRL
LEI         299.74,Teleorman,10/5/2023,Mihai Coman,Auto,,Asigurare,B 112 MET,METALLIC GROUP SRL
"LEI         1,794.07",Bucuresti,10/5/2023,Bebe Marius,Auto,,Leasing,B 132 MET,METALLIC GROUP SRL
"LEI         1,794.07",Giurgiu,10/5/2023,Marian Toma,Auto,,Leasing,B 133 MET,METALLIC GROUP SRL
"LEI         1,697.61",Teleorman,10/5/2023,Mihai Coman,Auto,,Leasing,B 112 MET,METALLIC GROUP SRL
"LEI         10,352.58",Cheltuieli comune,10/5/2023,,Generale,Marketing,,,METALLIC GROUP SRL
"LEI         4,980.15",Cheltuieli comune,11/5/2023,,Generale,Marketing,,,METALLIC GROUP SRL
"LEI         51,913.22",Cheltuieli comune,15/5/2023,,Generale,,,,METALLIC GROUP SRL
LEI         262.92,Giurgiu,11/5/2023,Marian Toma,Auto,,Combustibil,B 133 MET,
LEI         329.60,Bucuresti,12/5/2023,Dragos Frangache,Auto,,Combustibil,B 190 CRT,MM ROOF INTERMED SRL
LEI         306.14,Giurgiu,16/5/2023,Marian Toma,Auto,,Combustibil,B 133 MET,
LEI         367.94,Constanta,16/5/2023,Dragos Frangache,Auto,,Combustibil,B 190 CRT,MM ROOF INTERMED SRL
LEI         278.11,Bucuresti,15/5/2023,Bebe Marius,Auto,,Combustibil,B 132 MET,
LEI         316.09,Giurgiu,19/5/2023,Marian Toma,Auto,,Combustibil,IF 83 CRT,
LEI         138.43,Giurgiu,19/5/2023,Marian Toma,Auto,,Rovigneta,IF 83 CRT,
"LEI         3,054.00",Bucuresti,18/5/2023,,Auto,,,,METALLIC GROUP SRL
LEI         14.82,Constanta,18/5/2023,,,Marketing,,,MM ROOF INTERMED SRL
LEI         354.74,Constanta,20/5/2023,Dragos Frangache,Auto,,Combustibil,B 190 CRT,MM ROOF INTERMED SRL
LEI         289.90,Bucuresti,20/5/2023,Bebe Marius,Auto,,Combustibil,B 132 MET,
LEI         307.84,Giurgiu,22/5/2023,Marian Toma,Auto,,Combustibil,B 133 MET,
"LEI         8,660.00",Constanta,23/5/2023,,Bugete Stat,,,,MM ROOF INTERMED SRL
"LEI         1,000.00",Bucuresti,23/5/2023,,Bugete Stat,,,,ROOFERS RO
LEI         207.10,Cheltuieli comune,23/5/2023,,Generale,,,,METALLIC GROUP SRL
LEI         298.30,Bucuresti,20/5/2023,,Auto,,Asigurare,B 175 MET,MM ROOF INTERMED SRL
"LEI         1,676.26",Bucuresti,20/5/2023,,Auto,,Leasing,B 175 MET,MM ROOF INTERMED SRL
LEI         22.00,Bucuresti,23/5/2023,,,Consumabile,,,METALLIC GROUP SRL
LEI         107.25,Bucuresti,19/5/2023,,Showroom,Altele,,,METALLIC GROUP SRL
LEI         228.00,Bucuresti,18/5/2023,,Showroom,Altele,,,METALLIC GROUP SRL
LEI         205.70,Bucuresti,22/5/2023,,Showroom,Altele,,,METALLIC GROUP SRL
LEI         213.24,Cheltuieli comune,24/5/2023,,Generale,,Altele,,METALLIC GROUP SRL
"LEI         21,600.00",Bucuresti,24/5/2023,,Bugete Stat,,,,METALLIC GROUP SRL
LEI         341.65,Bucuresti,24/5/2023,Dragos Frangache,Auto,,Combustibil,B 190 CRT,MM ROOF INTERMED SRL
LEI         280.98,Bucuresti,17/5/2023,,Showroom,Altele,,,METALLIC GROUP SRL
LEI         129.00,Bucuresti,17/5/2023,,Showroom,Altele,,,METALLIC GROUP SRL
LEI         17.90,Bucuresti,14/5/2023,,Showroom,Altele,,,METALLIC GROUP SRL
LEI         267.53,Bucuresti,25/5/2023,Dana Marcu,Auto,,Combustibil,IF 34 MDM,METALLIC GROUP SRL
LEI         265.95,Constanta,16/5/2023,Razvan Rosu,Auto,,Combustibil,B 174 MET,MM ROOF INTERMED SRL
LEI         259.22,Constanta,12/5/2023,Razvan Rosu,Auto,,Combustibil,B 174 MET,MM ROOF INTERMED SRL
LEI         284.76,Constanta,5/5/2023,Razvan Rosu,Auto,,Combustibil,B 174 MET,MM ROOF INTERMED SRL
LEI         292.69,Constanta,25/5/2023,Razvan Rosu,Auto,,Combustibil,B 174 MET,MM ROOF INTERMED SRL
LEI         65.00,Constanta,24/5/2023,Razvan Rosu,Auto,,Combustibil,B 174 MET,MM ROOF INTERMED SRL
LEI         249.36,Constanta,19/5/2023,Razvan Rosu,Auto,,Combustibil,B 174 MET,MM ROOF INTERMED SRL
LEI         109.00,Bucuresti,25/5/2023,,Showroom,Consumabile,,,METALLIC GROUP SRL
LEI         240.20,Bucuresti,26/5/2023,Bebe Marius,Auto,,Combustibil,B 132 MET,
LEI         275.91,Giurgiu,26/5/2023,Marian Toma,Auto,,Combustibil,IF 83 CRT,
LEI         221.19,Bucuresti,29/5/2023,,Showroom,Consumabile,,,METALLIC GROUP SRL
LEI         287.99,Teleorman,29/5/2023,Mihai Coman,Showroom,,Altele,,METALLIC GROUP SRL
"LEI         11,300.00",Bucuresti,25/4/2023,,Bugete Stat,,,,METALLIC GROUP SRL
"LEI         3,000.00",Bucuresti,30/5/2023,,,Altele,,,METALLIC GROUP SRL
"LEI         1,427.11",Cheltuieli comune,30/5/2023,,Generale,Altele,,,METALLIC GROUP SRL
"LEI         2,566.52",Constanta,30/5/2023,,Showroom,Chirie,,,MM ROOF INTERMED SRL
"LEI         1,088.00",Constanta,30/5/2023,,Altele,,,,MM ROOF INTERMED SRL
"LEI         1,860.00",Cheltuieli comune,30/5/2023,,Generale,Marketing,,,METALLIC GROUP SRL
LEI         270.02,Bucuresti,31/5/2023,Bebe Marius,Auto,,Combustibil,B 132 MET,
LEI         300.09,Constanta,29/5/2023,Razvan Rosu,Auto,,Combustibil,B 174 MET,MM ROOF INTERMED SRL
LEI         374.00,Constanta,31/5/2023,Dragos Frangache,Auto,,Combustibil,B 190 CRT,MM ROOF INTERMED SRL
"LEI         1,490.00",Giurgiu,1/6/2023,Marian Toma,Showroom,Chirie,,,
LEI         214.90,Bucuresti,31/5/2023,RALUCA Munteanu,Auto,,Combustibil,B 720 MRR,METALLIC GROUP SRL
LEI         99.05,Bucuresti,31/5/2023,,Auto,,Combustibil,B 175 MET,
LEI         95.20,Bucuresti,31/5/2023,Stefan Neculai,,Altele,,,METALLIC GROUP SRL
"LEI         1,309.00",Cheltuieli comune,31/5/2023,,,Marketing,,,METALLIC GROUP SRL
LEI         952.00,Cheltuieli comune,31/5/2023,,Angajati,,,,METALLIC GROUP SRL
LEI         60.69,Bucuresti,31/5/2023,,Angajati,Altele,,,METALLIC GROUP SRL
LEI         391.61,Constanta,31/5/2023,Mihai Cristea,Auto,,,B 107 CRT,MM ROOF INTERMED SRL
LEI         183.26,Bucuresti,31/5/2023,,,Altele,,,METALLIC GROUP SRL
"LEI         7,749.00",Bucuresti,31/5/2023,,Bugete Stat,,,,METALLIC GROUP SRL
"LEI         30,348.00",Bucuresti,31/5/2023,,Bugete Stat,,,,METALLIC GROUP SRL
LEI         266.99,Constanta,31/5/2023,,Showroom,Altele,,,MM ROOF INTERMED SRL
LEI         311.86,Constanta,6/6/2023,Dragos Frangache,Auto,,Combustibil,B 190 CRT,MM ROOF INTERMED SRL
LEI         588.26,Constanta,6/6/2023,Dragos Frangache,Auto,,Asigurare,B 190 CRT,ROOFERS RO
"LEI         1,800.76",Constanta,6/6/2023,Dragos Frangache,Auto,,Leasing,B 190 CRT,ROOFERS RO
LEI         354.86,Cheltuieli comune,6/6/2023,,Auto,,Altele,,METALLIC GROUP SRL
LEI         119.00,Constanta,6/6/2023,,Showroom,Altele,,,METALLIC GROUP SRL
LEI         147.84,"Giurgiu, Teleorman",6/6/2023,,Showroom,Utilitati,,,METALLIC GROUP SRL
LEI         305.09,Giurgiu,8/6/2023,Marian Toma,Auto,,Combustibil,IF 83 CRT,
LEI         300.05,Bucuresti,8/6/2023,Bebe Marius,Auto,,Combustibil,B 132 MET,
"LEI         2,150.00",Constanta,9/6/2023,Dragos Frangache,,,,,METALLIC GROUP SRL
LEI         306.48,Bucuresti,9/6/2023,,Showroom,Utilitati,,,METALLIC GROUP SRL
LEI         15.24,Constanta,9/6/2023,,Showroom,Altele,,,MM ROOF INTERMED SRL
LEI         242.06,"Constanta, Bucuresti",9/6/2023,,Showroom,Utilitati,,,MM ROOF INTERMED SRL
"LEI         6,400.00",Bucuresti,9/6/2023,,Showroom,Chirie,,,METALLIC GROUP SRL
LEI         200.00,Constanta,9/6/2023,,Showroom,Chirie,,,MM ROOF INTERMED SRL
LEI         379.00,Constanta,10/6/2023,Dragos Frangache,Auto,,Combustibil,B 190 CRT,MM ROOF INTERMED SRL
LEI         460.00,Constanta,12/6/2023,Mihai Cristea,Angajati,,,,MM ROOF INTERMED SRL
LEI         260.00,Cheltuieli comune,12/6/2023,,Bugete Stat,,,,METALLIC GROUP SRL
"LEI         19,200.00",Cheltuieli comune,12/6/2023,,Bugete Stat,,,,METALLIC GROUP SRL
LEI         236.82,Cheltuieli comune,12/6/2023,,Generale,,,,METALLIC GROUP SRL
"LEI         1,500.00",Teleorman,12/6/2023,Mihai Coman,Showroom,Chirie,,,METALLIC GROUP SRL
LEI         253.37,Constanta,31/5/2023,Mihai Cristea,Auto,Consumabile,Combustibil,B 107 CRT,MM ROOF INTERMED SRL
LEI         200.25,Constanta,6/6/2023,Mihai Cristea,Auto,Consumabile,Combustibil,B 107 CRT,MM ROOF INTERMED SRL
LEI         248.41,Constanta,7/6/2023,Mihai Cristea,Auto,Consumabile,Combustibil,B 107 CRT,MM ROOF INTERMED SRL
LEI         258.19,Constanta,10/6/2023,Mihai Cristea,Auto,Consumabile,Combustibil,B 107 CRT,MM ROOF INTERMED SRL
LEI         230.00,Constanta,4/6/2023,Mihai Cristea,Auto,Consumabile,Combustibil,B 107 CRT,MM ROOF INTERMED SRL
LEI         826.46,Bucuresti,12/6/2023,,Showroom,Consumabile,,,METALLIC GROUP SRL
LEI         277.14,Bucuresti,11/6/2023,Bebe Marius,Auto,,Asigurare,B 132 MET,METALLIC GROUP SRL
LEI         277.14,Giurgiu,11/6/2023,Marian Toma,Auto,,Asigurare,B 133 MET,METALLIC GROUP SRL
LEI         301.92,Teleorman,11/6/2023,Mihai Coman,Auto,,Asigurare,B 112 MET,METALLIC GROUP SRL
"LEI         1,807.14",Bucuresti,11/6/2023,Bebe Marius,Auto,,Leasing,B 132 MET,METALLIC GROUP SRL
"LEI         1,807.14",Giurgiu,11/6/2023,Marian Toma,Auto,,Leasing,B 133 MET,METALLIC GROUP SRL
"LEI         1,709.98",Teleorman,11/6/2023,Mihai Coman,Auto,,Leasing,B 112 MET,METALLIC GROUP SRL
LEI         292.01,Bucuresti,11/6/2023,Stefan Neculai,Auto,,Asigurare,B 170 CRT,MM ROOF INTERMED SRL
LEI         292.01,Constanta,11/6/2023,Razvan Rosu,Auto,,Asigurare,B 174 MET,MM ROOF INTERMED SRL
"LEI         1,636.53",Bucuresti,11/6/2023,Stefan Neculai,Auto,,Leasing,B 170 CRT,MM ROOF INTERMED SRL
"LEI         1,636.53",Constanta,11/6/2023,Razvan Rosu,Auto,,Leasing,B 174 MET,MM ROOF INTERMED SRL
LEI         208.00,Constanta,13/6/2023,Mihai Cristea,Auto,Consumabile,Combustibil,B 107 CRT,
LEI         180.00,Bucuresti,13/6/2023,,Auto,,Service,B 144 CRT,METALLIC GROUP SRL
LEI         620.00,Constanta,14/6/2023,,Altele,Altele,,,MM ROOF INTERMED SRL
"LEI         2,023.00",Teleorman,10/6/2023,Mihai Coman,Angajati,,,,METALLIC GROUP SRL
LEI         440.00,Teleorman,10/6/2023,Mihai Coman,Angajati,,,,METALLIC GROUP SRL
"LEI         2,786.00",Teleorman,10/6/2023,Mihai Coman,Angajati,,,,METALLIC GROUP SRL
"LEI         2,000.00",Bucuresti,10/6/2023,Marian Costache,Angajati,,,,METALLIC GROUP SRL
LEI         400.00,Bucuresti,10/6/2023,Marian Costache,Angajati,,,,METALLIC GROUP SRL
LEI         300.00,Bucuresti,10/6/2023,Marian Costache,Angajati,,,,METALLIC GROUP SRL
"LEI         2,530.00",Bucuresti,10/6/2023,Marian Costache,Angajati,,,,METALLIC GROUP SRL
"LEI         2,000.00",Bucuresti,10/6/2023,Bebe Marius,Angajati,,,,METALLIC GROUP SRL
LEI         440.00,Bucuresti,10/6/2023,Bebe Marius,Angajati,,,,METALLIC GROUP SRL
LEI         300.00,Bucuresti,10/6/2023,Bebe Marius,Angajati,,,,METALLIC GROUP SRL
"LEI         4,277.00",Bucuresti,10/6/2023,Bebe Marius,Angajati,,,,METALLIC GROUP SRL
"LEI         1,829.00",Bucuresti,10/6/2023,,Angajati,,,,METALLIC GROUP SRL
LEI         440.00,Bucuresti,10/6/2023,,Angajati,,,,METALLIC GROUP SRL
"LEI         2,000.00",Bucuresti,10/6/2023,Dana Marcu,Angajati,,,,METALLIC GROUP SRL
LEI         440.00,Bucuresti,10/6/2023,Dana Marcu,Angajati,,,,METALLIC GROUP SRL
"LEI         3,000.00",Bucuresti,10/6/2023,Iulian Marcu,Angajati,,,,METALLIC GROUP SRL
LEI         440.00,Bucuresti,10/6/2023,Iulian Marcu,Angajati,,,,METALLIC GROUP SRL
"LEI         1,148.00",Giurgiu,10/6/2023,,Angajati,,,,METALLIC GROUP SRL
LEI         240.00,Giurgiu,10/6/2023,,Angajati,,,,METALLIC GROUP SRL
"LEI         2,572.00",Bucuresti,10/6/2023,RALUCA Munteanu,Angajati,,,,METALLIC GROUP SRL
LEI         300.00,Bucuresti,10/6/2023,RALUCA Munteanu,Angajati,,,,METALLIC GROUP SRL
"LEI         1,500.00",Bucuresti,10/6/2023,RALUCA Munteanu,Angajati,,,,METALLIC GROUP SRL
"LEI         2,000.00",Bucuresti,10/6/2023,Stefan Neculai,Angajati,,,,METALLIC GROUP SRL
LEI         440.00,Bucuresti,10/6/2023,Stefan Neculai,Angajati,,,,METALLIC GROUP SRL
"LEI         1,631.00",Bucuresti,10/6/2023,Stefan Neculai,Angajati,,,,METALLIC GROUP SRL
"LEI         2,325.00",Bucuresti,10/6/2023,,Angajati,,,,METALLIC GROUP SRL
LEI         400.00,Bucuresti,10/6/2023,,Angajati,,,,METALLIC GROUP SRL
LEI         700.00,Bucuresti,10/6/2023,,Angajati,,,,METALLIC GROUP SRL
LEI         549.00,Bucuresti,10/6/2023,,Angajati,,,,METALLIC GROUP SRL
LEI         120.00,Bucuresti,10/6/2023,,Angajati,,,,METALLIC GROUP SRL
"LEI         2,000.00",Giurgiu,10/6/2023,Cristina Toma,Angajati,,,,METALLIC GROUP SRL
LEI         440.00,Giurgiu,10/6/2023,Cristina Toma,Angajati,,,,METALLIC GROUP SRL
"LEI         2,018.00",Giurgiu,10/6/2023,Marian Toma,Angajati,,,,METALLIC GROUP SRL
LEI         440.00,Giurgiu,10/6/2023,Marian Toma,Angajati,,,,METALLIC GROUP SRL
"LEI         1,500.00",Giurgiu,10/6/2023,Marian Toma,Angajati,,,,METALLIC GROUP SRL
"LEI         6,104.00",Giurgiu,10/6/2023,Marian Toma,Angajati,,,,METALLIC GROUP SRL
"LEI         4,000.00",Bucuresti,10/6/2023,,Angajati,,,,METALLIC GROUP SRL
"LEI         1,041.24",Giurgiu,15/6/2023,Marian Toma,Showroom,Utilitati,,,
LEI         142.80,Cheltuieli comune,15/6/2023,,Altele,,,,ROOFERS RO
LEI         285.60,Constanta,15/6/2023,,Showroom,Altele,,,MM ROOF INTERMED SRL
"LEI         2,500.00",Bucuresti,10/6/2023,Alexandru Croitoru,Angajati,,,,MM ROOF INTERMED SRL
LEI         440.00,Bucuresti,10/6/2023,Alexandru Croitoru,Angajati,,,,MM ROOF INTERMED SRL
LEI         500.00,Bucuresti,10/6/2023,Alexandru Croitoru,Angajati,,,,MM ROOF INTERMED SRL
"LEI         1,231.00",Bucuresti,10/6/2023,Alexandru Croitoru,Angajati,,,,MM ROOF INTERMED SRL
LEI         269.86,Giurgiu,15/6/2023,Marian Toma,Auto,,Combustibil,IF 83 CRT,
LEI         143.76,Giurgiu,15/6/2023,Marian Toma,Showroom,Utilitati,,,
LEI         160.00,Bucuresti,15/6/2023,,Showroom,Consumabile,,,METALLIC GROUP SRL
LEI         211.36,Constanta,15/6/2023,Mihai Cristea,Auto,Consumabile,Combustibil,B 107 CRT,MM ROOF INTERMED SRL
LEI         272.29,Constanta,14/6/2023,Mihai Cristea,Auto,Consumabile,Combustibil,B 107 CRT,MM ROOF INTERMED SRL
"LEI         19,834.40",Cheltuieli comune,16/6/2023,,,Marketing,,,METALLIC GROUP SRL
LEI         387.77,Constanta,16/6/2023,Dragos Frangache,Auto,,Combustibil,B 190 CRT,MM ROOF INTERMED SRL
LEI         249.37,Constanta,19/6/2023,Mihai Cristea,Auto,Consumabile,Combustibil,B 107 CRT,
LEI         329.89,Bucuresti,16/6/2023,,Showroom,Marketing,,,METALLIC GROUP SRL
LEI         300.05,Teleorman,19/6/2023,Mihai Coman,Auto,,Combustibil,B 112 MET,METALLIC GROUP SRL
LEI         190.66,Constanta,21/6/2023,Mihai Cristea,Auto,Consumabile,Combustibil,B 107 CRT,MM ROOF INTERMED SRL
"LEI         21,600.00","Bucuresti , Giurgiu, Teleorman",21/6/2023,,Bugete Stat,,,,METALLIC GROUP SRL
"LEI         8,960.00",Constanta,21/6/2023,,Bugete Stat,,,,MM ROOF INTERMED SRL
LEI         295.01,Bucuresti,19/6/2023,Bebe Marius,Auto,,Combustibil,B 132 MET,METALLIC GROUP SRL
"LEI         3,190.00",Bucuresti,21/6/2023,Iulian Marcu,Auto,,Service,,METALLIC GROUP SRL
LEI         300.07,Bucuresti,22/6/2023,Iulian Marcu,Auto,,Combustibil,B 170 MET,METALLIC GROUP SRL
LEI         380.79,Constanta,20/6/2023,Dragos Frangache,Auto,,Combustibil,B 190 CRT,MM ROOF INTERMED SRL
"LEI         2,590.55",Constanta,23/6/2023,Dragos Frangache,,Chirie,,,MM ROOF INTERMED SRL
LEI         222.71,Constanta,22/6/2023,Mihai Cristea,Auto,Consumabile,Combustibil,B 107 CRT,
LEI         296.86,Constanta,22/6/2023,Mihai Cristea,Auto,Consumabile,Combustibil,IF 83 CRT,
LEI         222.44,Constanta,23/6/2023,Mihai Cristea,Auto,Consumabile,Combustibil,IF 83 CRT,
"LEI         1,274.40",Bucuresti,25/6/2023,Marketing Metallic Roof,Showroom,Marketing,,,METALLIC GROUP SRL
"LEI         4,305.30",Bucuresti,27/6/2023,,,,,,METALLIC GROUP SRL
LEI         336.02,Bucuresti,23/6/2023,Dragos Frangache,Auto,,Combustibil,B 190 CRT,MM ROOF INTERMED SRL
LEI         300.68,Constanta,27/6/2023,Mihai Cristea,Auto,Consumabile,Combustibil,IF 83 CRT,
"LEI         1,773.87",Bucuresti,28/6/2023,Iulian Marcu,Altele,,,,METALLIC GROUP SRL
LEI         253.87,Teleorman,23/6/2023,Mihai Coman,Auto,Consumabile,Combustibil,B 112 MET,
LEI         292.47,Teleorman,27/6/2023,Mihai Coman,Auto,Consumabile,Combustibil,B 112 MET,
LEI         290.02,Teleorman,28/6/2023,Iulian Marcu,Auto,Consumabile,Combustibil,,
LEI         310.01,Bucuresti,28/6/2023,Bebe Marius,Auto,,Combustibil,B 132 MET,
LEI         333.14,Giurgiu,29/6/2023,Marian Toma,Auto,,Combustibil,B 133 MET,
LEI         130.80,Bucuresti,28/6/2023,,Showroom,Consumabile,,,METALLIC GROUP SRL
LEI         49.99,Bucuresti,23/6/2023,,,,,,METALLIC GROUP SRL
LEI         200.60,Bucuresti,26/6/2023,Iulian Marcu,Auto,,Combustibil,B 170 CRT,METALLIC GROUP SRL
LEI         955.00,,30/6/2023,,Bugete Stat,,,,ROOFERS RO
"LEI         1,331.31",Constanta,30/6/2023,Dragos Frangache,Auto,,Service,B 190 CRT,ROOFERS RO
"LEI         1,737.19","Giurgiu, Teleorman",30/6/2023,,Altele,Marketing,,,METALLIC GROUP SRL
LEI         229.80,Cheltuieli comune,30/6/2023,,Generale,Altele,,,METALLIC GROUP SRL
LEI         212.27,Constanta,30/6/2023,,Auto,Altele,,,MM ROOF INTERMED SRL
"LEI         2,236.81",Cheltuieli comune,30/6/2023,,Generale,Altele,,,METALLIC GROUP SRL
LEI         110.21,Bucuresti,30/6/2023,Marian Costache,Auto,,Service,,METALLIC GROUP SRL
LEI         267.18,Bucuresti,30/6/2023,Marian Costache,Auto,,Service,,METALLIC GROUP SRL
"LEI         1,490.00",Giurgiu,3/7/2023,Marian Toma,Showroom,Chirie,,,
LEI         364.88,Constanta,3/7/2023,Dragos Frangache,Auto,,Combustibil,B 190 CRT,MM ROOF INTERMED SRL
LEI         304.55,Constanta,30/6/2023,Mihai Cristea,Auto,Consumabile,Combustibil,IF 83 CRT,
"LEI         4,596.17",Giurgiu,4/7/2023,,,Marketing,,,METALLIC GROUP SRL
LEI         183.26,Bucuresti,30/6/2023,,Showroom,,,,METALLIC GROUP SRL
LEI         42.07,Constanta,5/7/2023,,Showroom,Altele,,,MM ROOF INTERMED SRL
"LEI         3,407.00",Constanta,4/7/2023,Razvan Rosu,Angajati,Altele,,,MM ROOF INTERMED SRL
LEI         266.99,Constanta,7/7/2023,,Showroom,Utilitati,,,MM ROOF INTERMED SRL
LEI         55.49,Bucuresti,5/7/2023,,Showroom,Utilitati,,,METALLIC GROUP SRL
LEI         318.35,Bucuresti,5/7/2023,,Showroom,Utilitati,,,METALLIC GROUP SRL
LEI         348.82,Teleorman,5/7/2023,Dragos Frangache,Auto,,Combustibil,B 190 CRT,MM ROOF INTERMED SRL
"LEI         6,400.00",Bucuresti,5/7/2023,,Showroom,Chirie,,,METALLIC GROUP SRL
LEI         200.00,Bucuresti,5/7/2023,,Showroom,Chirie,,,ROOFERS RO
LEI         200.00,Constanta,5/7/2023,,Showroom,Chirie,,,MM ROOF INTERMED SRL
"LEI         4,513.00",Constanta,4/7/2023,Mihai Cristea,Angajati,Altele,,,MM ROOF INTERMED SRL
LEI         83.24,Bucuresti,4/7/2023,,Showroom,Consumabile,,,METALLIC GROUP SRL
LEI         298.66,Bucuresti,4/7/2023,,Showroom,Consumabile,,,METALLIC GROUP SRL
LEI         233.20,Bucuresti,4/7/2023,,Showroom,Consumabile,,,METALLIC GROUP SRL
LEI         237.95,Bucuresti,5/7/2023,,Auto,,Altele,B 170 CRT,METALLIC GROUP SRL
LEI         817.50,Bucuresti,5/7/2023,,Showroom,Consumabile,,,METALLIC GROUP SRL
"LEI         1,540.56",Bucuresti,4/7/2023,,Showroom,Consumabile,,,METALLIC GROUP SRL
LEI         384.63,Giurgiu,5/7/2023,Marian Toma,Showroom,Utilitati,,,
LEI         270.40,Teleorman,6/7/2023,Mihai Coman,Auto,Consumabile,Combustibil,B 112 MET,
LEI         295.01,Bucuresti,5/7/2023,Bebe Marius,Auto,,Combustibil,B 132 MET,
LEI         298.33,Bucuresti,30/6/2023,Stefan Neculai,Auto,,Altele,B 170 CRT,MM ROOF INTERMED SRL
LEI         298.33,Constanta,30/6/2023,Razvan Rosu,Auto,,Altele,B 174 MET,MM ROOF INTERMED SRL
LEI         298.33,Bucuresti,30/6/2023,,Auto,,Altele,B 175 MET,MM ROOF INTERMED SRL
LEI         525.00,Giurgiu,6/7/2023,Marian Toma,Auto,,Altele,B 133 MET,METALLIC GROUP SRL
LEI         306.48,Bucuresti,7/7/2023,,Showroom,Utilitati,,,METALLIC GROUP SRL
LEI         147.42,"Giurgiu, Teleorman",7/7/2023,,Showroom,Utilitati,,,METALLIC GROUP SRL
LEI         952.00,Cheltuieli comune,7/7/2023,,Generale,Altele,,,METALLIC GROUP SRL
"LEI         24,900.00",Cheltuieli comune,30/6/2023,,Esalonari Stat,,,,METALLIC GROUP SRL
LEI         241.38,"Constanta, Bucuresti",7/7/2023,,Showroom,Altele,,,MM ROOF INTERMED SRL
"LEI         7,110.00",Constanta,30/6/2023,,Bugete Stat,Altele,,,MM ROOF INTERMED SRL
"LEI         9,300.00",Constanta,30/6/2023,,Bugete Stat,Altele,,,MM ROOF INTERMED SRL
LEI         119.00,Constanta,7/7/2023,,Showroom,Utilitati,,,METALLIC GROUP SRL
LEI         270.74,Bucuresti,6/7/2023,,Auto,,Combustibil,Stivuitor,METALLIC GROUP SRL
LEI         339.00,Giurgiu,6/7/2023,Marian Toma,Auto,,Combustibil,B 133 MET,
"LEI         2,029.00",Teleorman,10/7/2023,Mihai Coman,Angajati,,,,METALLIC GROUP SRL
LEI         400.00,Teleorman,10/7/2023,Mihai Coman,Angajati,,,,METALLIC GROUP SRL
"LEI         2,492.00",Teleorman,10/7/2023,Mihai Coman,Angajati,,,,METALLIC GROUP SRL
"LEI         2,000.00",Bucuresti,10/7/2023,Marian Costache,Angajati,,,,METALLIC GROUP SRL
LEI         400.00,Bucuresti,10/7/2023,Marian Costache,Angajati,,,,METALLIC GROUP SRL
LEI         300.00,Bucuresti,10/7/2023,Marian Costache,Angajati,,,,METALLIC GROUP SRL
"LEI         2,952.00",Bucuresti,10/7/2023,Marian Costache,Angajati,,,,METALLIC GROUP SRL
"LEI         2,000.00",Bucuresti,10/7/2023,Bebe Marius,Angajati,,,,METALLIC GROUP SRL
LEI         360.00,Bucuresti,10/7/2023,Bebe Marius,Angajati,,,,METALLIC GROUP SRL
LEI         300.00,Bucuresti,10/7/2023,Bebe Marius,Angajati,,,,METALLIC GROUP SRL
"LEI         4,200.00",Bucuresti,10/7/2023,Bebe Marius,Angajati,,,,METALLIC GROUP SRL
"LEI         1,835.00",Bucuresti,10/7/2023,,Angajati,,,,METALLIC GROUP SRL
LEI         400.00,Bucuresti,10/7/2023,,Angajati,,,,METALLIC GROUP SRL
"LEI         2,000.00",Bucuresti,10/7/2023,Dana Marcu,Angajati,,,,METALLIC GROUP SRL
LEI         400.00,Bucuresti,10/7/2023,Dana Marcu,Angajati,,,,METALLIC GROUP SRL
"LEI         3,000.00",Bucuresti,10/7/2023,Iulian Marcu,Angajati,,,,METALLIC GROUP SRL
LEI         400.00,Bucuresti,10/7/2023,Iulian Marcu,Angajati,,,,METALLIC GROUP SRL
"LEI         2,500.00",Bucuresti,10/7/2023,RALUCA Munteanu,Angajati,,,,METALLIC GROUP SRL
LEI         400.00,Bucuresti,10/7/2023,RALUCA Munteanu,Angajati,,,,METALLIC GROUP SRL
"LEI         1,500.00",Bucuresti,10/7/2023,RALUCA Munteanu,Angajati,,,,METALLIC GROUP SRL
"LEI         2,000.00",Bucuresti,10/7/2023,Stefan Neculai,Angajati,,,,METALLIC GROUP SRL
LEI         400.00,Bucuresti,10/7/2023,Stefan Neculai,Angajati,,,,METALLIC GROUP SRL
"LEI         2,310.00",Bucuresti,10/7/2023,,Angajati,,,,METALLIC GROUP SRL
LEI         380.00,Bucuresti,10/7/2023,,Angajati,,,,METALLIC GROUP SRL
LEI         700.00,Bucuresti,10/7/2023,,Angajati,,,,METALLIC GROUP SRL
"LEI         2,000.00",Giurgiu,10/7/2023,Cristina Toma,Angajati,,,,METALLIC GROUP SRL
LEI         400.00,Giurgiu,10/7/2023,Cristina Toma,Angajati,,,,METALLIC GROUP SRL
"LEI         2,023.00",Giurgiu,10/7/2023,Marian Toma,Angajati,,,,METALLIC GROUP SRL
LEI         400.00,Giurgiu,10/7/2023,Marian Toma,Angajati,,,,METALLIC GROUP SRL
"LEI         1,500.00",Giurgiu,10/7/2023,Marian Toma,Angajati,,,,METALLIC GROUP SRL
"LEI         3,867.00",Giurgiu,10/7/2023,Marian Toma,Angajati,,,,METALLIC GROUP SRL
"LEI         3,799.00",Bucuresti,10/7/2023,,Angajati,,,,METALLIC GROUP SRL
"LEI         2,500.00",Bucuresti,10/7/2023,Alexandru Croitoru,Angajati,,,,MM ROOF INTERMED SRL
LEI         380.00,Bucuresti,10/7/2023,Alexandru Croitoru,Angajati,,,,MM ROOF INTERMED SRL
"LEI         1,314.00",Bucuresti,10/7/2023,Alexandru Croitoru,Angajati,,,,MM ROOF INTERMED SRL
LEI         500.00,Bucuresti,10/7/2023,Alexandru Croitoru,Angajati,,,,MM ROOF INTERMED SRL
"LEI         1,500.00",Teleorman,10/7/2023,Mihai Coman,Showroom,Chirie,,,METALLIC GROUP SRL
"LEI         2,150.00",Constanta,10/7/2023,Dragos Frangache,Altele,Chirie,,,METALLIC GROUP SRL
"LEI         1,669.97",Bucuresti,20/6/2023,,Auto,,Leasing,B 175 MET,MM ROOF INTERMED SRL
LEI         297.18,Bucuresti,20/6/2023,,Auto,,Asigurare,B 175 MET,MM ROOF INTERMED SRL
LEI         334.98,Bucuresti,11/7/2023,Stefan Neculai,Auto,,Combustibil,B 170 MET,
LEI         71.88,Giurgiu,10/7/2023,Marian Toma,Showroom,Utilitati,,,
LEI         147.00,Constanta,9/7/2023,Oana,Showroom,Consumabile,Altele,,MM ROOF INTERMED SRL
"LEI         15,200.00",Cheltuieli comune,30/6/2023,,TVA,,,,METALLIC GROUP SRL
LEI         277.03,Bucuresti,10/7/2023,Bebe Marius,Auto,,Asigurare,B 132 MET,METALLIC GROUP SRL
LEI         833.00,Bucuresti,10/7/2023,,Showroom,Altele,,,METALLIC GROUP SRL
"LEI         1,806.38",Bucuresti,10/7/2023,Bebe Marius,Auto,,Leasing,B 132 MET,METALLIC GROUP SRL
LEI         301.80,Giurgiu,10/7/2023,Marian Toma,Auto,,Asigurare,B 133 MET,METALLIC GROUP SRL
"LEI         1,806.38",Giurgiu,10/7/2023,Marian Toma,Auto,,Leasing,B 133 MET,METALLIC GROUP SRL
LEI         277.03,Teleorman,10/7/2023,Mihai Coman,Auto,,Asigurare,B 112 MET,METALLIC GROUP SRL
"LEI         1,709.26",Teleorman,10/7/2023,Mihai Coman,Auto,,Leasing,B 112 MET,METALLIC GROUP SRL
LEI         291.89,Constanta,10/7/2023,Razvan Rosu,Auto,,Asigurare,B 174 MET,MM ROOF INTERMED SRL
"LEI         1,635.85",Constanta,10/7/2023,Razvan Rosu,Auto,,Leasing,B 174 MET,MM ROOF INTERMED SRL
LEI         291.89,Bucuresti,10/7/2023,Stefan Neculai,Auto,,Asigurare,B 170 CRT,MM ROOF INTERMED SRL
"LEI         1,635.85",Bucuresti,10/7/2023,Stefan Neculai,Auto,,Leasing,B 170 CRT,MM ROOF INTERMED SRL
LEI         330.98,Constanta,10/7/2023,Dragos Frangache,Auto,,Combustibil,B 190 CRT,MM ROOF INTERMED SRL
LEI         794.95,Bucuresti,11/7/2023,,Showroom,Consumabile,,,METALLIC GROUP SRL
"LEI         2,672.00",Bucuresti,11/7/2023,,Showroom,,,,METALLIC GROUP SRL
LEI         288.09,Teleorman,12/7/2023,Mihai Coman,Auto,Consumabile,Combustibil,B 112 MET,METALLIC GROUP SRL
LEI         824.69,Giurgiu,12/7/2023,Marian Toma,Showroom,Marketing,,,METALLIC GROUP SRL
LEI         253.93,Constanta,11/7/2023,Mihai Cristea,Auto,Consumabile,Combustibil,IF 83 CRT,
LEI         222.09,Bucuresti,12/7/2023,RALUCA Munteanu,Auto,,Combustibil,B 720 MRR,METALLIC GROUP SRL
LEI         315.10,Bucuresti,11/7/2023,Bebe Marius,Auto,,Combustibil,B 132 MET,
LEI         283.03,Giurgiu,14/7/2023,Marian Toma,Auto,,Combustibil,B 133 MET,METALLIC GROUP SRL
LEI         396.72,Bucuresti,17/7/2023,Dragos Frangache,Auto,,Combustibil,B 190 CRT,MM ROOF INTERMED SRL
LEI         311.05,Bucuresti,17/7/2023,Bebe Marius,Auto,,Combustibil,B 132 MET,
LEI         287.55,Teleorman,18/7/2023,Mihai Coman,Auto,Consumabile,Combustibil,B 112 MET,
LEI         297.61,Constanta,19/6/2023,Razvan Rosu,Auto,,Combustibil,B 174 MET,MM ROOF INTERMED SRL
LEI         297.36,Constanta,8/6/2023,Razvan Rosu,Auto,,Combustibil,B 174 MET,MM ROOF INTERMED SRL
LEI         297.98,Constanta,28/6/2023,Razvan Rosu,Auto,,Combustibil,B 174 MET,MM ROOF INTERMED SRL
LEI         297.74,Constanta,21/6/2023,Razvan Rosu,Auto,,Combustibil,B 174 MET,MM ROOF INTERMED SRL
LEI         297.98,Constanta,28/6/2023,Razvan Rosu,Auto,,Combustibil,B 174 MET,MM ROOF INTERMED SRL
LEI         299.41,Constanta,31/5/2023,Razvan Rosu,Auto,,Combustibil,B 174 MET,MM ROOF INTERMED SRL
LEI         299.50,Constanta,13/6/2023,Razvan Rosu,Auto,,Combustibil,B 174 MET,MM ROOF INTERMED SRL
LEI         292.38,Constanta,13/7/2023,Razvan Rosu,Auto,,Combustibil,B 174 MET,MM ROOF INTERMED SRL
LEI         306.29,Constanta,19/7/2023,Razvan Rosu,Auto,,Combustibil,B 174 MET,MM ROOF INTERMED SRL
LEI         226.97,Constanta,10/7/2023,Razvan Rosu,Auto,,Combustibil,B 174 MET,MM ROOF INTERMED SRL
LEI         336.00,Bucuresti,24/7/2023,Stefan Neculai,Auto,,Combustibil,B 170 MET,
LEI         130.80,Bucuresti,24/7/2023,,Showroom,Consumabile,,,METALLIC GROUP SRL
LEI         325.00,Giurgiu,21/7/2023,Marian Toma,Auto,,Combustibil,B 133 MET,
LEI         202.00,Giurgiu,22/7/2023,Marian Toma,Auto,,Combustibil,B 133 MET,
LEI         320.02,Bucuresti,24/7/2023,Bebe Marius,Auto,,Combustibil,B 132 MET,
LEI         337.77,Constanta,25/7/2023,Mihai Cristea,Auto,Consumabile,Combustibil,IF 83 CRT,
LEI         288.64,Giurgiu,26/7/2023,Marian Toma,Auto,,Combustibil,B 133 MET,
LEI         600.00,Cheltuieli comune,13/7/2023,,Generale,,,,METALLIC GROUP SRL
"LEI         20,550.00",Cheltuieli comune,24/7/2023,,Bugete Stat,,,,METALLIC GROUP SRL
LEI         108.08,Cheltuieli comune,24/7/2023,,Altele,,,,METALLIC GROUP SRL
LEI         180.00,Cheltuieli comune,25/7/2023,,Generale,Marketing,,,METALLIC GROUP SRL
LEI         95.20,Bucuresti,25/7/2023,mihai.virgil@metallicroof.ro,,,,,METALLIC GROUP SRL
LEI         296.39,Bucuresti,24/7/2023,Stefan Neculai,Auto,,Asigurare,B 170 CRT,MM ROOF INTERMED SRL
"LEI         1,702.18",Bucuresti,24/7/2023,Stefan Neculai,Auto,,Leasing,B 170 CRT,MM ROOF INTERMED SRL
LEI         384.63,Constanta,27/7/2023,Dragos Frangache,Auto,,Combustibil,B 190 CRT,MM ROOF INTERMED SRL
LEI         251.80,Constanta,27/7/2023,Dragos Frangache,Auto,,Altele,B 190 CRT,METALLIC GROUP SRL
LEI         74.00,Constanta,18/7/2023,Oana,Showroom,Consumabile,,,MM ROOF INTERMED SRL
LEI         300.00,Teleorman,28/7/2023,Mihai Coman,Auto,Consumabile,Combustibil,B 112 MET,
"LEI         1,400.00",Bucuresti,25/6/2023,,,,,,ROOFERS RO
"LEI         1,796.06",Constanta,28/7/2023,Dragos Frangache,Auto,,Leasing,B 190 CRT,ROOFERS RO
LEI         645.37,Constanta,28/7/2023,Dragos Frangache,Auto,,Asigurare,B 190 CRT,ROOFERS RO
LEI         62.00,Bucuresti,31/7/2023,Stefan Neculai,Auto,,Combustibil,B 170 MET,
"LEI         1,302.46",Cheltuieli comune,27/7/2023,,Generale,,,,METALLIC GROUP SRL
LEI         320.02,Bucuresti,31/7/2023,Bebe Marius,Auto,,Combustibil,B 132 MET,
LEI         239.71,Bucuresti,31/7/2023,Stefan Neculai,Auto,,Combustibil,B 170 MET,
LEI         183.26,Bucuresti,31/8/2023,,,Utilitati,,,METALLIC GROUP SRL
"LEI         1,480.00",Giurgiu,1/8/2023,Marian Toma,Showroom,Chirie,,,
"LEI         3,000.00",Bucuresti,2/8/2023,Virgil Mihai,Angajati,,,,METALLIC GROUP SRL
LEI         200.00,Bucuresti,3/8/2023,,Showroom,Chirie,,,ROOFERS RO
LEI         200.00,Constanta,3/8/2023,,Showroom,Chirie,,,MM ROOF INTERMED SRL
"LEI         6,400.00",Bucuresti,3/8/2023,,Showroom,Chirie,,,METALLIC GROUP SRL
LEI         248.63,Bucuresti,3/8/2023,,Showroom,Utilitati,,,METALLIC GROUP SRL
LEI         720.31,Bucuresti,3/8/2023,,Showroom,Utilitati,,,METALLIC GROUP SRL
LEI         283.13,Teleorman,3/8/2023,Mihai Coman,Auto,Consumabile,Combustibil,B 112 MET,
LEI         341.30,Giurgiu,4/8/2023,Marian Toma,Auto,,Combustibil,B 133 MET,
"LEI         7,401.91",Cheltuieli comune,1/8/2023,,,Marketing,,,METALLIC GROUP SRL
LEI         952.00,Cheltuieli comune,31/7/2023,,Generale,,,,METALLIC GROUP SRL
LEI         119.00,Constanta,3/8/2023,,Showroom,Altele,,,METALLIC GROUP SRL
LEI         306.48,Bucuresti,31/7/2023,,Showroom,Utilitati,,,METALLIC GROUP SRL
LEI         345.85,Bucuresti,4/8/2023,Stefan Neculai,Auto,,Combustibil,B 170 MET,
"LEI         1,778.26",Bucuresti,7/8/2023,,Auto,,Asigurare,B 144 CRT,METALLIC GROUP SRL
LEI         280.00,Bucuresti,7/8/2023,Bebe Marius,Auto,,Combustibil,B 132 MET,
"LEI         1,194.34",Giurgiu,31/7/2023,Marian Toma,,Marketing,,,METALLIC GROUP SRL
"LEI         1,074.90",Teleorman,31/7/2023,Mihai Coman,,Marketing,,,METALLIC GROUP SRL
LEI         386.00,Constanta,7/8/2023,Dragos Frangache,Auto,,Combustibil,B 190 CRT,MM ROOF INTERMED SRL
"LEI         3,610.00",Constanta,4/8/2023,Mihai Cristea,Angajati,,,,MM ROOF INTERMED SRL
"LEI         3,698.00",Constanta,4/8/2023,Razvan Rosu,Angajati,,,,MM ROOF INTERMED SRL
LEI         42.00,Constanta,9/8/2023,,Showroom,Altele,,,MM ROOF INTERMED SRL
LEI         342.20,Bucuresti,9/8/2023,Stefan Neculai,Auto,,Combustibil,B 170 MET,
"LEI         1,387.35",Giurgiu,9/8/2023,Marian Toma,Auto,,Service,B 133 MET,
LEI         350.77,Giurgiu,9/8/2023,Marian Toma,Auto,,Combustibil,B 133 MET,
LEI         674.73,Bucuresti,9/8/2023,,Showroom,Altele,,,METALLIC GROUP SRL
"LEI         1,071.00",Bucuresti,9/8/2023,,Generale,,,,METALLIC GROUP SRL
"LEI         1,100.00",Bucuresti,9/8/2023,,Showroom,Altele,,,METALLIC GROUP SRL
LEI         357.00,Bucuresti,9/8/2023,,Generale,,,,ROOFERS RO
LEI         357.00,Constanta,8/8/2023,,Generale,,,,MM ROOF INTERMED SRL
"LEI         2,150.00",Constanta,10/8/2023,Dragos Frangache,,Chirie,,,METALLIC GROUP SRL
LEI         31.65,Bucuresti,10/8/2023,,Generale,,,,METALLIC GROUP SRL
"LEI         1,500.00",Teleorman,10/8/2023,Mihai Coman,,Chirie,,,METALLIC GROUP SRL
LEI         276.68,Bucuresti,10/8/2023,Bebe Marius,,,Asigurare,B 132 MET,METALLIC GROUP SRL
"LEI         1,707.10",Bucuresti,10/8/2023,Bebe Marius,,,Leasing,B 132 MET,METALLIC GROUP SRL
LEI         276.68,Giurgiu,10/8/2023,Marian Toma,,,Asigurare,B 133 MET,METALLIC GROUP SRL
"LEI         1,804.11",Giurgiu,10/8/2023,Marian Toma,,,Leasing,B 133 MET,METALLIC GROUP SRL
LEI         301.42,Teleorman,10/8/2023,Mihai Coman,,,Asigurare,B 112 MET,METALLIC GROUP SRL
"LEI         1,804.11",Teleorman,10/8/2023,Mihai Coman,,,Leasing,B 112 MET,METALLIC GROUP SRL
"LEI         1,633.78",,,,,,,,
"LEI         2,000.00",Constanta,10/8/2023,Mihai Cristea,Angajati,,,,MM ROOF INTERMED SRL
LEI         213.56,Bucuresti,11/8/2023,,Showroom,Consumabile,,,METALLIC GROUP SRL
LEI         306.94,Bucuresti,11/8/2023,Dana Marcu,Auto,,Combustibil,IF 34 MDM,METALLIC GROUP SRL
LEI         224.07,Bucuresti,8/8/2023,RALUCA Munteanu,Auto,,Combustibil,B 720 MRR,METALLIC GROUP SRL
LEI         304.00,Teleorman,14/8/2023,Mihai Coman,Auto,Consumabile,Combustibil,B 112 MET,
LEI         320.17,Teleorman,9/8/2023,Mihai Coman,Auto,Consumabile,Combustibil,B 112 MET,
LEI         291.52,Constanta,10/8/2023,Razvan Rosu,Auto,,Asigurare,B 174 MET,MM ROOF INTERMED SRL
"LEI         1,633.78",Constanta,10/8/2023,Razvan Rosu,Auto,,Leasing,B 174 MET,MM ROOF INTERMED SRL
LEI         291.52,Bucuresti,10/8/2023,Stefan Neculai,Auto,,Asigurare,B 170 CRT,MM ROOF INTERMED SRL
"LEI         1,633.78",Bucuresti,10/8/2023,Stefan Neculai,Auto,,Leasing,B 170 CRT,MM ROOF INTERMED SRL
LEI         282.52,Constanta,10/8/2023,,Showroom,Utilitati,,,MM ROOF INTERMED SRL
LEI         334.00,Bucuresti,16/8/2023,Bebe Marius,Auto,,Combustibil,B 132 MET,
LEI         705.13,Constanta,5/8/2023,Dragos Frangache,Auto,,Asigurare,B 190 CRT,ROOFERS RO
"LEI         1,796.70",Constanta,5/8/2023,Dragos Frangache,Auto,,Leasing,B 190 CRT,ROOFERS RO
LEI         26.00,Bucuresti,16/8/2023,,Auto,,Altele,B 144 CRT,METALLIC GROUP SRL
"LEI         32,000.00",Cheltuieli comune,17/8/2023,,,,,,METALLIC GROUP SRL
LEI         379.00,Constanta,17/8/2023,Razvan Rosu,Auto,,Altele,,MM ROOF INTERMED SRL
LEI         102.52,Bucuresti,19/8/2023,,Showroom,Consumabile,,,METALLIC GROUP SRL
LEI         320.00,Bucuresti,21/8/2023,Bebe Marius,Auto,,Combustibil,B 132 MET,
"LEI         2,100.00",Bucuresti,21/8/2023,,,,,,ROOFERS RO
"LEI         9,800.00",Constanta,21/8/2023,,,,,,MM ROOF INTERMED SRL
LEI         71.88,Giurgiu,22/8/2023,Marian Toma,Showroom,Utilitati,,,
LEI         352.84,Giurgiu,22/8/2023,Marian Toma,Auto,,Combustibil,B 133 MET,
LEI         588.76,Teleorman,22/8/2023,Mihai Coman,Showroom,Utilitati,,,METALLIC GROUP SRL
LEI         370.82,Cheltuieli comune,22/8/2023,,Generale,,,,METALLIC GROUP SRL
LEI         70.00,Cheltuieli comune,22/8/2023,,Angajati,,,,METALLIC GROUP SRL
LEI         750.00,Cheltuieli comune,22/8/2023,,Generale,,,,METALLIC GROUP SRL
LEI         96.25,Bucuresti,23/8/2023,,Showroom,Consumabile,,,METALLIC GROUP SRL
LEI         109.00,Bucuresti,23/8/2023,,Showroom,Consumabile,,,METALLIC GROUP SRL
LEI         608.90,Cheltuieli comune,23/8/2023,,Generale,,,,METALLIC GROUP SRL
LEI         184.89,Cheltuieli comune,23/8/2023,,Generale,,,,METALLIC GROUP SRL
LEI         225.00,Cheltuieli comune,23/8/2023,,Generale,,,,METALLIC GROUP SRL
LEI         294.94,Teleorman,25/8/2023,Mihai Coman,Auto,Consumabile,Combustibil,B 112 MET,
LEI         674.32,Giurgiu,25/8/2023,Marian Toma,Showroom,Utilitati,,,
"LEI         1,000.00",Cheltuieli comune,25/8/2023,,Esalonari Stat,,,,METALLIC GROUP SRL
"LEI         19,200.00",Cheltuieli comune,25/8/2023,,Esalonari Stat,,,,METALLIC GROUP SRL
"LEI         1,800.00",Cheltuieli comune,25/8/2023,,Esalonari Stat,,,,METALLIC GROUP SRL
"LEI         2,900.00",Cheltuieli comune,25/8/2023,,Esalonari Stat,,,,METALLIC GROUP SRL
LEI         535.50,Cheltuieli comune,31/7/2023,,Generale,,,,METALLIC GROUP SRL
LEI         79.14,Cheltuieli comune,25/8/2023,,Generale,,,,METALLIC GROUP SRL
"LEI         1,373.16",Cheltuieli comune,25/8/2023,,Generale,,,,METALLIC GROUP SRL
"LEI         2,717.83",Constanta,25/8/2023,,Showroom,Chirie,,,MM ROOF INTERMED SRL
LEI         353.82,Giurgiu,29/8/2023,Marian Toma,Auto,,Combustibil,B 133 MET,
LEI         330.00,Bucuresti,28/8/2023,Bebe Marius,Auto,,Combustibil,B 132 MET,
"LEI         1,482.00",Giurgiu,1/9/2023,Marian Toma,Showroom,Chirie,,,
LEI         183.26,Bucuresti,31/8/2023,,Showroom,Utilitati,,,METALLIC GROUP SRL
LEI         564.92,Cheltuieli comune,1/9/2023,,Generale,,,,METALLIC GROUP SRL
,,,,,,,,
LEI         280.00,Bucuresti,4/9/2023,Bebe Marius,Auto,,Combustibil,B 132 MET,
"LEI         1,300.00",Bucuresti,4/9/2023,Iulian Marcu,Auto,,,,METALLIC GROUP SRL
"LEI         18,150.00",Cheltuieli comune,4/9/2023,,Bugete Stat,,,,METALLIC GROUP SRL
"LEI         1,179.71",Teleorman,31/8/2023,Mihai Coman,,Marketing,,,METALLIC GROUP SRL
"LEI         1,310.80",Giurgiu,31/8/2023,Marian Toma,,Marketing,,,METALLIC GROUP SRL
LEI         119.00,Constanta,5/9/2023,,Showroom,Utilitati,,,METALLIC GROUP SRL
"LEI         7,416.00",Cheltuieli comune,5/9/2023,,Generale,Marketing,,,METALLIC GROUP SRL
LEI         717.50,Constanta,5/9/2023,Mihai Cristea,Auto,,Service,,METALLIC GROUP SRL
LEI         315.30,Giurgiu,12/9/2023,Marian Toma,Auto,,Combustibil,B 133 MET,
LEI         282.52,Constanta,5/9/2023,Dragos Frangache,Showroom,Utilitati,,,MM ROOF INTERMED SRL
LEI         241.47,"Bucuresti , Constanta",5/9/2023,,Showroom,Utilitati,,,MM ROOF INTERMED SRL
LEI         292.50,Bucuresti,10/9/2023,Stefan Neculai,Auto,,Asigurare,B 170 CRT,MM ROOF INTERMED SRL
"LEI         1,639.23",Bucuresti,10/9/2023,Stefan Neculai,Auto,,Leasing,B 170 CRT,MM ROOF INTERMED SRL
LEI         292.50,Bucuresti,10/9/2023,,Auto,,Asigurare,B 175 MET,MM ROOF INTERMED SRL
"LEI         1,639.23",Bucuresti,10/9/2023,,Auto,,Leasing,B 175 MET,MM ROOF INTERMED SRL
LEI         644.88,Constanta,10/9/2023,Dragos Frangache,Auto,,Asigurare,B 190 CRT,ROOFERS RO
"LEI         1,500.00",Teleorman,10/9/2023,Mihai Coman,Showroom,Chirie,,,METALLIC GROUP SRL
LEI         952.00,Cheltuieli comune,10/9/2023,,Generale,,,,METALLIC GROUP SRL
LEI         294.96,"Giurgiu, Teleorman",10/9/2023,,Showroom,Utilitati,,,METALLIC GROUP SRL
LEI         306.48,Bucuresti,10/9/2023,,Showroom,Altele,,,METALLIC GROUP SRL
LEI         277.61,Bucuresti,10/9/2023,Bebe Marius,Auto,,Asigurare,B 132 MET,METALLIC GROUP SRL
"LEI         1,810.12",Bucuresti,10/9/2023,Bebe Marius,Auto,,Leasing,B 132 MET,METALLIC GROUP SRL
LEI         277.61,Giurgiu,10/9/2023,Marian Toma,Auto,,Asigurare,B 133 MET,METALLIC GROUP SRL
"LEI         1,810.12",Giurgiu,10/9/2023,Marian Toma,Auto,,Leasing,B 133 MET,METALLIC GROUP SRL
LEI         302.43,Teleorman,10/9/2023,Mihai Coman,Auto,,Asigurare,B 112 MET,METALLIC GROUP SRL
"LEI         1,712.81",Teleorman,10/9/2023,Mihai Coman,Auto,,Leasing,B 112 MET,METALLIC GROUP SRL
"LEI         1,794.69",Constanta,10/9/2023,Dragos Frangache,Auto,,Leasing,B 190 CRT,ROOFERS RO
LEI         71.88,Giurgiu,15/9/2023,Marian Toma,Showroom,Utilitati,,,METALLIC GROUP SRL
"LEI         2,846.55",Bucuresti,15/9/2023,Iulian Marcu,Auto,,Service,B 170 CRT,
LEI         119.45,Bucuresti,19/9/2023,,Generale,Consumabile,,,METALLIC GROUP SRL
LEI         690.00,Cheltuieli comune,19/9/2023,,Angajati,,,,METALLIC GROUP SRL
LEI         400.00,Cheltuieli comune,19/9/2023,,Angajati,,,,MM ROOF INTERMED SRL
"LEI         1,265.84",Bucuresti,19/9/2023,,Showroom,Consumabile,,,METALLIC GROUP SRL
LEI         200.00,Bucuresti,19/9/2023,,Showroom,Chirie,,,ROOFERS RO
LEI         200.00,Constanta,19/9/2023,,Showroom,Chirie,,,MM ROOF INTERMED SRL
"LEI         6,400.00",Bucuresti,19/9/2023,,Showroom,Chirie,,,METALLIC GROUP SRL
"LEI         59,645.41",Teleorman,20/9/2023,,Showroom,Altele,,,MM ROOF INTERMED SRL
LEI         239.91,Bucuresti,18/9/2023,RALUCA Munteanu,Auto,,Combustibil,B 720 MRR,METALLIC GROUP SRL
LEI         325.05,Bucuresti,21/9/2023,Bebe Marius,Auto,,Combustibil,B 132 MET,
"LEI         3,086.50",Bucuresti,25/9/2023,,Showroom,Altele,,,METALLIC GROUP SRL
LEI         297.75,Constanta,25/9/2023,Razvan Rosu,Auto,,Asigurare,B 174 MET,MM ROOF INTERMED SRL
"LEI         1,751.59",Constanta,25/9/2023,Razvan Rosu,Auto,,Leasing,B 174 MET,MM ROOF INTERMED SRL
LEI         54.01,Bucuresti,25/9/2023,,Generale,Altele,,,METALLIC GROUP SRL
LEI         323.00,Giurgiu,18/9/2023,Marian Toma,Auto,,Combustibil,B 133 MET,
LEI         74.00,Constanta,27/9/2023,,Showroom,Consumabile,,,MM ROOF INTERMED SRL
LEI         333.00,Giurgiu,26/9/2023,Marian Toma,Auto,,Combustibil,B 133 MET,
"LEI         30,450.00",Cheltuieli comune,25/9/2023,,Bugete Stat,,,,METALLIC GROUP SRL
"LEI         2,286.18","Giurgiu, Teleorman",25/9/2023,,Altele,Marketing,,,METALLIC GROUP SRL
"LEI         1,546.40",Cheltuieli comune,26/9/2023,,Altele,,,,METALLIC GROUP SRL
LEI         183.26,Bucuresti,29/9/2023,,Showroom,Utilitati,,,METALLIC GROUP SRL
LEI         107.97,Cheltuieli comune,29/9/2023,,Generale,Altele,,,METALLIC GROUP SRL
LEI         212.91,Constanta,2/10/2023,,Auto,,Altele,,MM ROOF INTERMED SRL
LEI         282.52,Constanta,4/10/2023,,Showroom,Utilitati,,,MM ROOF INTERMED SRL
"LEI         1,492.00",Giurgiu,3/10/2023,Marian Toma,Showroom,Chirie,,,
LEI         430.03,Giurgiu,4/10/2023,Marian Toma,Auto,,Combustibil,B 133 MET,
"LEI         1,990.00",Bucuresti,25/9/2023,,Bugete Stat,,,,ROOFERS RO
"LEI         17,100.00",Constanta,25/9/2023,,Bugete Stat,,,,MM ROOF INTERMED SRL
LEI         584.10,Constanta,10/10/2023,,Auto,,Asigurare,IF 83 CRT,METALLIC GROUP SRL
"LEI         1,805.11",Constanta,10/10/2023,Dragos Frangache,Auto,,Leasing,B 190 CRT,ROOFERS RO
LEI         648.63,Constanta,10/10/2023,Dragos Frangache,Auto,,Asigurare,B 190 CRT,ROOFERS RO
LEI         282.52,Constanta,10/10/2023,,Showroom,Utilitati,,,MM ROOF INTERMED SRL
LEI         119.00,Constanta,10/10/2023,,Showroom,Utilitati,,,METALLIC GROUP SRL
LEI         107.77,Bucuresti,10/10/2023,,Showroom,Utilitati,,,METALLIC GROUP SRL
"LEI         2,512.53",Cheltuieli comune,6/10/2023,,Generale,Marketing,,,METALLIC GROUP SRL
LEI         242.48,"Bucuresti , Constanta",9/10/2023,,Showroom,Utilitati,,,MM ROOF INTERMED SRL
"LEI         2,380.00",Constanta,9/10/2023,,Showroom,Chirie,,,MM ROOF INTERMED SRL
LEI         296.26,Bucuresti,9/10/2023,,Auto,,Asigurare,B 170 CRT,MM ROOF INTERMED SRL
"LEI         1,664.75",Bucuresti,9/10/2023,,Auto,,Leasing,B 170 CRT,MM ROOF INTERMED SRL
"LEI         1,063.38",Giurgiu,5/10/2023,Marian Toma,Showroom,Utilitati,,,
LEI         952.00,Cheltuieli comune,10/10/2023,,Generale,,,,METALLIC GROUP SRL
"LEI         2,150.00",Constanta,10/10/2023,Dragos Frangache,Altele,,,,METALLIC GROUP SRL
LEI         277.82,Giurgiu,11/10/2023,Marian Toma,Auto,,Asigurare,B 133 MET,METALLIC GROUP SRL
"LEI         1,811.57",Giurgiu,11/10/2023,Marian Toma,Auto,,Leasing,B 133 MET,METALLIC GROUP SRL
LEI         277.82,,11/10/2023,,Auto,,Asigurare,B 132 MET,METALLIC GROUP SRL
"LEI         1,811.57",,11/10/2023,,Auto,,Leasing,B 132 MET,METALLIC GROUP SRL
LEI         302.67,,11/10/2023,,Auto,,Asigurare,B 112 MET,METALLIC GROUP SRL
"LEI         1,714.18",,11/10/2023,,Auto,,Leasing,B 112 MET,METALLIC GROUP SRL
"LEI         6,056.40",Cheltuieli comune,11/10/2023,,Generale,Marketing,,,METALLIC GROUP SRL
LEI         109.00,Bucuresti,11/10/2023,,Showroom,Altele,,,METALLIC GROUP SRL
"LEI         24,900.00",Cheltuieli comune,11/10/2023,,Esalonari Stat,,,,METALLIC GROUP SRL
LEI         70.00,Bucuresti,11/10/2023,Sergiu Birsan,Angajati,,,,METALLIC GROUP SRL
LEI         292.73,Bucuresti,11/10/2023,Marian Costache,Auto,,Asigurare,B 175 MET,MM ROOF INTERMED SRL
"LEI         1,640.55",Bucuresti,11/10/2023,Marian Costache,Auto,,Leasing,B 175 MET,MM ROOF INTERMED SRL
LEI         292.73,Bucuresti,11/10/2023,Sergiu Birsan,Auto,,Asigurare,B 174 MET,MM ROOF INTERMED SRL
"LEI         1,640.55",Bucuresti,11/10/2023,Sergiu Birsan,Auto,,Leasing,B 174 MET,MM ROOF INTERMED SRL
LEI         394.92,Constanta,18/8/2023,Dragos Frangache,Auto,,Combustibil,B 190 CRT,MM ROOF INTERMED SRL
LEI         442.35,Constanta,15/9/2023,Dragos Frangache,Auto,,Combustibil,B 190 CRT,MM ROOF INTERMED SRL
LEI         431.35,Constanta,4/10/2023,Dragos Frangache,Auto,,Combustibil,B 190 CRT,MM ROOF INTERMED SRL
LEI         437.03,Constanta,29/8/2023,Dragos Frangache,Auto,,Combustibil,B 190 CRT,MM ROOF INTERMED SRL
LEI         323.68,Constanta,16/8/2023,Dragos Frangache,Auto,,Combustibil,B 190 CRT,MM ROOF INTERMED SRL
LEI         372.64,Constanta,2/10/2023,Dragos Frangache,Auto,,Combustibil,B 190 CRT,MM ROOF INTERMED SRL
LEI         388.90,Constanta,24/8/2023,Dragos Frangache,Auto,,Combustibil,B 190 CRT,MM ROOF INTERMED SRL
LEI         397.19,Constanta,25/9/2023,Dragos Frangache,Auto,,Combustibil,B 190 CRT,MM ROOF INTERMED SRL
LEI         441.72,Constanta,10/10/2023,Dragos Frangache,Auto,,Combustibil,B 190 CRT,MM ROOF INTERMED SRL
LEI         298.99,Constanta,28/9/2023,Dragos Frangache,Auto,,Combustibil,B 190 CRT,MM ROOF INTERMED SRL
LEI         43.00,Constanta,16/10/2023,Oana,Showroom,,Altele,,METALLIC GROUP SRL
LEI         71.88,Giurgiu,17/10/2023,Marian Toma,Showroom,Utilitati,,,
LEI         343.55,Giurgiu,17/10/2023,Marian Toma,Auto,,Combustibil,B 133 MET,
LEI         327.10,Constanta,4/8/2023,Razvan Rosu,Auto,,Combustibil,B 174 MET,MM ROOF INTERMED SRL
LEI         177.00,Constanta,30/8/2023,Razvan Rosu,Auto,,Combustibil,B 174 MET,MM ROOF INTERMED SRL
LEI         327.01,Constanta,14/9/2023,Razvan Rosu,Auto,,Combustibil,B 174 MET,MM ROOF INTERMED SRL
LEI         317.75,Constanta,1/8/2023,Razvan Rosu,Auto,,Combustibil,B 174 MET,MM ROOF INTERMED SRL
LEI         291.52,Constanta,4/10/2023,Razvan Rosu,Auto,,Combustibil,B 174 MET,MM ROOF INTERMED SRL
LEI         356.59,Constanta,28/8/2023,Razvan Rosu,Auto,,Combustibil,B 174 MET,MM ROOF INTERMED SRL
LEI         346.27,Constanta,22/9/2023,Razvan Rosu,Auto,,Combustibil,B 174 MET,MM ROOF INTERMED SRL
LEI         177.00,Constanta,30/8/2023,Razvan Rosu,Auto,,Combustibil,B 174 MET,MM ROOF INTERMED SRL
LEI         292.72,Constanta,22/7/2023,Razvan Rosu,Auto,,Combustibil,B 174 MET,MM ROOF INTERMED SRL
LEI         348.96,Constanta,19/9/2023,Razvan Rosu,Auto,,Combustibil,B 174 MET,MM ROOF INTERMED SRL
LEI         340.02,Constanta,22/8/2023,Razvan Rosu,Auto,,Combustibil,B 174 MET,MM ROOF INTERMED SRL
LEI         350.45,Constanta,17/10/2023,Razvan Rosu,Auto,,Combustibil,IF 83 CRT,MM ROOF INTERMED SRL
LEI         369.00,Constanta,18/10/2023,Dragos Frangache,Auto,,Combustibil,B 190 CRT,MM ROOF INTERMED SRL
LEI         230.30,Constanta,13/10/2023,Razvan Rosu,Auto,,Combustibil,IF 83 CRT,
LEI         285.60,Constanta,18/10/2023,Dragos Frangache,Auto,,Service,B 190 CRT,METALLIC GROUP SRL
LEI         325.08,Bucuresti,13/10/2023,,Auto,,Combustibil,B 170 MET,
"LEI         9,050.00",Constanta,25/9/2023,,Bugete Stat,,,,MM ROOF INTERMED SRL
"LEI         1,705.00",Giurgiu,23/10/2023,Marian Toma,Auto,,Asigurare,B 133 MET,METALLIC GROUP SRL
"LEI         1,705.00",Giurgiu,23/10/2023,,Auto,,Asigurare,B 112 MET,METALLIC GROUP SRL
"LEI         1,705.00",Bucuresti,23/10/2023,,Auto,,Asigurare,B 132 MET,METALLIC GROUP SRL
LEI         297.92,Bucuresti,23/10/2023,,Auto,,Leasing,B 170 CRT,MM ROOF INTERMED SRL
"LEI         1,723.14",Bucuresti,23/10/2023,,Auto,,Asigurare,B 170 CRT,MM ROOF INTERMED SRL
LEI         337.03,Giurgiu,24/10/2023,Marian Toma,Auto,,Combustibil,B 112 MET,
LEI         316.61,Giurgiu,19/10/2023,Marian Toma,Auto,,Combustibil,B 133 MET,
LEI         368.79,Constanta,24/10/2023,Razvan Rosu,Auto,,Combustibil,IF 83 CRT,
LEI         95.20,Bucuresti,24/10/2023,Sergiu Birsan,Angajati,,,,METALLIC GROUP SRL
"LEI         64,000.00",Cheltuieli comune,26/10/2023,,TVA,,,,METALLIC GROUP SRL
"LEI         18,650.00",Cheltuieli comune,31/10/2023,,Bugete Stat,,,,METALLIC GROUP SRL
"LEI         1,578.28",Cheltuieli comune,31/10/2023,,Angajati,,,,METALLIC GROUP SRL
LEI         283.45,Constanta,31/10/2023,,Showroom,Utilitati,,,MM ROOF INTERMED SRL
LEI         183.26,Bucuresti,1/11/2023,,Showroom,Utilitati,,,METALLIC GROUP SRL
"LEI         7,452.75",Cheltuieli comune,1/11/2023,,Generale,Marketing,,,METALLIC GROUP SRL
"LEI         1,900.00",Constanta,2/11/2023,Razvan Rosu,Auto,,Service,IF 83 CRT,METALLIC GROUP SRL
LEI         282.52,Constanta,3/11/2023,,,Utilitati,,,MM ROOF INTERMED SRL
LEI         119.00,Constanta,6/11/2023,,Showroom,Utilitati,,,METALLIC GROUP SRL
LEI         306.48,Bucuresti,6/11/2023,,Showroom,Utilitati,,,METALLIC GROUP SRL
LEI         329.67,Giurgiu,27/10/2023,Marian Toma,Auto,,Combustibil,B 133 MET,
LEI         323.50,Giurgiu,1/11/2023,Marian Toma,Auto,,Combustibil,B 133 MET,
"LEI         1,490.00",Giurgiu,1/11/2023,Marian Toma,Showroom,Chirie,,,
LEI         293.22,Giurgiu,,Marian Toma,Auto,,Combustibil,B 112 MET,
"LEI         1,803.24",Constanta,7/11/2023,Dragos Frangache,Auto,,Leasing,B 190 CRT,ROOFERS RO
LEI         647.96,Constanta,7/11/2023,Dragos Frangache,Auto,,Asigurare,B 190 CRT,ROOFERS RO
LEI         242.48,"Bucuresti , Constanta",7/11/2023,,Showroom,Utilitati,,,MM ROOF INTERMED SRL
"LEI         2,380.00",Constanta,7/11/2023,,Showroom,Chirie,,,MM ROOF INTERMED SRL
LEI         296.19,"Giurgiu, Teleorman",8/11/2023,,Showroom,Altele,,,METALLIC GROUP SRL
LEI         148.10,"Giurgiu, Teleorman",8/11/2023,,Showroom,Altele,,,METALLIC GROUP SRL
LEI         242.46,"Bucuresti , Constanta",8/11/2023,,Showroom,Altele,,,MM ROOF INTERMED SRL
LEI         282.94,Giurgiu,10/11/2023,Marian Toma,Auto,,Combustibil,B 133 MET,
LEI         423.12,Constanta,26/10/2023,Dragos Frangache,Auto,,Combustibil,B 190 CRT,MM ROOF INTERMED SRL
LEI         378.16,Bucuresti,2/11/2023,Dragos Frangache,Auto,,Combustibil,B 190 CRT,MM ROOF INTERMED SRL
LEI         411.26,Teleorman,7/11/2023,Dragos Frangache,Auto,,Combustibil,B 190 CRT,MM ROOF INTERMED SRL
LEI         346.88,Constanta,10/11/2023,Dragos Frangache,Auto,,Combustibil,B 190 CRT,MM ROOF INTERMED SRL
LEI         71.88,Giurgiu,8/11/2023,Marian Toma,Showroom,Utilitati,,,
LEI         282.02,Giurgiu,14/11/2023,Marian Toma,Auto,,Combustibil,B 133 MET,
"LEI         7,000.00",Cheltuieli comune,10/11/2023,,Generale,,,,METALLIC GROUP SRL
LEI         277.77,Giurgiu,13/11/2023,Marian Toma,Auto,,Asigurare,B 133 MET,METALLIC GROUP SRL
"LEI         1,811.25",Giurgiu,13/11/2023,Marian Toma,Auto,,Leasing,B 133 MET,METALLIC GROUP SRL
LEI         277.77,Giurgiu,13/11/2023,,Auto,,Asigurare,B 112 MET,METALLIC GROUP SRL
"LEI         1,811.25",Giurgiu,13/11/2023,,Auto,,Leasing,B 112 MET,METALLIC GROUP SRL
LEI         302.60,Bucuresti,13/11/2023,,Auto,,Asigurare,B 132 MET,METALLIC GROUP SRL
"LEI         1,713.87",Bucuresti,13/11/2023,,Auto,,Leasing,B 132 MET,METALLIC GROUP SRL
"LEI         2,284.22","Giurgiu, Teleorman",13/11/2023,,Altele,Marketing,,,METALLIC GROUP SRL
"LEI         21,566.00",Cheltuieli comune,13/11/2023,,Esalonari Stat,,,,METALLIC GROUP SRL
LEI         292.67,Bucuresti,13/11/2023,Marian Costache,Auto,,Asigurare,B 175 MET,MM ROOF INTERMED SRL
"LEI         1,640.26",Bucuresti,13/11/2023,Marian Costache,Auto,,Leasing,B 175 MET,MM ROOF INTERMED SRL
LEI         292.67,Bucuresti,13/11/2023,Sergiu Birsan,Auto,,Asigurare,B 174 MET,MM ROOF INTERMED SRL
"LEI         1,640.26",Bucuresti,13/11/2023,Sergiu Birsan,Auto,,Leasing,B 174 MET,MM ROOF INTERMED SRL
LEI         295.78,Giurgiu,15/11/2023,Marian Toma,Auto,,Combustibil,B 112 MET,
"LEI         18,340.28",Cheltuieli comune,16/11/2023,,Generale,,,,METALLIC GROUP SRL
LEI         160.00,Giurgiu,17/11/2023,Marian Toma,Showroom,Consumabile,,,
"LEI         14,580.00",Constanta,21/11/2023,,Bugete Stat,,,,MM ROOF INTERMED SRL
"LEI         1,940.00",Bucuresti,21/11/2023,,Bugete Stat,,,,ROOFERS RO
LEI         952.00,Cheltuieli comune,21/11/2023,,,,,,METALLIC GROUP SRL
"LEI         59,545.40",Cheltuieli comune,21/11/2023,,Showroom,,,,MM ROOF INTERMED SRL
"LEI         17,000.00",Cheltuieli comune,27/11/2023,,Bugete Stat,,,,METALLIC GROUP SRL
LEI         284.59,Giurgiu,24/11/2023,Marian Toma,Auto,,Combustibil,B 133 MET,
LEI         616.00,Bucuresti,29/11/2023,,Altele,Consumabile,,,METALLIC GROUP SRL
"LEI         1,831.16",Cheltuieli comune,29/11/2023,,Angajati,,,,METALLIC GROUP SRL
LEI         120.00,Giurgiu,29/11/2023,Marian Toma,Auto,,Service,B 112 MET,METALLIC GROUP SRL
"LEI         2,273.50",Cheltuieli comune,29/11/2023,,Generale,,,,METALLIC GROUP SRL
LEI         738.20,Bucuresti,29/11/2023,,Auto,,Service,B 144 CRT,METALLIC GROUP SRL
LEI         183.26,Bucuresti,1/12/2023,,Showroom,Utilitati,,,METALLIC GROUP SRL
LEI         568.06,Cheltuieli comune,1/12/2023,,Auto,,Altele,,METALLIC GROUP SRL
LEI         952.00,Cheltuieli comune,1/12/2023,,Generale,,,,METALLIC GROUP SRL
"LEI         4,972.50",Cheltuieli comune,1/12/2023,,Generale,Marketing,,,METALLIC GROUP SRL
"LEI         2,983.50",Cheltuieli comune,1/12/2023,,Generale,Marketing,,,METALLIC GROUP SRL
LEI         229.58,Giurgiu,29/11/2023,Marian Toma,Auto,,Combustibil,B 133 MET,
"LEI         1,169.99",Giurgiu,5/12/2023,Marian Toma,Showroom,Utilitati,,,
"LEI         1,492.00",Giurgiu,5/12/2023,Marian Toma,Showroom,Chirie,,,
LEI         300.73,Giurgiu,5/12/2023,Marian Toma,Auto,,Combustibil,,
LEI         119.00,Constanta,5/12/2023,,Showroom,Utilitati,,,METALLIC GROUP SRL
"LEI         1,802.41",Constanta,6/12/2023,Dragos Frangache,Auto,,Leasing,B 190 CRT,ROOFERS RO
LEI         647.66,Constanta,6/12/2023,Dragos Frangache,Auto,,Asigurare,B 190 CRT,ROOFERS RO
LEI         282.52,Constanta,6/12/2023,,Showroom,Utilitati,,,MM ROOF INTERMED SRL
LEI         266.00,Giurgiu,6/12/2023,Marian Toma,Auto,,Combustibil,B 132 MET,
LEI         306.48,Bucuresti,11/12/2023,,Showroom,Utilitati,,,METALLIC GROUP SRL
"LEI         2,150.00",Constanta,11/12/2023,Dragos Frangache,,,,,METALLIC GROUP SRL
LEI         71.88,Giurgiu,14/12/2023,Marian Toma,Showroom,Utilitati,,,
LEI         235.14,Giurgiu,15/12/2023,Marian Toma,Auto,,Combustibil,B 133 MET,
LEI         296.00,Giurgiu,18/12/2023,Marian Toma,Auto,,Combustibil,B 112 MET,
LEI         256.56,Giurgiu,16/1/2024,Marian Toma,Auto,,Combustibil,B 133 MET,
"LEI         1,492.00",Giurgiu,10/1/2024,Marian Toma,Showroom,Chirie,,,
LEI         72.00,Giurgiu,16/1/2024,Marian Toma,Showroom,Utilitati,,,
LEI         142.80,Bucuresti,13/12/2023,,Showroom,Altele,,,ROOFERS RO
"LEI         1,930.00",Bucuresti,8/1/2024,,Bugete Stat,,,,ROOFERS RO
LEI         648.33,Constanta,8/1/2024,Dragos Frangache,Auto,,Asigurare,B 190 CRT,ROOFERS RO
"LEI         1,804.28",Constanta,8/1/2024,Dragos Frangache,Auto,,Leasing,B 190 CRT,ROOFERS RO
"LEI         1,560.00",Bucuresti,15/1/2024,,Bugete Stat,,,,ROOFERS RO
LEI         297.87,Bucuresti,21/11/2023,,Auto,,Asigurare,B 170 CRT,MM ROOF INTERMED SRL
"LEI         1,673.83",Bucuresti,21/11/2023,,Auto,,Leasing,B 170 CRT,MM ROOF INTERMED SRL
"LEI         14,580.00",Constanta,21/11/2023,,Bugete Stat,,,,MM ROOF INTERMED SRL
"LEI         2,380.00",Constanta,4/12/2023,,Showroom,Chirie,,,MM ROOF INTERMED SRL
LEI         282.52,Constanta,6/12/2023,,Showroom,Utilitati,,,MM ROOF INTERMED SRL
LEI         285.60,Constanta,13/12/2023,,Showroom,Altele,,,MM ROOF INTERMED SRL
LEI         292.70,Bucuresti,13/12/2023,Marian Costache,Auto,,Asigurare,B 175 MET,MM ROOF INTERMED SRL
"LEI         1,640.39",Bucuresti,13/12/2023,Marian Costache,Auto,,Leasing,B 175 MET,MM ROOF INTERMED SRL
LEI         292.70,Bucuresti,13/12/2023,Sergiu Birsan,Auto,,Asigurare,B 174 MET,MM ROOF INTERMED SRL
"LEI         1,640.39",Bucuresti,13/12/2023,Sergiu Birsan,Auto,,Leasing,B 174 MET,MM ROOF INTERMED SRL
"LEI         26,500.00",Constanta,23/12/2023,,Bugete Stat,,,,MM ROOF INTERMED SRL
"LEI         8,420.00",Constanta,23/12/2023,,Bugete Stat,,,,MM ROOF INTERMED SRL
LEI         297.82,Bucuresti,23/12/2023,,Auto,,Asigurare,B 170 CRT,MM ROOF INTERMED SRL
"LEI         1,673.59",Bucuresti,23/12/2023,,Auto,,Leasing,B 170 CRT,MM ROOF INTERMED SRL
LEI         212.91,Cheltuieli comune,23/12/2023,,Showroom,,,,MM ROOF INTERMED SRL
LEI         242.56,,8/1/2024,,Showroom,,,,MM ROOF INTERMED SRL
"LEI         2,938.98",Constanta,15/1/2024,,Showroom,Chirie,,,MM ROOF INTERMED SRL
"LEI         1,641.63",Bucuresti,15/1/2024,Marian Costache,Auto,,Leasing,B 175 MET,MM ROOF INTERMED SRL
LEI         292.92,Bucuresti,15/1/2024,Marian Costache,Auto,,Asigurare,B 175 MET,MM ROOF INTERMED SRL
"LEI         1,641.63",Bucuresti,15/1/2024,Sergiu Birsan,Auto,,Leasing,B 174 MET,MM ROOF INTERMED SRL
LEI         292.92,Bucuresti,15/1/2024,Sergiu Birsan,Auto,,Asigurare,B 174 MET,MM ROOF INTERMED SRL
"LEI         2,237.70",Cheltuieli comune,15/12/2023,,Generale,Marketing,,,METALLIC GROUP SRL
LEI         277.80,Giurgiu,15/12/2023,Marian Toma,Auto,,Asigurare,B 133 MET,METALLIC GROUP SRL
"LEI         1,811.38",Giurgiu,15/12/2023,Marian Toma,Auto,,Leasing,B 133 MET,METALLIC GROUP SRL
LEI         277.80,Giurgiu,15/12/2023,Nicușor Bălan,Auto,,Asigurare,B 112 MET,METALLIC GROUP SRL
"LEI         1,811.38",Giurgiu,15/12/2023,Nicușor Bălan,Auto,,Leasing,B 112 MET,METALLIC GROUP SRL
LEI         302.64,Bucuresti,15/12/2023,,Auto,,Asigurare,B 132 MET,METALLIC GROUP SRL
"LEI         1,714.00",Bucuresti,15/12/2023,,Auto,,Leasing,B 132 MET,METALLIC GROUP SRL
"LEI         52,101.00",Cheltuieli comune,15/12/2023,,TVA,,,,METALLIC GROUP SRL
"LEI         6,085.92",Cheltuieli comune,18/12/2023,,Generale,Marketing,,,METALLIC GROUP SRL
"LEI         16,580.00",Cheltuieli comune,20/12/2023,,Bugete Stat,,,,METALLIC GROUP SRL
"LEI         27,685.00",Cheltuieli comune,23/12/2023,,TVA,,,,METALLIC GROUP SRL
"LEI         2,187.36",Cheltuieli comune,5/1/2024,,Generale,Altele,,,METALLIC GROUP SRL
LEI         306.48,Bucuresti,8/1/2024,,Showroom,Utilitati,,,METALLIC GROUP SRL
"LEI         1,917.21",Cheltuieli comune,8/1/2024,,Generale,,,,METALLIC GROUP SRL
LEI         952.00,Cheltuieli comune,8/1/2024,,Generale,Marketing,,,METALLIC GROUP SRL
LEI         183.26,Bucuresti,8/1/2024,,Showroom,Utilitati,,,METALLIC GROUP SRL
"LEI         2,150.00",Constanta,10/1/2024,Dragos Frangache,Showroom,Chirie,,,METALLIC GROUP SRL
LEI         278.01,Giurgiu,15/1/2024,Marian Toma,Auto,,Asigurare,B 133 MET,METALLIC GROUP SRL
"LEI         1,812.75",Giurgiu,15/1/2024,Marian Toma,Auto,,Leasing,B 133 MET,METALLIC GROUP SRL
"LEI         1,812.75",Giurgiu,15/1/2024,Nicușor Bălan,Auto,,Leasing,B 112 MET,METALLIC GROUP SRL
LEI         302.87,Giurgiu,15/1/2024,Nicușor Bălan,Auto,,Asigurare,B 112 MET,METALLIC GROUP SRL
"LEI         1,715.30",Bucuresti,15/1/2024,,Auto,,Leasing,B 132 MET,METALLIC GROUP SRL
LEI         278.01,Bucuresti,15/1/2024,,Auto,,Asigurare,B 132 MET,METALLIC GROUP SRL
LEI         119.00,Constanta,15/1/2024,,Showroom,Utilitati,,,METALLIC GROUP SRL
LEI         261.80,Bucuresti,15/1/2024,,Showroom,Altele,,,METALLIC GROUP SRL
"LEI         1,491.60",Cheltuieli comune,15/1/2024,,Generale,Marketing,,,METALLIC GROUP SRL
"LEI         3,057.78",Cheltuieli comune,16/1/2024,,Generale,Marketing,,,METALLIC GROUP SRL
"LEI         1,142.40",Cheltuieli comune,22/1/2024,,Generale,Marketing,,,METALLIC GROUP SRL
LEI         298.21,Bucuresti,23/1/2024,,Auto,,Asigurare,B 170 CRT,MM ROOF INTERMED SRL
"LEI         1,675.80",Bucuresti,23/1/2024,,Auto,,Leasing,B 170 CRT,MM ROOF INTERMED SRL
LEI         300.85,Constanta,23/1/2024,Dragos Frangache,Auto,,Combustibil,B 132 MET,MM ROOF INTERMED SRL
LEI         299.44,Giurgiu,25/1/2024,Marian Toma,Auto,,Combustibil,B 133 MET,MM ROOF INTERMED SRL
LEI         139.31,Giurgiu,19/1/2024,Marian Toma,Auto,,Rovigneta,B 133 MET,
LEI         347.00,Constanta,25/1/2024,Dragos Frangache,Auto,,Combustibil,B 190 CRT,MM ROOF INTERMED SRL
LEI         400.00,Bucuresti,26/1/2024,,,,,,MM ROOF INTERMED SRL
LEI         400.00,Bucuresti,26/1/2024,,,,,,ROOFERS RO
LEI         119.00,Bucuresti,23/1/2024,,Showroom,Altele,,,METALLIC GROUP SRL
LEI         58.31,Bucuresti,25/1/2024,,Showroom,Securitate,,,METALLIC GROUP SRL
"LEI         1,687.06",Cheltuieli comune,29/1/2024,,Generale,,,,METALLIC GROUP SRL
LEI         43.38,Cheltuieli comune,29/1/2024,,Generale,,,,METALLIC GROUP SRL
"LEI         7,000.00",Cheltuieli comune,29/1/2024,,Generale,,,,MM ROOF INTERMED SRL
LEI         577.70,Constanta,29/1/2024,,Showroom,Utilitati,,,MM ROOF INTERMED SRL
"LEI         17,850.00",Bucuresti,29/1/2024,,Showroom,,,,MM ROOF INTERMED SRL
LEI         390.00,Giurgiu,25/1/2024,Marian Toma,Showroom,Altele,,,
LEI         325.00,Giurgiu,29/1/2024,Nicușor Bălan,Auto,,Combustibil,B 112 MET,
LEI         140.00,Giurgiu,27/1/2024,Nicușor Bălan,Auto,,Rovigneta,B 112 MET,
"LEI         17,094.00",Constanta,31/1/2024,,TVA,,,,MM ROOF INTERMED SRL
LEI         242.56,"Bucuresti , Constanta",31/1/2024,,Showroom,Altele,,,MM ROOF INTERMED SRL
"LEI         5,606.00",Bucuresti,31/1/2024,,Bugete Stat,,,,METALLIC GROUP SRL
LEI         952.00,Cheltuieli comune,31/1/2024,,Generale,,,,METALLIC GROUP SRL
LEI         770.49,Bucuresti,29/1/2024,,Showroom,Altele,,,METALLIC GROUP SRL
"LEI         1,241.64",Bucuresti,25/1/2024,,Showroom,Consumabile,,,METALLIC GROUP SRL
LEI         130.80,Bucuresti,25/1/2024,,Showroom,Consumabile,,,METALLIC GROUP SRL
LEI         113.94,Bucuresti,26/1/2024,,Showroom,Consumabile,,,METALLIC GROUP SRL
"LEI         2,000.00",Bucuresti,29/1/2024,,Generale,Altele,,,METALLIC GROUP SRL
LEI         271.00,Cheltuieli comune,26/2/2024,,Generale,Altele,,,METALLIC GROUP SRL
LEI         160.00,Cheltuieli comune,29/1/2024,,Generale,Consumabile,,,METALLIC GROUP SRL
LEI         55.56,Cheltuieli comune,25/1/2024,,Auto,,Altele,,METALLIC GROUP SRL
LEI         83.14,Cheltuieli comune,23/1/2024,,Auto,,Altele,,METALLIC GROUP SRL
"LEI         6,400.00",Bucuresti,23/1/2024,,Showroom,Chirie,,,METALLIC GROUP SRL
LEI         312.02,Constanta,18/1/2024,,Auto,,Combustibil,B 190 CRT,METALLIC GROUP SRL
LEI         259.63,Cheltuieli comune,10/1/2024,,Altele,,,,METALLIC GROUP SRL
LEI         52.79,Cheltuieli comune,18/1/2024,,Altele,,,,METALLIC GROUP SRL
LEI         33.80,Cheltuieli comune,18/1/2024,,Altele,,,,METALLIC GROUP SRL
LEI         255.58,Cheltuieli comune,18/1/2024,,Altele,,,,METALLIC GROUP SRL
"LEI         1,848.06",Cheltuieli comune,18/1/2024,,Altele,,,,METALLIC GROUP SRL
LEI         595.00,Cheltuieli comune,16/1/2024,,Altele,,,,METALLIC GROUP SRL
LEI         795.00,Cheltuieli comune,10/1/2024,,Altele,,,,METALLIC GROUP SRL
LEI         62.31,Cheltuieli comune,12/1/2024,,Altele,,,,METALLIC GROUP SRL
LEI         532.72,Cheltuieli comune,12/1/2024,,Altele,,,,METALLIC GROUP SRL
"LEI         1,192.67",Cheltuieli comune,9/1/2024,,Altele,,,,METALLIC GROUP SRL
LEI         99.94,Constanta,12/1/2024,Dragos Frangache,Auto,,Combustibil,B 190 CRT,METALLIC GROUP SRL
LEI         149.90,Constanta,11/1/2024,Dragos Frangache,Auto,,Combustibil,B 190 CRT,METALLIC GROUP SRL
LEI         208.61,Bucuresti,29/1/2024,RALUCA Munteanu,Auto,,Combustibil,B 720 MRR,METALLIC GROUP SRL
LEI         148.80,Bucuresti,26/1/2024,,Showroom,Consumabile,,,METALLIC GROUP SRL
LEI         421.58,Constanta,1/2/2024,Dragos Frangache,Auto,,Combustibil,B 190 CRT,MM ROOF INTERMED SRL
"LEI         1,493.00",Giurgiu,2/2/2024,Marian Toma,Showroom,Chirie,,,
LEI         639.00,Giurgiu,5/2/2024,Marian Toma,Showroom,Utilitati,,,
"LEI         1,545.50",Cheltuieli comune,2/2/2024,,Generale,,,,METALLIC GROUP SRL
"LEI         1,800.00",Cheltuieli comune,2/2/2024,,Generale,,,,METALLIC GROUP SRL
"LEI         1,093.00",Cheltuieli comune,5/2/2024,,Generale,,,,METALLIC GROUP SRL
LEI         90.00,Cheltuieli comune,5/2/2024,,Generale,,,,METALLIC GROUP SRL
LEI         91.39,Bucuresti,2/2/2024,,Showroom,Consumabile,,,METALLIC GROUP SRL
LEI         95.89,Bucuresti,7/2/2024,,Showroom,Consumabile,,,METALLIC GROUP SRL
LEI         477.78,Bucuresti,7/2/2024,,Auto,,Rovigneta,B 144 CRT,METALLIC GROUP SRL
LEI         97.79,Bucuresti,8/2/2024,,Showroom,Consumabile,,,METALLIC GROUP SRL
"LEI         6,400.00",Bucuresti,12/2/2024,,Showroom,Chirie,,,METALLIC GROUP SRL
LEI         81.54,Bucuresti,12/2/2024,,Showroom,Consumabile,,,METALLIC GROUP SRL
LEI         255.37,Bucuresti,7/2/2024,,Showroom,Consumabile,,,METALLIC GROUP SRL
LEI         160.58,Bucuresti,2/2/2024,,Generale,Marketing,,,METALLIC GROUP SRL
LEI         200.00,Bucuresti,12/2/2024,,Showroom,Chirie,,,ROOFERS RO
LEI         183.26,Bucuresti,5/2/2024,,Showroom,Securitate,,,METALLIC GROUP SRL
LEI         333.20,Cheltuieli comune,5/2/2024,,Generale,,,,METALLIC GROUP SRL
"LEI         12,947.00",Cheltuieli comune,7/2/2024,,Bugete Stat,,,,METALLIC GROUP SRL
"LEI         31,725.00",Cheltuieli comune,7/2/2024,,TVA,,,,METALLIC GROUP SRL
"LEI         2,553.52",Bucuresti,7/2/2024,,,,Asigurare,,METALLIC GROUP SRL
LEI         89.04,"Giurgiu, Teleorman",12/2/2024,,Showroom,Altele,,,METALLIC GROUP SRL
LEI         306.47,Bucuresti,12/2/2024,,Showroom,Utilitati,,,METALLIC GROUP SRL
LEI         119.00,Constanta,12/2/2024,,Showroom,Securitate,,,METALLIC GROUP SRL
"LEI         4,426.50",Cheltuieli comune,7/2/2024,,Generale,,,,METALLIC GROUP SRL
"LEI         2,513.54",Cheltuieli comune,12/2/2024,,Generale,,,,METALLIC GROUP SRL
LEI         648.30,Constanta,12/2/2024,Dragos Frangache,Auto,,Asigurare,B 190 CRT,ROOFERS RO
"LEI         1,804.21",Constanta,12/2/2024,Dragos Frangache,Auto,,Leasing,B 190 CRT,ROOFERS RO
"LEI         2,383.13",Bucuresti,7/2/2024,Sergiu Birsan,Auto,,Asigurare,B 174 MET,MM ROOF INTERMED SRL
"LEI         2,766.71",Bucuresti,7/2/2024,,Auto,,,,MM ROOF INTERMED SRL
LEI         669.04,Constanta,12/2/2024,,Showroom,Utilitati,,,MM ROOF INTERMED SRL
LEI         242.66,"Constanta, Bucuresti",12/2/2024,,Showroom,Utilitati,,,MM ROOF INTERMED SRL
LEI         611.00,Constanta,12/2/2024,,Bugete Stat,,,,MM ROOF INTERMED SRL
"LEI         5,336.00",Barlad,7/2/2024,,Showroom,Chirie,,,METALLIC GROUP SRL
LEI         71.88,Giurgiu,,Marian Toma,Showroom,Utilitati,,,METALLIC GROUP SRL
LEI         300.12,Giurgiu,13/2/2024,Marian Toma,Auto,,Combustibil,B 112 MET,METALLIC GROUP SRL
"LEI         7,838.00",Constanta,14/2/2024,,Bugete Stat,,,,MM ROOF INTERMED SRL
"LEI         2,380.00",Constanta,14/2/2024,,Showroom,Chirie,,,MM ROOF INTERMED SRL
LEI         293.24,Bucuresti,14/2/2024,Sergiu Birsan,Auto,,Asigurare,B 174 MET,MM ROOF INTERMED SRL
"LEI         1,643.47",Bucuresti,14/2/2024,Sergiu Birsan,Auto,,Leasing,B 174 MET,MM ROOF INTERMED SRL
LEI         293.24,Bucuresti,14/2/2024,Marian Costache,Auto,,Asigurare,B 175 MET,MM ROOF INTERMED SRL
"LEI         1,643.47",Bucuresti,14/2/2024,Marian Costache,Auto,,Leasing,B 175 MET,MM ROOF INTERMED SRL
LEI         278.31,Giurgiu,14/2/2024,Marian Toma,Auto,,Asigurare,B 133 MET,METALLIC GROUP SRL
"LEI         1,814.79",Giurgiu,14/2/2024,Marian Toma,Auto,,Leasing,B 133 MET,METALLIC GROUP SRL
LEI         278.31,Giurgiu,14/2/2024,Nicușor Bălan,Auto,,Asigurare,B 112 MET,METALLIC GROUP SRL
"LEI         1,814.79",Giurgiu,14/2/2024,Nicușor Bălan,Auto,,Leasing,B 112 MET,METALLIC GROUP SRL
LEI         303.20,Bucuresti,14/2/2024,,Auto,,Asigurare,B 132 MET,METALLIC GROUP SRL
"LEI         1,717.23",Bucuresti,14/2/2024,,Auto,,Leasing,B 132 MET,METALLIC GROUP SRL
LEI         100.00,Bucuresti,15/2/2024,,,,,,METALLIC GROUP SRL
LEI         99.20,Constanta,15/2/2024,Oana,,Consumabile,,,MM ROOF INTERMED SRL
LEI         42.07,Constanta,15/2/2024,Oana,,Consumabile,,,MM ROOF INTERMED SRL
LEI         99.00,Constanta,15/2/2024,Oana,,Consumabile,,,MM ROOF INTERMED SRL
LEI         27.99,Constanta,15/2/2024,Oana,,Consumabile,,,MM ROOF INTERMED SRL
LEI         74.00,Constanta,16/2/2024,Oana,,Consumabile,,,MM ROOF INTERMED SRL
LEI         246.00,Constanta,20/2/2024,Oana,,Altele,,,MM ROOF INTERMED SRL
LEI         346.57,Giurgiu,22/2/2024,Marian Toma,Auto,,Combustibil,B 133 MET,METALLIC GROUP SRL
LEI         212.00,Constanta,22/2/2024,Dragos Frangache,,Altele,,,METALLIC GROUP SRL
LEI         100.00,Cheltuieli comune,15/2/2024,,Generale,,,,METALLIC GROUP SRL
LEI         606.90,Cheltuieli comune,15/2/2024,,,,,,METALLIC GROUP SRL
"LEI         2,069.93",Cheltuieli comune,26/2/2024,,Generale,Altele,,,METALLIC GROUP SRL
"LEI         2,513.54",Cheltuieli comune,12/2/2024,,Generale,Marketing,,,METALLIC GROUP SRL
"LEI         2,383.13",Bucuresti,19/2/2024,Marian Costache,Auto,,Asigurare,,MM ROOF INTERMED SRL
"LEI         3,010.27",Bucuresti,19/2/2024,,Auto,,Asigurare,,MM ROOF INTERMED SRL
"LEI         5,970.36",Cheltuieli comune,28/2/2024,,Generale,,,,METALLIC GROUP SRL
"LEI         3,370.00",Bucuresti,27/2/2024,,Bugete Stat,,,,METALLIC GROUP SRL
"LEI         1,675.94",Bucuresti,28/2/2024,,Auto,,Leasing,B 170 CRT,MM ROOF INTERMED SRL
LEI         298.24,Bucuresti,28/2/2024,,Auto,,Asigurare,B 170 CRT,MM ROOF INTERMED SRL
"LEI         8,300.00",Constanta,28/2/2024,,Bugete Stat,,,,MM ROOF INTERMED SRL
LEI         50.00,Bucuresti,28/2/2024,Dana Marcu,Angajati,,,,MM ROOF INTERMED SRL
LEI         288.22,Giurgiu,28/2/2024,Marian Toma,Auto,,Combustibil,B 112 MET,METALLIC GROUP SRL
LEI         68.84,Giurgiu,28/2/2024,Marian Toma,Showroom,Consumabile,,,METALLIC GROUP SRL
LEI         459.29,Constanta,28/2/2024,Dragos Frangache,Auto,,Combustibil,B 190 CRT,MM ROOF INTERMED SRL
LEI         130.00,Giurgiu,29/2/2024,Marian Toma,Showroom,Consumabile,,,METALLIC GROUP SRL
LEI         50.00,Constanta,5/3/2024,Oana,Showroom,Consumabile,,,MM ROOF INTERMED SRL
"LEI         1,490.00",Giurgiu,6/3/2024,Marian Toma,Showroom,Chirie,,,METALLIC GROUP SRL
LEI         305.80,Giurgiu,5/3/2024,Marian Toma,Auto,,Combustibil,B 133 MET,METALLIC GROUP SRL
LEI         647.92,Constanta,6/3/2024,Dragos Frangache,Auto,,Asigurare,B 190 CRT,ROOFERS RO
"LEI         1,803.14",Constanta,6/3/2024,Dragos Frangache,Auto,,Leasing,B 190 CRT,ROOFERS RO
"LEI         19,870.00",Cheltuieli comune,6/3/2024,,Bugete Stat,,,,METALLIC GROUP SRL
LEI         183.26,Bucuresti,1/3/2024,,Showroom,Securitate,,,METALLIC GROUP SRL
LEI         780.69,Cheltuieli comune,5/3/2024,,Auto,,Altele,,METALLIC GROUP SRL
"LEI         1,709.28",Cheltuieli comune,5/3/2024,,Generale,,,,METALLIC GROUP SRL
LEI         952.00,Cheltuieli comune,5/3/2024,,Generale,,,,METALLIC GROUP SRL
"LEI         5,336.00",Barlad,6/3/2024,,Showroom,Chirie,,,METALLIC GROUP SRL
LEI         537.30,Constanta,1/3/2024,,Showroom,Utilitati,,,MM ROOF INTERMED SRL
"LEI         2,380.00",Constanta,5/3/2024,,Showroom,Chirie,,,MM ROOF INTERMED SRL
"LEI         1,583.83",Bucuresti,5/3/2024,,Remorca,,Leasing,,MM ROOF INTERMED SRL
"LEI         2,991.68",Bucuresti,29/2/2024,,Showroom,Utilitati,,,METALLIC GROUP SRL
"LEI         5,888.00",Bucuresti,29/2/2024,,Showroom,Chirie,,,METALLIC GROUP SRL
"LEI         5,888.00",Bucuresti,23/2/2024,,Showroom,Chirie,,,METALLIC GROUP SRL
"LEI         5,888.00",Bucuresti,2/2/2024,,Showroom,Chirie,,,METALLIC GROUP SRL
"LEI         1,176.00",Bragadiru,29/2/2024,,Showroom,,,,METALLIC GROUP SRL
LEI         276.00,Bragadiru,29/2/2024,,Showroom,,,,METALLIC GROUP SRL
LEI         211.54,Bragadiru,22/2/2024,,Showroom,,,,METALLIC GROUP SRL
"LEI         1,566.00",Bragadiru,28/2/2024,,Showroom,,,,METALLIC GROUP SRL
LEI         803.50,Bragadiru,28/2/2024,,Showroom,,,,METALLIC GROUP SRL
LEI         153.72,Bragadiru,27/2/2024,,Showroom,,,,METALLIC GROUP SRL
LEI         338.00,Bragadiru,26/2/2024,,Auto,,,,METALLIC GROUP SRL
LEI         213.28,Bucuresti,15/2/2024,,Showroom,Altele,,,METALLIC GROUP SRL
LEI         87.20,Bucuresti,16/2/2024,,Showroom,Consumabile,,,METALLIC GROUP SRL
"LEI         1,071.00",Cheltuieli comune,13/2/2024,,Generale,,,,METALLIC GROUP SRL
LEI         180.00,Bragadiru,14/2/2024,,Showroom,,,,METALLIC GROUP SRL
"LEI         1,545.50",Bragadiru,2/2/2024,,Showroom,,,,METALLIC GROUP SRL
"LEI         1,093.00",Teleorman,5/2/2024,,Showroom,,,,METALLIC GROUP SRL
"LEI         1,800.00",Teleorman,2/2/2024,,Showroom,,,,METALLIC GROUP SRL
LEI         119.00,Constanta,7/3/2024,,Showroom,Securitate,,,METALLIC GROUP SRL
"LEI         1,000.00",Cheltuieli comune,7/3/2024,,Generale,,,,METALLIC GROUP SRL
LEI         148.16,"Giurgiu, Teleorman",7/3/2024,,Showroom,Utilitati,,,METALLIC GROUP SRL
LEI         347.23,Bucuresti,7/3/2024,,Showroom,Utilitati,,,METALLIC GROUP SRL
"LEI         1,000.00",Bucuresti,7/3/2024,,Bugete Stat,,,,METALLIC GROUP SRL
LEI         800.00,Bucuresti,7/3/2024,,Showroom,,,,MM ROOF INTERMED SRL
,,,,,,,,
LEI         445.00,Constanta,4/3/2024,Dragos Frangache,Auto,,Combustibil,B 190 CRT,MM ROOF INTERMED SRL
LEI         433.40,Constanta,9/3/2024,Dragos Frangache,Auto,,Combustibil,B 190 CRT,MM ROOF INTERMED SRL
LEI         292.78,Bucuresti,12/3/2024,Sergiu Birsan,Auto,,Asigurare,B 174 MET,MM ROOF INTERMED SRL
"LEI         1,640.85",Bucuresti,12/3/2024,Sergiu Birsan,Auto,,Leasing,B 174 MET,MM ROOF INTERMED SRL
LEI         292.78,Bucuresti,12/3/2024,Marian Costache,Auto,,Asigurare,B 175 MET,MM ROOF INTERMED SRL
"LEI         1,640.85",Bucuresti,12/3/2024,Marian Costache,Auto,,Leasing,B 175 MET,MM ROOF INTERMED SRL
LEI         242.58,"Bucuresti , Constanta",12/3/2024,,Showroom,Utilitati,,,MM ROOF INTERMED SRL
LEI         334.52,Constanta,12/3/2024,,Showroom,Utilitati,,,MM ROOF INTERMED SRL
LEI         148.16,"Giurgiu, Teleorman",7/3/2024,,Showroom,Utilitati,,,METALLIC GROUP SRL
LEI         347.23,Bucuresti,7/3/2024,,Showroom,Utilitati,,,METALLIC GROUP SRL
"LEI         1,000.00",Cheltuieli comune,7/3/2024,,Bugete Stat,,,,METALLIC GROUP SRL
"LEI         13,867.00",Cheltuieli comune,13/3/2024,,TVA,,,,METALLIC GROUP SRL
LEI         277.87,Giurgiu,13/3/2024,Marian Toma,Auto,,Asigurare,B 133 MET,METALLIC GROUP SRL
"LEI         1,811.91",Giurgiu,13/3/2024,Marian Toma,Auto,,Leasing,B 133 MET,METALLIC GROUP SRL
LEI         277.87,Giurgiu,13/3/2024,,Auto,,Asigurare,B 112 MET,METALLIC GROUP SRL
"LEI         1,811.91",Giurgiu,13/3/2024,,Auto,,Leasing,B 112 MET,METALLIC GROUP SRL
LEI         302.72,Bucuresti,13/3/2024,,Auto,,Asigurare,B 132 MET,METALLIC GROUP SRL
"LEI         1,714.49",Bucuresti,13/3/2024,,Auto,,Leasing,B 132 MET,METALLIC GROUP SRL
LEI         321.00,Giurgiu,12/3/2024,Marian Toma,Auto,,Combustibil,B 112 MET,METALLIC GROUP SRL
LEI         348.00,Giurgiu,13/3/2024,Marian Toma,Auto,,Combustibil,B 132 MET,METALLIC GROUP SRL
LEI         72.00,Giurgiu,18/3/2024,Marian Toma,,Utilitati,,,METALLIC GROUP SRL
LEI         387.02,Giurgiu,11/3/2024,Marian Toma,Showroom,Utilitati,,,METALLIC GROUP SRL
LEI         287.20,Giurgiu,19/3/2024,Marian Toma,Auto,,Combustibil,B 112 MET,METALLIC GROUP SRL
"LEI         2,618.00",Cheltuieli comune,19/3/2024,,Generale,,,,METALLIC GROUP SRL
LEI         70.00,Bucuresti,19/3/2024,,Angajati,,,,METALLIC GROUP SRL
LEI         616.00,Bucuresti,19/3/2024,,Showroom,Consumabile,,,METALLIC GROUP SRL
LEI         442.29,Constanta,19/3/2024,Dragos Frangache,Auto,,Combustibil,B 107 CRT,MM ROOF INTERMED SRL
LEI         198.00,Giurgiu,21/3/2024,Marian Toma,Showroom,Consumabile,,,METALLIC GROUP SRL
LEI         356.42,Giurgiu,22/3/2024,Marian Toma,Auto,,Combustibil,B 133 MET,METALLIC GROUP SRL
LEI         320.00,Constanta,25/3/2024,Razvan Rosu,Auto,,Service,,MM ROOF INTERMED SRL
"LEI         3,056.98",Cheltuieli comune,22/3/2024,,Generale,Marketing,,,METALLIC GROUP SRL
LEI         147.55,Bucuresti,25/3/2024,,Auto,,,,METALLIC GROUP SRL
"LEI         3,300.00",Cheltuieli comune,25/3/2024,,Bugete Stat,,,,METALLIC GROUP SRL
LEI         192.00,Constanta,15/3/2024,,Altele,,,,MM ROOF INTERMED SRL
"LEI         9,260.00",Constanta,22/3/2024,,Bugete Stat,,,,MM ROOF INTERMED SRL
"LEI         1,674.82",Bucuresti,22/3/2024,,Auto,,Asigurare,,MM ROOF INTERMED SRL
LEI         298.04,Bucuresti,22/3/2024,,Auto,,Leasing,,MM ROOF INTERMED SRL
"LEI         10,107.86",Bragadiru,25/3/2024,,Showroom,,,,MM ROOF INTERMED SRL
"LEI         41,650.00",Bragadiru,25/3/2024,,Showroom,,,,MM ROOF INTERMED SRL
"LEI         2,189.48",Cheltuieli comune,25/3/2024,,Showroom,,,,METALLIC GROUP SRL
LEI         411.39,Constanta,25/3/2024,Dragos Frangache,Auto,,Combustibil,B 190 CRT,MM ROOF INTERMED SRL
"LEI         3,841.97",Cheltuieli comune,25/3/2024,,Generale,Altele,,,METALLIC GROUP SRL
"LEI         30,000.00",Bragadiru,25/3/2024,,Showroom,,,,MM ROOF INTERMED SRL
LEI         100.00,Giurgiu,26/3/2024,Marian Toma,Auto,,Service,B 133 MET,METALLIC GROUP SRL
LEI         272.17,Giurgiu,26/3/2024,Valentin Buzica,Auto,,Combustibil,B 112 MET,METALLIC GROUP SRL
LEI         250.00,Constanta,1/4/2024,Razvan Rosu,Auto,,Altele,IF 34 MDM,MM ROOF INTERMED SRL
LEI         225.00,Bucuresti,3/4/2024,Dragos Frangache,Auto,,Combustibil,B 190 CRT,MM ROOF INTERMED SRL
LEI         304.57,Giurgiu,1/4/2024,Valentin Buzica,Auto,,Combustibil,B 112 MET,METALLIC GROUP SRL
"LEI         1,490.00",Giurgiu,3/4/2024,Marian Toma,Showroom,Chirie,,,METALLIC GROUP SRL
LEI         334.87,Bucuresti,1/4/2024,,Showroom,Altele,,,METALLIC GROUP SRL
LEI         168.00,Bucuresti,2/4/2024,,Showroom,Altele,,,METALLIC GROUP SRL
LEI         80.00,Bucuresti,2/4/2024,,,,,,METALLIC GROUP SRL
LEI         138.00,Bucuresti,2/4/2020,Iulian Marcu,Auto,,Altele,,METALLIC GROUP SRL
LEI         140.78,Bucuresti,1/4/2024,,Generale,,,,METALLIC GROUP SRL
LEI         195.86,Bucuresti,2/4/0202,,Generale,,,,METALLIC GROUP SRL
LEI         254.00,Barlad,4/4/2024,,Showroom,,,,METALLIC GROUP SRL
LEI         319.00,Constanta,5/4/2024,Dragos Frangache,Auto,,Service,B 190 CRT,METALLIC GROUP SRL
LEI         210.00,Constanta,8/4/2024,Oana,Showroom,Altele,,,MM ROOF INTERMED SRL
LEI         620.00,Constanta,9/4/2024,Dragos Frangache,Auto,,Altele,B 190 CRT,MM ROOF INTERMED SRL
LEI         357.35,Giurgiu,9/4/2024,Marian Toma,Auto,,Combustibil,B 133 MET,METALLIC GROUP SRL
LEI         380.00,Constanta,9/4/2024,Dragos Frangache,Auto,,Combustibil,B 190 CRT,MM ROOF INTERMED SRL
"LEI         5,888.00",Bucuresti,8/4/2024,,Showroom,Chirie,,,METALLIC GROUP SRL
"LEI         3,054.50",Bucuresti,9/4/2024,,Showroom,Utilitati,,,METALLIC GROUP SRL
LEI         87.20,Bucuresti,9/4/2024,,Showroom,Consumabile,,,METALLIC GROUP SRL
LEI         250.51,Giurgiu,10/4/2024,Valentin Buzica,Auto,,Combustibil,B 112 MET,METALLIC GROUP SRL
LEI         280.00,Constanta,12/4/2024,Oana,Showroom,Consumabile,,,METALLIC GROUP SRL
"LEI         22,700.00",Cheltuieli comune,8/4/2024,,Bugete Stat,,,,METALLIC GROUP SRL
LEI         347.23,Bucuresti,8/4/2024,,Showroom,Utilitati,,,METALLIC GROUP SRL
"LEI         1,250.00",Cheltuieli comune,8/4/2024,,Generale,,,,METALLIC GROUP SRL
LEI         952.00,Cheltuieli comune,8/4/2024,,Generale,,,,METALLIC GROUP SRL
"LEI         2,697.50",Cheltuieli comune,9/4/2024,,Generale,,,,METALLIC GROUP SRL
LEI         501.78,Cheltuieli comune,9/4/2024,,Generale,,,,METALLIC GROUP SRL
LEI         148.06,"Giurgiu, Teleorman",9/4/2024,,Showroom,RDS / RCS,,,METALLIC GROUP SRL
LEI         384.00,Bucuresti,11/4/2024,,Altele,,,,METALLIC GROUP SRL
LEI         183.26,Bucuresti,3/4/2024,,Showroom,Securitate,,,METALLIC GROUP SRL
"LEI         1,822.04",Cheltuieli comune,3/4/2024,,Generale,,,,METALLIC GROUP SRL
"LEI         5,336.00",Barlad,8/4/2024,,Showroom,Chirie,,,METALLIC GROUP SRL
LEI         242.39,"Bucuresti , Constanta",9/4/2024,,Showroom,RDS / RCS,,,MM ROOF INTERMED SRL
"LEI         1,560.00",Bucuresti,8/4/2024,,Bugete Stat,,,,ROOFERS RO
LEI         384.00,Bucuresti,26/3/2024,,Altele,,,,ROOFERS RO
"LEI         1,000.00",Bucuresti,10/4/2024,,Altele,,,,ROOFERS RO
"LEI         1,803.49",Constanta,10/4/2024,Dragos Frangache,Auto,,Leasing,B 190 CRT,ROOFERS RO
LEI         648.05,Constanta,10/4/2024,Dragos Frangache,Auto,,Asigurare,B 190 CRT,ROOFERS RO
LEI         296.92,Giurgiu,15/4/2024,Marian Toma,Auto,,Combustibil,B 133 MET,METALLIC GROUP SRL
LEI         312.85,Giurgiu,17/4/2024,Valentin Buzica,Auto,,Combustibil,B 112 MET,METALLIC GROUP SRL
LEI         72.00,Giurgiu,17/4/2024,Marian Toma,Showroom,Utilitati,,,METALLIC GROUP SRL
LEI         333.00,Giurgiu,19/4/2024,Marian Toma,Auto,,Combustibil,B 133 MET,METALLIC GROUP SRL
"LEI         1,894.00",Giurgiu,24/4/2024,Marian Toma,Showroom,Marketing,,,METALLIC GROUP SRL
LEI         328.24,Giurgiu,24/4/2024,Valentin Buzica,Auto,,Combustibil,,METALLIC GROUP SRL
"LEI         1,488.00",Bucuresti,1/4/2024,,Showroom,Altele,,,METALLIC GROUP SRL
LEI         22.50,Bragadiru,10/4/2024,,Showroom,Altele,,,METALLIC GROUP SRL
LEI         30.00,Bragadiru,10/4/2024,,Showroom,Altele,,,METALLIC GROUP SRL
"LEI         2,385.56",Barlad,11/4/2024,,Showroom,Altele,,,METALLIC GROUP SRL
LEI         730.55,Bucuresti,10/4/2024,,Auto,,Service,,METALLIC GROUP SRL
LEI         213.99,Bucuresti,11/4/2024,Iulian Marcu,Auto,,Service,,METALLIC GROUP SRL
LEI         263.80,Bucuresti,12/4/2024,,Showroom,Altele,,,METALLIC GROUP SRL
LEI         54.82,Bucuresti,11/4/2024,,Auto,,Service,,METALLIC GROUP SRL
LEI         800.00,Bucuresti,19/4/2024,,Auto,,Altele,,METALLIC GROUP SRL
LEI         732.92,Bucuresti,15/4/2024,,Auto,,Service,,METALLIC GROUP SRL
LEI         138.21,Bucuresti,21/4/2024,,,Altele,,,METALLIC GROUP SRL
LEI         76.50,Bragadiru,15/4/2024,,Showroom,Altele,,,
LEI         295.60,Barlad,11/4/2024,,Showroom,Altele,,,
LEI         203.00,Barlad,15/4/2024,,Showroom,Altele,,,
LEI         301.44,Giurgiu,29/4/2024,Marian Toma,Auto,,Combustibil,B 133 MET,METALLIC GROUP SRL
LEI         80.00,Bucuresti,4/5/2024,,Angajati,,,,METALLIC GROUP SRL
"LEI         1,378.90",Barlad,1/5/2024,,Showroom,Altele,,,METALLIC GROUP SRL
LEI         305.68,Barlad,1/5/2024,,Showroom,Altele,,,METALLIC GROUP SRL
LEI         158.72,Barlad,2/5/2024,,Showroom,Altele,,,METALLIC GROUP SRL
LEI         91.24,Barlad,2/5/2024,,Showroom,Altele,,,METALLIC GROUP SRL
LEI         70.85,Barlad,2/5/2024,,Showroom,Altele,,,METALLIC GROUP SRL
"LEI         1,510.00",Bucuresti,7/5/2024,,Bugete Stat,,,,ROOFERS RO
LEI         277.82,Giurgiu,15/4/2024,Marian Toma,Auto,,Asigurare,B 133 MET,METALLIC GROUP SRL
"LEI         1,811.57",Giurgiu,15/4/2024,Marian Toma,Auto,,Leasing,B 133 MET,METALLIC GROUP SRL
LEI         277.82,Giurgiu,15/4/2024,Valentin Buzica,Auto,,Asigurare,B 112 MET,METALLIC GROUP SRL
"LEI         1,811.57",Giurgiu,15/4/2024,Valentin Buzica,Auto,,Leasing,B 112 MET,METALLIC GROUP SRL
LEI         302.67,Bucuresti,15/4/2024,,Auto,,Asigurare,B 132 MET,METALLIC GROUP SRL
"LEI         1,714.18",Bucuresti,15/4/2024,,Auto,,Leasing,B 132 MET,METALLIC GROUP SRL
"LEI         10,000.00",Bragadiru,15/4/2024,,Showroom,Altele,,,METALLIC GROUP SRL
"LEI         3,057.04",Cheltuieli comune,19/4/2024,,Generale,Marketing,,,METALLIC GROUP SRL
"LEI         2,512.68",Cheltuieli comune,23/4/2024,,Generale,Marketing,,,METALLIC GROUP SRL
"LEI         3,612.00",Cheltuieli comune,30/4/2024,,Bugete Stat,,,,METALLIC GROUP SRL
"LEI         2,249.14",Cheltuieli comune,7/5/2024,,Generale,,,,METALLIC GROUP SRL
LEI         952.00,Cheltuieli comune,7/5/2024,,Generale,,,,METALLIC GROUP SRL
LEI         183.26,Bucuresti,8/5/2024,,Showroom,Securitate,,,METALLIC GROUP SRL
"LEI         5,336.00",Barlad,8/5/2024,,Showroom,Chirie,,,METALLIC GROUP SRL
"LEI         30,000.00",Cheltuieli comune,9/4/2024,,Generale,,,,METALLIC GROUP SRL
"LEI         3,360.79",Barlad,22/4/2024,,Generale,,,,METALLIC GROUP SRL
"LEI         49,700.00",Bragadiru,25/4/2024,,Showroom,Chirie,,,METALLIC GROUP SRL
"LEI         5,000.00",Cheltuieli comune,7/5/2024,,Generale,,,,METALLIC GROUP SRL
LEI         137.83,Bucuresti,8/5/2024,,Showroom,Consumabile,,,METALLIC GROUP SRL
LEI         100.00,Bucuresti,8/5/2024,,Showroom,Consumabile,,,METALLIC GROUP SRL
LEI         348.00,Giurgiu,8/5/2024,Marian Toma,Auto,,Combustibil,B 133 MET,METALLIC GROUP SRL
LEI         504.00,Giurgiu,8/5/2024,Marian Toma,Auto,,Service,B 133 MET,METALLIC GROUP SRL
LEI         72.00,Giurgiu,7/5/2024,Marian Toma,Showroom,Utilitati,,,METALLIC GROUP SRL
LEI         311.17,Giurgiu,9/5/2024,Valentin Buzica,Auto,,Combustibil,B 112 MET,METALLIC GROUP SRL
LEI         347.23,Bucuresti,9/5/2024,,Showroom,Utilitati,,,METALLIC GROUP SRL
LEI         148.27,"Giurgiu, Teleorman",9/5/2024,,Showroom,RDS / RCS,,,METALLIC GROUP SRL
LEI         298.18,Bucuresti,9/5/2024,,Auto,,Asigurare,B 170 MET,MM ROOF INTERMED SRL
"LEI         1,675.64",Bucuresti,9/5/2024,,Auto,,Leasing,B 170 MET,MM ROOF INTERMED SRL
LEI         205.11,Constanta,29/4/2024,,Showroom,Utilitati,,,MM ROOF INTERMED SRL
"LEI         4,412.00",Constanta,30/4/2024,,Bugete Stat,,,,MM ROOF INTERMED SRL
LEI         275.00,Bucuresti,9/5/2024,,Auto,,Altele,B 132 MET,METALLIC GROUP SRL
"LEI         5,888.00",Bucuresti,8/5/2024,,Showroom,Chirie,,,METALLIC GROUP SRL
LEI         184.00,Constanta,8/5/2024,,Showroom,Chirie,,,MM ROOF INTERMED SRL
"LEI         1,493.00",Giurgiu,10/5/2024,,Showroom,Chirie,,,METALLIC GROUP SRL
LEI         335.84,Giurgiu,16/5/2024,Marian Toma,Auto,,Combustibil,B 133 MET,METALLIC GROUP SRL
LEI         327.15,Giurgiu,20/5/2024,Valentin Buzica,Auto,,Combustibil,B 112 MET,METALLIC GROUP SRL
LEI         82.08,Giurgiu,17/5/2024,Valentin Buzica,Auto,,Combustibil,B 112 MET,METALLIC GROUP SRL
LEI         388.00,Giurgiu,21/5/2024,Marian Toma,Auto,,Combustibil,B 133 MET,METALLIC GROUP SRL
LEI         349.18,Giurgiu,28/5/2024,Marian Toma,Auto,,Combustibil,B 133 MET,METALLIC GROUP SRL
LEI         320.00,Giurgiu,28/5/2024,Valentin Buzica,Auto,,Combustibil,B 112 MET,METALLIC GROUP SRL
LEI         70.10,Giurgiu,3/6/2024,Valentin Buzica,Auto,,Combustibil,B 112 MET,METALLIC GROUP SRL
LEI         72.00,Giurgiu,5/6/2024,Marian Toma,Showroom,Utilitati,,,METALLIC GROUP SRL
"LEI         1,499.00",Giurgiu,5/6/2024,Marian Toma,Showroom,Chirie,,,MM ROOF INTERMED SRL
LEI         315.00,Giurgiu,6/6/2024,Valentin Buzica,Auto,,Combustibil,B 112 MET,METALLIC GROUP SRL
LEI         327.17,Giurgiu,10/6/2024,Marian Toma,Auto,,Combustibil,B 133 MET,METALLIC GROUP SRL
LEI         747.14,Giurgiu,3/6/2024,Marian Toma,Showroom,Utilitati,,,METALLIC GROUP SRL
LEI         278.22,Giurgiu,13/5/2024,Marian Toma,Auto,,Asigurare,B 133 MET,METALLIC GROUP SRL
"LEI         1,814.18",Giurgiu,13/5/2024,Marian Toma,Auto,,Leasing,B 133 MET,METALLIC GROUP SRL
LEI         278.22,Giurgiu,13/5/2024,Valentin Buzica,Auto,,Asigurare,B 112 MET,METALLIC GROUP SRL
"LEI         1,814.18",Giurgiu,13/5/2024,Valentin Buzica,Auto,,Leasing,B 112 MET,METALLIC GROUP SRL
LEI         303.10,Barlad,13/5/2024,Maricela Olaru,Auto,,Asigurare,B 132 MET,METALLIC GROUP SRL
"LEI         1,716.66",Barlad,13/5/2024,Maricela Olaru,Auto,,Leasing,B 132 MET,METALLIC GROUP SRL
"LEI         1,764.74",Bucuresti,14/5/2024,Iulian Marcu,Auto,,Asigurare,B 170 CRT,METALLIC GROUP SRL
LEI         470.80,Barlad,14/5/2024,Maricela Olaru,Showroom,Altele,,,METALLIC GROUP SRL
"LEI         3,060.55",Cheltuieli comune,20/5/2024,,Generale,,,,METALLIC GROUP SRL
LEI         309.40,Barlad,24/5/2024,Maricela Olaru,,Marketing,,,METALLIC GROUP SRL
LEI         290.00,Cheltuieli comune,27/5/2024,,Generale,,,,METALLIC GROUP SRL
"LEI         2,800.00",Cheltuieli comune,27/5/2024,,Bugete Stat,,,,METALLIC GROUP SRL
"LEI         22,800.00",Cheltuieli comune,28/5/2024,,Bugete Stat,,,,METALLIC GROUP SRL
"LEI         49,700.00",Bragadiru,28/5/2024,,Showroom,Chirie,,,METALLIC GROUP SRL
"LEI         1,798.69",Cheltuieli comune,31/5/2024,,Generale,,,,METALLIC GROUP SRL
LEI         952.00,Cheltuieli comune,3/6/2024,,Generale,,,,METALLIC GROUP SRL
LEI         183.26,Bucuresti,3/6/2024,,Showroom,Securitate,,,METALLIC GROUP SRL
"LEI         5,336.00",Barlad,5/6/2024,Maricela Olaru,Showroom,Chirie,,,METALLIC GROUP SRL
"LEI         1,400.00",Cheltuieli comune,10/6/2024,,Bugete Stat,,,,METALLIC GROUP SRL
"LEI         3,060.30",Cheltuieli comune,10/6/2024,,Generale,Marketing,,,METALLIC GROUP SRL
LEI         347.23,Bucuresti,10/6/2024,,Showroom,Altele,,,METALLIC GROUP SRL
"LEI         1,300.00",Cheltuieli comune,27/5/2024,,Bugete Stat,,,,METALLIC GROUP SRL
"LEI         2,380.00",Constanta,10/5/2024,Dragos Frangache,Showroom,Chirie,,,MM ROOF INTERMED SRL
"LEI         1,586.66",Bucuresti,10/5/2024,,Remorca,,Leasing,,MM ROOF INTERMED SRL
LEI         242.77,"Bucuresti , Constanta",10/5/2024,,Showroom,RDS / RCS,,,MM ROOF INTERMED SRL
"LEI         13,880.00",Constanta,10/5/2024,,Bugete Stat,,,,MM ROOF INTERMED SRL
LEI         334.52,Constanta,13/5/2024,,Showroom,Utilitati,,,MM ROOF INTERMED SRL
LEI         293.15,Bucuresti,13/5/2024,Marian Costache,Auto,,Asigurare,B 175 MET,MM ROOF INTERMED SRL
"LEI         1,642.93",Bucuresti,13/5/2024,Marian Costache,Auto,,Leasing,B 175 MET,MM ROOF INTERMED SRL
LEI         293.15,Bucuresti,13/5/2024,,Auto,,Asigurare,B 174 MET,MM ROOF INTERMED SRL
"LEI         1,642.93",Bucuresti,13/5/2024,,Auto,,Leasing,B 174 MET,MM ROOF INTERMED SRL
LEI         500.00,Cheltuieli comune,21/5/2024,,Bugete Stat,,,,MM ROOF INTERMED SRL
LEI         298.11,Bucuresti,21/5/2024,,Auto,,Asigurare,,MM ROOF INTERMED SRL
"LEI         1,675.20",Bucuresti,21/5/2024,,Auto,,Leasing,,MM ROOF INTERMED SRL
"LEI         9,850.00",Cheltuieli comune,23/5/2024,,Bugete Stat,,,,MM ROOF INTERMED SRL
LEI         109.87,Constanta,28/5/2024,,Showroom,Utilitati,,,MM ROOF INTERMED SRL
LEI         334.52,Constanta,4/6/2024,,Showroom,Utilitati,,,MM ROOF INTERMED SRL
"LEI         1,586.38",Bragadiru,4/6/2024,,Remorca,,Leasing,,MM ROOF INTERMED SRL
LEI         500.00,Cheltuieli comune,10/6/2024,,Bugete Stat,,,,MM ROOF INTERMED SRL
LEI         242.77,"Constanta, Bucuresti",10/6/2024,,Showroom,RDS / RCS,,,MM ROOF INTERMED SRL
"LEI         2,380.00",Constanta,10/6/2024,,Showroom,Chirie,,,MM ROOF INTERMED SRL
LEI         119.00,Constanta,10/6/2024,,Showroom,Securitate,,,MM ROOF INTERMED SRL
"LEI         9,850.00",Constanta,10/6/2024,,Bugete Stat,,,,MM ROOF INTERMED SRL
LEI         293.19,Bucuresti,12/6/2024,,Auto,,Asigurare,B 174 MET,MM ROOF INTERMED SRL
"LEI         1,643.15",Bucuresti,12/6/2024,,Auto,,Leasing,B 174 MET,MM ROOF INTERMED SRL
LEI         293.19,Bucuresti,12/6/2024,Marian Costache,Auto,,Asigurare,B 175 MET,MM ROOF INTERMED SRL
"LEI         1,643.15",Bucuresti,12/6/2024,Marian Costache,Auto,,Leasing,B 175 MET,MM ROOF INTERMED SRL
LEI         781.87,Cheltuieli comune,13/6/2024,,Generale,,,,METALLIC GROUP SRL
"LEI         2,650.00",Cheltuieli comune,13/6/2024,,Bugete Stat,,,,METALLIC GROUP SRL
"LEI         1,716.90",Giurgiu,13/6/2024,Marian Toma,Auto,,Asigurare,B 133 MET,METALLIC GROUP SRL
LEI         303.14,Giurgiu,13/6/2024,Marian Toma,Auto,,Leasing,B 133 MET,METALLIC GROUP SRL
LEI         278.26,Giurgiu,13/6/2024,Valentin Buzica,Auto,,Asigurare,B 112 MET,METALLIC GROUP SRL
"LEI         1,814.44",Giurgiu,13/6/2024,Valentin Buzica,Auto,,Leasing,B 112 MET,METALLIC GROUP SRL
"LEI         1,814.44",Barlad,13/6/2024,Maricela Olaru,Auto,,Leasing,B 132 MET,METALLIC GROUP SRL
LEI         278.26,Barlad,13/6/2024,Maricela Olaru,Auto,,Asigurare,B 132 MET,METALLIC GROUP SRL
"LEI         2,388.25",Bucuresti,14/6/2024,,Auto,,Service,B 144 CRT,METALLIC GROUP SRL
LEI         214.20,Constanta,11/6/2024,Dragos Frangache,Auto,,Service,B 190 CRT,METALLIC GROUP SRL
LEI         203.49,Constanta,14/6/2024,,Altele,,,,ROOFERS RO
LEI         285.60,Constanta,14/6/2024,,Altele,,,,MM ROOF INTERMED SRL
LEI         280.00,Giurgiu,13/6/2024,Valentin Buzica,Auto,,Combustibil,B 112 MET,METALLIC GROUP SRL
LEI         336.59,Giurgiu,18/6/2024,Marian Toma,Auto,,Combustibil,B 133 MET,METALLIC GROUP SRL
LEI         321.87,Giurgiu,18/6/2024,Valentin Buzica,Auto,,Combustibil,B 112 MET,METALLIC GROUP SRL
LEI         332.28,Giurgiu,1/7/2024,Valentin Buzica,Auto,,Combustibil,B 112 MET,METALLIC GROUP SRL
LEI         349.83,Giurgiu,8/7/2024,Valentin Buzica,Auto,,Combustibil,B 112 MET,METALLIC GROUP SRL
LEI         253.08,Giurgiu,9/7/2024,Marian Toma,Auto,,Combustibil,B 133 MET,METALLIC GROUP SRL
LEI         72.00,Giurgiu,4/7/2024,Marian Toma,Showroom,Utilitati,,,METALLIC GROUP SRL
"LEI         1,600.00",Giurgiu,11/7/2024,Marian Toma,Showroom,Chirie,,,
LEI         306.99,Giurgiu,16/7/2024,Valentin Buzica,Auto,,Combustibil,B 112 MET,
LEI         331.97,Giurgiu,19/7/2024,Marian Toma,Auto,,Combustibil,B 133 MET,METALLIC GROUP SRL
LEI         123.00,Giurgiu,22/7/2024,Marian Toma,Showroom,Altele,,,METALLIC GROUP SRL
LEI         352.91,Giurgiu,23/7/2024,Valentin Buzica,Auto,,Combustibil,B 112 MET,METALLIC GROUP SRL
LEI         354.24,Giurgiu,26/7/2024,Marian Toma,Auto,,Combustibil,B 133 MET,METALLIC GROUP SRL
LEI         352.79,Giurgiu,1/8/2024,Marian Toma,Auto,,Combustibil,B 112 MET,METALLIC GROUP SRL
"LEI         1,600.00",Giurgiu,1/8/2024,Marian Toma,Showroom,Chirie,,,METALLIC GROUP SRL
LEI         331.82,Giurgiu,20/8/2024,Marian Toma,Auto,,Combustibil,B 133 MET,METALLIC GROUP SRL
"LEI         2,513.34",Cheltuieli comune,18/6/2024,,Generale,,,,METALLIC GROUP SRL
"LEI         3,332.00",Cheltuieli comune,21/6/2024,,Generale,,,,METALLIC GROUP SRL
LEI         380.80,Cheltuieli comune,21/6/2024,,Generale,,,,METALLIC GROUP SRL
LEI         50.55,Barlad,21/6/2024,Maricela Olaru,Showroom,Utilitati,,,METALLIC GROUP SRL
LEI         299.06,Barlad,21/6/2024,Maricela Olaru,Auto,,Altele,B 132 MET,METALLIC GROUP SRL
LEI         299.06,Giurgiu,21/6/2024,,Auto,,Altele,B 112 MET,METALLIC GROUP SRL
LEI         299.06,Giurgiu,21/6/2024,Marian Toma,Auto,,Altele,B 133 MET,METALLIC GROUP SRL
LEI         119.00,Constanta,28/6/2024,Oana,Showroom,Securitate,,,METALLIC GROUP SRL
"LEI         6,423.31",Constanta,28/6/2024,Razvan Rosu,Auto,,Service,IF 83 CRT,METALLIC GROUP SRL
"LEI         49,700.00",Bragadiru,28/6/2024,,Showroom,Chirie,,,METALLIC GROUP SRL
"LEI         4,976.40",Cheltuieli comune,1/7/2024,,Generale,,,,METALLIC GROUP SRL
LEI         183.26,Bucuresti,1/7/2024,,Showroom,Securitate,,,METALLIC GROUP SRL
LEI         952.00,Cheltuieli comune,1/7/2024,,Generale,,,,METALLIC GROUP SRL
"LEI         1,891.45",Cheltuieli comune,1/7/2024,,Showroom,,,,METALLIC GROUP SRL
"LEI         4,064.00",Bragadiru,1/7/2024,Iulian Marcu,Showroom,Altele,,,METALLIC GROUP SRL
LEI         347.23,Bucuresti,5/7/2024,,Showroom,Utilitati,,,METALLIC GROUP SRL
LEI         184.45,Bucuresti,8/7/2024,,Showroom,Securitate,,,METALLIC GROUP SRL
LEI         148.31,Giurgiu,10/7/2024,Marian Toma,Showroom,RDS / RCS,,,METALLIC GROUP SRL
"LEI         1,715.99",Giurgiu,11/7/2024,Marian Toma,Auto,,Leasing,B 133 MET,METALLIC GROUP SRL
LEI         302.98,Giurgiu,11/7/2024,Marian Toma,Auto,,Asigurare,B 133 MET,METALLIC GROUP SRL
"LEI         1,813.49",,11/8/2024,,Auto,,Leasing,B 112 MET,METALLIC GROUP SRL
LEI         278.12,,11/7/2024,,Auto,,Asigurare,B 112 MET,METALLIC GROUP SRL
"LEI         1,813.49",Barlad,11/7/2024,Maricela Olaru,Auto,,Leasing,B 132 MET,METALLIC GROUP SRL
LEI         278.12,Barlad,11/7/2024,Maricela Olaru,Auto,,Asigurare,B 132 MET,METALLIC GROUP SRL
"LEI         5,336.00",Barlad,11/7/2024,Maricela Olaru,Showroom,Chirie,,,METALLIC GROUP SRL
"LEI         3,060.86",Cheltuieli comune,23/7/2024,,Generale,,,,METALLIC GROUP SRL
"LEI         1,727.37",Cheltuieli comune,30/7/2024,,Generale,,,,METALLIC GROUP SRL
LEI         84.64,Barlad,30/7/2024,Maricela Olaru,Showroom,Utilitati,,,METALLIC GROUP SRL
LEI         952.00,Cheltuieli comune,31/7/2024,,Generale,,,,METALLIC GROUP SRL
"LEI         7,443.41",Cheltuieli comune,31/7/2024,,Generale,,,,METALLIC GROUP SRL
"LEI         3,362.92",Cheltuieli comune,31/7/2024,,Generale,,,,METALLIC GROUP SRL
LEI         64.40,Cheltuieli comune,31/7/2024,,Generale,,,,METALLIC GROUP SRL
"LEI         24,000.00",Cheltuieli comune,17/6/2024,,Bugete Stat,,,,METALLIC GROUP SRL
"LEI         5,336.00",Barlad,8/8/2024,Maricela Olaru,Showroom,Chirie,,,METALLIC GROUP SRL
LEI         950.75,Constanta,14/8/2024,Razvan Rosu,Auto,,Service,IF 83 CRT,METALLIC GROUP SRL
"LEI         1,814.75",Giurgiu,14/8/2024,Marian Toma,Auto,,Asigurare,B 133 MET,METALLIC GROUP SRL
LEI         303.19,Giurgiu,14/8/2024,Marian Toma,Auto,,Leasing,B 133 MET,METALLIC GROUP SRL
LEI         278.31,,14/8/2024,,Auto,,Leasing,B 112 MET,METALLIC GROUP SRL
"LEI         1,814.75",,14/8/2024,,Auto,,Asigurare,B 112 MET,METALLIC GROUP SRL
"LEI         1,717.19",Barlad,14/8/2024,Maricela Olaru,Auto,,Asigurare,B 132 MET,METALLIC GROUP SRL
LEI         278.31,Barlad,14/8/2024,Maricela Olaru,,,Leasing,B 132 MET,METALLIC GROUP SRL
"LEI         3,555.72",Bucuresti,14/8/2024,Madalina,Altele,,,,METALLIC GROUP SRL
LEI         805.63,Cheltuieli comune,26/8/2024,,Generale,,,,METALLIC GROUP SRL
LEI         183.26,Bucuresti,5/8/2024,,Showroom,Securitate,,,METALLIC GROUP SRL
LEI         892.91,Bucuresti,5/8/2024,,Auto,,,B 144 CRT,METALLIC GROUP SRL
"LEI         24,500.00",Cheltuieli comune,5/8/2024,,Bugete Stat,,,,METALLIC GROUP SRL
"LEI         4,000.00",Cheltuieli comune,5/8/2024,,Bugete Stat,,,,METALLIC GROUP SRL
"LEI         1,005.02",Cheltuieli comune,5/8/2024,,Generale,,,,METALLIC GROUP SRL
"LEI         3,928.48",Bucuresti,9/8/2024,,Auto,,Asigurare,B 144 CRT,METALLIC GROUP SRL
"LEI         1,742.00",Cheltuieli comune,12/8/2024,,Generale,,,,METALLIC GROUP SRL
"LEI         3,060.61",Cheltuieli comune,12/8/2024,,Generale,,,,METALLIC GROUP SRL
"LEI         39,857.00",Cheltuieli comune,12/8/2024,,TVA,,,,METALLIC GROUP SRL
"LEI         1,005.06",Cheltuieli comune,20/8/2024,,Generale,,,,METALLIC GROUP SRL
"LEI         4,000.00",Cheltuieli comune,22/8/2024,,Bugete Stat,,,,METALLIC GROUP SRL
"LEI         23,000.00",Cheltuieli comune,23/8/2024,,Bugete Stat,,,,METALLIC GROUP SRL
LEI         80.78,Barlad,26/8/2024,Maricela Olaru,Showroom,Utilitati,,,METALLIC GROUP SRL
"LEI         2,600.00",Cheltuieli comune,26/8/2024,,Generale,,,,METALLIC GROUP SRL
LEI         298.18,,21/6/2024,,Auto,,Asigurare,B 170 MET,MM ROOF INTERMED SRL
"LEI         1,675.60",,21/6/2024,,Auto,,Leasing,B 170 MET,MM ROOF INTERMED SRL
LEI         700.00,Cheltuieli comune,21/8/2024,,Generale,,,,MM ROOF INTERMED SRL
LEI         213.24,,,,Auto,,,,MM ROOF INTERMED SRL
"LEI         1,585.38",Bragadiru,2/7/2024,Iulian Marcu,Remorca,,Leasing,,MM ROOF INTERMED SRL
LEI         334.52,Constanta,2/7/2024,Oana,Showroom,,,,MM ROOF INTERMED SRL
LEI         119.00,Constanta,8/7/2024,Oana,Showroom,Securitate,,,MM ROOF INTERMED SRL
"LEI         2,380.00",Constanta,8/7/2024,,Showroom,Chirie,,,MM ROOF INTERMED SRL
LEI         242.83,"Bucuresti , Constanta",10/7/2024,,Showroom,RDS / RCS,,,MM ROOF INTERMED SRL
LEI         293.04,Bucuresti,11/7/2024,Marian Costache,Auto,,Asigurare,B 175 MET,MM ROOF INTERMED SRL
"LEI         1,642.28",Bucuresti,11/7/2024,Marian Costache,Auto,,Leasing,B 175 MET,MM ROOF INTERMED SRL
"LEI         1,642.28",Constanta,11/7/2024,Razvan Rosu,Auto,,Leasing,B 174 MET,MM ROOF INTERMED SRL
LEI         293.04,Constanta,11/7/2024,Razvan Rosu,Auto,,Asigurare,B 174 MET,MM ROOF INTERMED SRL
"LEI         1,673.77",Bucuresti,24/7/2024,,Auto,,Asigurare,B 170 MET,MM ROOF INTERMED SRL
LEI         297.86,Bucuresti,24/7/2024,,Auto,,Leasing,B 170 MET,MM ROOF INTERMED SRL
"LEI         10,250.00",Constanta,31/7/2024,,Bugete Stat,,,,MM ROOF INTERMED SRL
"LEI         1,585.54",Bragadiru,5/8/2024,Iulian Marcu,Remorca,,Leasing,,MM ROOF INTERMED SRL
LEI         444.68,Constanta,12/8/2024,Oana,Showroom,Utilitati,,,MM ROOF INTERMED SRL
LEI         293.24,Bucuresti,14/8/2024,Marian Costache,Auto,,Asigurare,B 175 MET,MM ROOF INTERMED SRL
"LEI         1,643.45",Bucuresti,14/8/2024,Marian Costache,Auto,,Leasing,B 175 MET,MM ROOF INTERMED SRL
LEI         293.24,Constanta,14/8/2024,Razvan Rosu,Auto,,Asigurare,B 174 MET,MM ROOF INTERMED SRL
"LEI         1,643.45",Constanta,14/8/2024,Razvan Rosu,Auto,,Leasing,B 174 MET,MM ROOF INTERMED SRL
"LEI         25,200.00",Constanta,14/8/2024,,Bugete Stat,,,,MM ROOF INTERMED SRL
"LEI         10,250.00",Constanta,14/8/2024,,Bugete Stat,,,,MM ROOF INTERMED SRL
"LEI         47,580.00",Constanta,14/8/2024,,TVA,,,,MM ROOF INTERMED SRL
LEI         334.52,Constanta,5/8/2024,Oana,Showroom,Utilitati,,,MM ROOF INTERMED SRL
"LEI         2,380.00",Constanta,5/8/2024,Oana,Showroom,Chirie,,,MM ROOF INTERMED SRL
LEI         242.82,"Bucuresti , Constanta",7/8/2024,,Showroom,RDS / RCS,,,MM ROOF INTERMED SRL
LEI         119.00,Constanta,7/8/2024,Oana,Showroom,Securitate,,,MM ROOF INTERMED SRL
LEI         298.24,Bucuresti,22/8/2024,,Auto,,Asigurare,B 170 MET,MM ROOF INTERMED SRL
"LEI         1,675.94",Bucuresti,22/8/2024,,Auto,,Leasing,B 170 MET,MM ROOF INTERMED SRL
"LEI         49,700.00",Bragadiru,28/8/2024,,Showroom,Chirie,,,METALLIC GROUP SRL
"LEI         2,158.26",Cheltuieli comune,28/8/2024,,Generale,,,,METALLIC GROUP SRL
"LEI         1,535.81",Barlad,28/8/2024,Maricela Olaru,Showroom,Altele,,,METALLIC GROUP SRL
"LEI         7,679.00",Cheltuieli comune,29/8/2024,,TVA,,,,METALLIC GROUP SRL
"LEI         13,425.00",Constanta,29/8/2024,,TVA,,,,MM ROOF INTERMED SRL
LEI         39.00,Bucuresti,14/8/2024,,Showroom,Altele,,,METALLIC GROUP SRL
LEI         323.60,Bucuresti,27/8/2024,,Showroom,Altele,,,METALLIC GROUP SRL
LEI         181.00,Bucuresti,26/8/2024,Iulian Marcu,Auto,,Altele,,METALLIC GROUP SRL
LEI         254.90,Bragadiru,14/8/2024,,Showroom,Altele,,,METALLIC GROUP SRL
LEI         213.63,Bragadiru,17/8/2024,,Showroom,,,,METALLIC GROUP SRL
LEI         626.41,Bucuresti,16/8/2024,Iulian Marcu,Auto,,Combustibil,B 170 CRT,METALLIC GROUP SRL
LEI         50.82,Bucuresti,23/8/2024,,Showroom,Altele,,,METALLIC GROUP SRL
LEI         500.00,Bucuresti,28/8/2024,Iulian Marcu,Auto,,Combustibil,,METALLIC GROUP SRL
LEI         508.13,Bucuresti,28/8/2024,,Showroom,Altele,,,METALLIC GROUP SRL
"LEI         1,400.67",Bucuresti,27/8/2024,,Showroom,Consumabile,,,METALLIC GROUP SRL
"LEI         5,888.00",Bucuresti,8/8/2024,,Showroom,Chirie,,,METALLIC GROUP SRL
LEI         165.00,Bragadiru,28/8/2024,,Showroom,Altele,,,METALLIC GROUP SRL
LEI         698.26,Bragadiru,24/8/2024,,Showroom,Altele,,,METALLIC GROUP SRL
"LEI         2,800.00",Bucuresti,10/8/2024,,Showroom,Altele,,,METALLIC GROUP SRL
"LEI         1,285.20",Cheltuieli comune,5/8/2024,,Angajati,,,,METALLIC GROUP SRL
LEI         952.00,Cheltuieli comune,2/9/2024,,Generale,,,,METALLIC GROUP SRL
LEI         183.26,Bucuresti,2/9/2024,,Showroom,Securitate,,,METALLIC GROUP SRL
"LEI         7,127.34",Cheltuieli comune,2/9/2024,,Generale,,,,METALLIC GROUP SRL
LEI         37.21,Cheltuieli comune,2/9/2024,,Generale,,,,METALLIC GROUP SRL
LEI         300.00,Cheltuieli comune,2/9/2024,,Auto,,Altele,Stivuitor,METALLIC GROUP SRL
LEI         781.87,Cheltuieli comune,3/9/2024,,Generale,,,,METALLIC GROUP SRL
"LEI         1,600.00",Giurgiu,3/9/2024,Marian Toma,Showroom,Chirie,,,MM ROOF INTERMED SRL
LEI         981.75,"Giurgiu, Barlad, Constanta",5/9/2024,,Showroom,,,,MM ROOF INTERMED SRL
LEI         119.00,Constanta,6/9/2024,,Showroom,Securitate,,,MM ROOF INTERMED SRL
LEI         694.46,Bucuresti,4/9/2024,,Showroom,Utilitati,,,METALLIC GROUP SRL
LEI         353.01,Giurgiu,3/9/2024,Marian Toma,Auto,,Combustibil,B 133 MET,METALLIC GROUP SRL
LEI         72.00,Giurgiu,9/9/2024,Marian Toma,Showroom,Utilitati,,,METALLIC GROUP SRL
LEI         648.89,Constanta,8/7/2024,Dragos Frangache,Auto,,Asigurare,B 190 CRT,ROOFERS RO
"LEI         1,805.82",Constanta,8/7/2024,Dragos Frangache,Auto,,Leasing,B 190 CRT,ROOFERS RO
LEI         648.64,Constanta,6/8/2024,Dragos Frangache,Auto,,Asigurare,B 190 CRT,ROOFERS RO
"LEI         1,805.15",Constanta,6/8/2024,Dragos Frangache,Auto,,Leasing,B 190 CRT,ROOFERS RO
"LEI         1,880.00",Constanta,22/8/2024,,Bugete Stat,,,,ROOFERS RO
LEI         648.32,Constanta,9/9/2024,Dragos Frangache,Auto,,Asigurare,B 190 CRT,ROOFERS RO
"LEI         1,804.24",Constanta,9/9/2024,Dragos Frangache,Auto,,Leasing,B 190 CRT,ROOFERS RO
LEI         148.30,"Giurgiu, Teleorman",9/9/2024,,Showroom,RDS / RCS,,,METALLIC GROUP SRL
"LEI         8,763.00",Cheltuieli comune,9/9/2024,,Esalonari Stat,,,,METALLIC GROUP SRL
"LEI         5,336.00",Barlad,9/9/2024,Maricela Olaru,Showroom,Chirie,,,METALLIC GROUP SRL
LEI         327.25,Bucuresti,10/9/2024,,Showroom,Securitate,,,METALLIC GROUP SRL
LEI         242.54,"Constanta, Bucuresti",9/9/2024,,Showroom,RDS / RCS,,,MM ROOF INTERMED SRL
"LEI         1,894.10",Cheltuieli comune,12/9/2024,,Generale,Marketing,,,METALLIC GROUP SRL
"LEI         1,813.70",,12/9/2024,,Auto,,Leasing,B 112 MET,METALLIC GROUP SRL
LEI         278.15,,12/9/2024,,Auto,,Asigurare,B 112 MET,METALLIC GROUP SRL
"LEI         1,813.70",Giurgiu,12/9/2024,Marian Toma,Auto,,Leasing,B 133 MET,METALLIC GROUP SRL
LEI         278.15,Giurgiu,12/9/2024,Marian Toma,Auto,,Asigurare,B 133 MET,METALLIC GROUP SRL
"LEI         1,716.19",Barlad,12/9/2024,Maricela Olaru,Auto,,Leasing,B 132 MET,METALLIC GROUP SRL
LEI         303.02,Barlad,12/9/2024,Maricela Olaru,Auto,,Asigurare,B 132 MET,METALLIC GROUP SRL
"LEI         6,958.05",Cheltuieli comune,12/9/2024,,Generale,Consumabile,,,METALLIC GROUP SRL
"LEI         4,728.78",Cheltuieli comune,12/9/2024,,Generale,Consumabile,,,METALLIC GROUP SRL
LEI         314.16,Cheltuieli comune,13/9/2024,,Generale,Marketing,,,METALLIC GROUP SRL
"LEI         1,004.70",Cheltuieli comune,13/9/2024,,Generale,Marketing,,,METALLIC GROUP SRL
"LEI         3,059.07",Cheltuieli comune,13/9/2024,,Generale,Marketing,,,METALLIC GROUP SRL
LEI         696.15,Cheltuieli comune,13/9/2024,,Generale,Marketing,,,METALLIC GROUP SRL
"LEI         7,327.54",Cheltuieli comune,13/9/2024,,Generale,Marketing,,,METALLIC GROUP SRL
"LEI         8,763.00",Cheltuieli comune,18/9/2024,,Esalonari Stat,,,,METALLIC GROUP SRL
LEI         293.07,Constanta,13/9/2024,Razvan Rosu,Auto,,Asigurare,B 174 MET,MM ROOF INTERMED SRL
"LEI         1,642.47",Constanta,13/9/2024,Razvan Rosu,Auto,,Leasing,B 174 MET,MM ROOF INTERMED SRL
"LEI         1,642.47",Bucuresti,13/9/2024,Marian Costache,Auto,,Leasing,B 175 MET,MM ROOF INTERMED SRL
LEI         293.07,Bucuresti,13/9/2024,Marian Costache,Auto,,Asigurare,B 175 MET,MM ROOF INTERMED SRL
LEI         344.51,Constanta,13/9/2024,,Showroom,Utilitati,,,MM ROOF INTERMED SRL
LEI         250.07,Giurgiu,24/9/2024,Marian Toma,Auto,,Combustibil,B 133 MET,METALLIC GROUP SRL
"LEI         3,170.00",Constanta,23/9/2024,,Bugete Stat,,,,ROOFERS RO
"LEI         4,103.88",Cheltuieli comune,20/9/2024,,,Marketing,,,METALLIC GROUP SRL
"LEI         49,759.00",Bragadiru,27/9/2024,,Showroom,Chirie,,,METALLIC GROUP SRL
"LEI         1,847.48",Cheltuieli comune,19/9/2024,,Generale,,,,METALLIC GROUP SRL
LEI         730.25,Bucuresti,20/9/2024,,Auto,,Service,B 144 CRT,METALLIC GROUP SRL
"LEI         23,300.00",Cheltuieli comune,23/9/2024,,Bugete Stat,,,,METALLIC GROUP SRL
LEI         71.20,Barlad,24/9/2024,Maricela Olaru,Showroom,Utilitati,,,METALLIC GROUP SRL
LEI         119.00,Bucuresti,1/10/2024,,Showroom,,,,METALLIC GROUP SRL
"LEI         1,250.00",Cheltuieli comune,1/10/2024,,Generale,,,,METALLIC GROUP SRL
LEI         183.26,Bucuresti,1/10/2024,,Showroom,Securitate,,,METALLIC GROUP SRL
LEI         213.13,Constanta,1/10/2024,,Auto,,Altele,,MM ROOF INTERMED SRL
"LEI         1,762.15",Cheltuieli comune,1/10/2024,,Generale,,,,METALLIC GROUP SRL
"LEI         1,350.00",Constanta,1/10/2024,Razvan Rosu,Auto,,Service,B 174 MET,METALLIC GROUP SRL
"LEI         10,200.00",Constanta,23/9/2024,,Bugete Stat,,,,MM ROOF INTERMED SRL
LEI         298.07,Bucuresti,23/9/2024,,Auto,,Asigurare,B 170 MET,MM ROOF INTERMED SRL
"LEI         1,674.91",Bucuresti,23/9/2024,,Auto,,Leasing,B 170 MET,MM ROOF INTERMED SRL
"LEI         1,585.36",Bragadiru,2/10/2024,Iulian Marcu,Remorca,,Leasing,,MM ROOF INTERMED SRL
"LEI         1,600.00",Giurgiu,2/10/2024,Cristina Toma,Showroom,Chirie,,,MM ROOF INTERMED SRL
LEI         344.51,Constanta,2/10/2024,Oana,Showroom,Utilitati,,,MM ROOF INTERMED SRL
LEI         247.66,Constanta,3/10/2024,Oana,Showroom,Utilitati,,,MM ROOF INTERMED SRL
"LEI         6,344.79",Cheltuieli comune,4/10/2024,,Generale,,,,METALLIC GROUP SRL
LEI         347.23,Bucuresti,4/10/2024,,Showroom,Utilitati,,,METALLIC GROUP SRL
LEI         648.81,Constanta,9/10/2024,Dragos Frangache,Auto,,Asigurare,B 190 CRT,ROOFERS RO
"LEI         1,805.61",Constanta,9/10/2024,Dragos Frangache,Auto,,Leasing,B 190 CRT,ROOFERS RO
LEI         242.80,"Constanta, Bucuresti",9/10/2024,,Showroom,RDS / RCS,,,MM ROOF INTERMED SRL
"LEI         5,336.00",Barlad,9/10/2024,Maricela Olaru,Showroom,Chirie,,,METALLIC GROUP SRL
LEI         303.16,Barlad,15/10/2024,Maricela Olaru,Auto,,Asigurare,B 132 MET,METALLIC GROUP SRL
"LEI         1,814.54",Barlad,15/10/2024,Maricela Olaru,Auto,,Leasing,B 132 MET,METALLIC GROUP SRL
LEI         278.27,Giurgiu,15/10/2024,Marian Toma,Auto,,Asigurare,B 133 MET,METALLIC GROUP SRL
"LEI         1,814.54",Giurgiu,15/10/2024,Marian Toma,Auto,,Leasing,B 133 MET,METALLIC GROUP SRL
LEI         278.27,Giurgiu,15/10/2024,,Auto,,Asigurare,B 112 MET,METALLIC GROUP SRL
"LEI         1,717.00",Giurgiu,15/10/2024,,Auto,,Leasing,B 112 MET,METALLIC GROUP SRL
LEI         293.20,Constanta,15/10/2024,Razvan Rosu,Auto,,Asigurare,B 174 MET,MM ROOF INTERMED SRL
"LEI         1,643.25",Constanta,15/10/2024,Razvan Rosu,Auto,,Leasing,B 174 MET,MM ROOF INTERMED SRL
LEI         293.20,Bucuresti,15/10/2024,Marian Costache,Auto,,Asigurare,B 175 MET,MM ROOF INTERMED SRL
"LEI         1,643.25",Bucuresti,15/10/2024,Marian Costache,Auto,,Leasing,B 175 MET,MM ROOF INTERMED SRL
LEI         330.00,Giurgiu,14/10/2024,Marian Toma,Auto,,Combustibil,B 112 MET,METALLIC GROUP SRL
LEI         170.78,Giurgiu,10/10/2024,Marian Toma,Showroom,Consumabile,,,MM ROOF INTERMED SRL
LEI         119.00,Constanta,17/10/2024,Oana,Showroom,Securitate,,,MM ROOF INTERMED SRL
"LEI         2,753.87",Cheltuieli comune,18/10/2024,,Generale,,,,METALLIC GROUP SRL
LEI         78.00,Constanta,21/10/2024,Oana,Showroom,,,,METALLIC GROUP SRL
"LEI         1,004.56",Cheltuieli comune,21/10/2024,,Generale,,,,METALLIC GROUP SRL
"LEI         1,927.00",Giurgiu,21/10/2024,Marian Toma,Auto,,Asigurare,B 133 MET,METALLIC GROUP SRL
"LEI         1,927.00",Barlad,21/10/2024,Maricela Olaru,Auto,,Asigurare,B 132 MET,METALLIC GROUP SRL
"LEI         1,927.00",Giurgiu,21/10/2024,,Auto,,Asigurare,B 112 MET,METALLIC GROUP SRL
"LEI         3,000.00",Cheltuieli comune,21/10/2024,,Generale,,,,METALLIC GROUP SRL
LEI         430.00,"Bucuresti , Giurgiu, Barlad",24/10/2024,,Angajati,,,,METALLIC GROUP SRL
LEI         330.00,"Bucuresti , Constanta",24/10/2024,,Angajati,,,,MM ROOF INTERMED SRL
"LEI         10,100.00",Constanta,24/10/2024,,Bugete Stat,,,,MM ROOF INTERMED SRL
LEI         297.95,Bucuresti,24/10/2024,,Auto,,Leasing,B 170 MET,MM ROOF INTERMED SRL
"LEI         1,674.27",Bucuresti,24/10/2024,,Auto,,Asigurare,B 170 MET,MM ROOF INTERMED SRL
"LEI         15,200.00",Constanta,25/10/2024,,Bugete Stat,,,,MM ROOF INTERMED SRL
LEI         416.50,Cheltuieli comune,28/10/2024,,Generale,,,,METALLIC GROUP SRL
LEI         392.70,Cheltuieli comune,28/10/2024,,Generale,,,,METALLIC GROUP SRL
"LEI         49,733.00",Bragadiru,28/10/2024,,Showroom,Chirie,,,METALLIC GROUP SRL
"LEI         1,748.04",Cheltuieli comune,28/10/2024,,Generale,,,,METALLIC GROUP SRL
LEI         124.95,Constanta,30/10/2024,,Showroom,Securitate,,,MM ROOF INTERMED SRL
"LEI         4,558.48",Cheltuieli comune,30/10/2024,,Generale,,,,METALLIC GROUP SRL
LEI         203.14,Constanta,30/10/2024,,Showroom,Utilitati,,,MM ROOF INTERMED SRL
"LEI         19,750.00",Teleorman,30/10/2024,,Showroom,Altele,,,MM ROOF INTERMED SRL
LEI         952.00,Cheltuieli comune,31/10/2024,,Generale,,,,METALLIC GROUP SRL
LEI         599.00,Teleorman,31/10/2024,,Showroom,Altele,,,METALLIC GROUP SRL
LEI         240.00,Cheltuieli comune,28/10/2024,,Generale,,,,METALLIC GROUP SRL
"LEI         3,096.00",Teleorman,25/10/2024,,Showroom,,,,METALLIC GROUP SRL
"LEI         5,888.00",Bucuresti,16/10/2024,,Showroom,Chirie,,,METALLIC GROUP SRL
"LEI         2,125.00",Cheltuieli comune,23/1/2024,,Generale,,,,METALLIC GROUP SRL
LEI         240.99,Cheltuieli comune,16/10/2024,,Generale,,,,METALLIC GROUP SRL
LEI         374.90,Cheltuieli comune,18/10/2024,,Generale,,,,METALLIC GROUP SRL
LEI         948.23,Bucuresti,17/10/2024,,Showroom,Consumabile,,,METALLIC GROUP SRL
"LEI         1,255.60",Bucuresti,11/10/2024,,Altele,,,,METALLIC GROUP SRL
LEI         109.00,Bucuresti,11/10/2024,,Showroom,Consumabile,,,METALLIC GROUP SRL
LEI         200.00,Bucuresti,8/10/2024,,,,Service,,METALLIC GROUP SRL
LEI         345.34,Cheltuieli comune,7/10/2024,,,Consumabile,,,METALLIC GROUP SRL
"LEI         7,447.33",Cheltuieli comune,1/11/2024,,Generale,,,,METALLIC GROUP SRL
LEI         428.40,Cheltuieli comune,1/11/2024,,Generale,,,,METALLIC GROUP SRL
"LEI         1,600.00",Giurgiu,1/11/2024,,Showroom,Chirie,,,MM ROOF INTERMED SRL
"LEI         2,380.00",Constanta,1/11/2024,,Showroom,Chirie,,,MM ROOF INTERMED SRL
"LEI         2,512.33",Cheltuieli comune,1/11/2024,,Generale,,,,METALLIC GROUP SRL
LEI         344.51,Constanta,4/11/2024,,Showroom,Utilitati,,,MM ROOF INTERMED SRL
"LEI         1,585.23",Bragadiru,4/11/2024,,Remorca,,,,MM ROOF INTERMED SRL
LEI         119.00,Constanta,5/11/2024,,Showroom,Securitate,,,MM ROOF INTERMED SRL
LEI         347.23,Bucuresti,5/11/2024,,Showroom,Utilitati,,,METALLIC GROUP SRL
LEI         189.79,Barlad,5/11/2024,Maricela Olaru,Showroom,Utilitati,,,METALLIC GROUP SRL
"LEI         4,725.97",Cheltuieli comune,7/11/2024,,Generale,,,,METALLIC GROUP SRL
"LEI         1,804.93",Constanta,7/11/2024,Dragos Frangache,Auto,,Leasing,B 190 CRT,ROOFERS RO
LEI         648.56,Constanta,7/11/2024,Dragos Frangache,Auto,,Asigurare,B 190 CRT,ROOFERS RO
LEI         242.73,"Constanta, Bucuresti",7/11/2024,,Showroom,RDS / RCS,,,MM ROOF INTERMED SRL
LEI         300.05,Giurgiu,8/11/2024,Marian Toma,Auto,,Combustibil,B 112 MET,MM ROOF INTERMED SRL
LEI         350.39,Giurgiu,7/11/2024,Marian Toma,Auto,,Combustibil,B 133 MET,MM ROOF INTERMED SRL
"LEI         8,763.00",Cheltuieli comune,11/11/2024,,Esalonari Stat,,,,METALLIC GROUP SRL
"LEI         1,064.00",Bucuresti,11/11/2024,Iulian Marcu,Auto,,Service,B 170 CRT,METALLIC GROUP SRL
LEI         148.25,Giurgiu,11/11/2024,,Showroom,RDS / RCS,,,METALLIC GROUP SRL
LEI         403.97,Giurgiu,11/11/2024,,Showroom,Utilitati,,,MM ROOF INTERMED SRL
"LEI         23,743.00",Cheltuieli comune,11/11/2024,,TVA,,,,MM ROOF INTERMED SRL
"LEI         2,650.25",Bucuresti,11/11/2024,,Auto,,Service,B 144 CRT,METALLIC GROUP SRL
"LEI         5,336.00",Barlad,12/11/2024,Maricela Olaru,Showroom,Chirie,,,METALLIC GROUP SRL
"LEI         37,909.00",Cheltuieli comune,13/11/2024,,TVA,,,,METALLIC GROUP SRL
LEI         278.21,Barlad,13/11/2024,Maricela Olaru,Auto,,Asigurare,B 132 MET,METALLIC GROUP SRL
"LEI         1,814.06",Barlad,13/11/2024,Maricela Olaru,Auto,,Leasing,B 132 MET,METALLIC GROUP SRL
LEI         278.21,Giurgiu,13/11/2024,Marian Toma,Auto,,Asigurare,B 133 MET,METALLIC GROUP SRL
"LEI         1,814.06",Giurgiu,13/11/2024,Marian Toma,Auto,,Leasing,B 133 MET,METALLIC GROUP SRL
LEI         303.08,Giurgiu,13/11/2024,,Auto,,Asigurare,B 112 MET,METALLIC GROUP SRL
"LEI         1,716.52",Giurgiu,13/11/2024,,Auto,,Leasing,B 112 MET,METALLIC GROUP SRL
LEI         434.00,Bragadiru,13/11/2024,Iulian Marcu,Remorca,,Asigurare,,MM ROOF INTERMED SRL
LEI         293.13,Bucuresti,13/11/2024,Marian Costache,Auto,,Asigurare,B 175 MET,MM ROOF INTERMED SRL
"LEI         1,642.79",Bucuresti,13/11/2024,Marian Costache,Auto,,Leasing,B 175 MET,MM ROOF INTERMED SRL
LEI         293.13,Constanta,13/11/2024,Razvan Rosu,Auto,,Asigurare,B 174 MET,MM ROOF INTERMED SRL
"LEI         1,642.79",Constanta,13/11/2024,Razvan Rosu,Auto,,Leasing,B 174 MET,MM ROOF INTERMED SRL
LEI         37.38,Giurgiu,15/11/2024,Cristina Toma,Showroom,Utilitati,,,MM ROOF INTERMED SRL
LEI         350.64,Giurgiu,14/11/2024,Marian Toma,Auto,,Combustibil,B 133 MET,MM ROOF INTERMED SRL
LEI         320.01,Giurgiu,18/11/2024,Marian Toma,Auto,,Combustibil,B 112 MET,MM ROOF INTERMED SRL
"LEI         2,500.00",Cheltuieli comune,19/11/2024,,Generale,,,,METALLIC GROUP SRL
LEI         100.00,Constanta,19/11/2024,Oana,Showroom,,,,METALLIC GROUP SRL
"LEI         1,285.20",Cheltuieli comune,20/11/2024,,,,,,METALLIC GROUP SRL
LEI         428.40,Cheltuieli comune,20/11/2024,,Showroom,,,,MM ROOF INTERMED SRL
"LEI         1,117.89",Cheltuieli comune,20/11/2024,,Generale,,,,METALLIC GROUP SRL
"LEI         3,094.00",Cheltuieli comune,20/11/2024,,Generale,,,,METALLIC GROUP SRL
"LEI         3,000.00",Teleorman,19/11/2024,,Showroom,Altele,,,METALLIC GROUP SRL
LEI         905.00,Teleorman,19/11/2024,,Showroom,Altele,,,METALLIC GROUP SRL
"LEI         1,360.00",Teleorman,19/11/2024,,Showroom,Altele,,,METALLIC GROUP SRL
"LEI         1,675.80",Bucuresti,21/11/2024,,Auto,,Leasing,B 170 MET,MM ROOF INTERMED SRL
LEI         298.21,Bucuresti,21/11/2024,,Auto,,Asigurare,B 170 MET,MM ROOF INTERMED SRL
"LEI         11,570.00",Constanta,25/11/2024,,Bugete Stat,,,,MM ROOF INTERMED SRL
"LEI         23,279.00",Cheltuieli comune,25/11/2024,,Bugete Stat,,,,METALLIC GROUP SRL
LEI         980.25,Bucuresti,26/11/2024,,Auto,,Service,B 144 CRT,METALLIC GROUP SRL
LEI         130.00,Constanta,26/11/2024,Razvan Rosu,Auto,,Altele,B 175 MET,METALLIC GROUP SRL
"LEI         29,165.00",Cheltuieli comune,27/11/2024,,TVA,,,,METALLIC GROUP SRL
"LEI         1,788.00",Constanta,27/11/2024,Dragos Frangache,Auto,,Asigurare,B 190 CRT,ROOFERS RO
"LEI         49,700.00",Bragadiru,28/11/2024,Iulian Marcu,Showroom,Chirie,,,METALLIC GROUP SRL
LEI         93.61,Barlad,28/11/2024,Maricela Olaru,Showroom,Utilitati,,,METALLIC GROUP SRL
LEI         952.00,Cheltuieli comune,2/12/2024,,Generale,,,,METALLIC GROUP SRL
LEI         568.63,Cheltuieli comune,2/12/2024,,Generale,,,,METALLIC GROUP SRL
LEI         183.26,Bucuresti,2/12/2024,,Showroom,Securitate,,,METALLIC GROUP SRL
"LEI         1,920.15",Cheltuieli comune,2/12/2024,,Generale,,,,METALLIC GROUP SRL
"LEI         11,000.00",Constanta,2/12/2024,,Bugete Stat,,,,MM ROOF INTERMED SRL
"LEI         1,600.00",Giurgiu,2/12/2024,Cristina Toma,Showroom,Chirie,,,MM ROOF INTERMED SRL
"LEI         2,884.26",Constanta,2/12/2024,Oana,Showroom,Chirie,,,MM ROOF INTERMED SRL
LEI         344.51,Constanta,3/12/2024,Oana,Showroom,Utilitati,,,MM ROOF INTERMED SRL
LEI         173.00,Teleorman,2/12/2024,,Showroom,Consumabile,,,METALLIC GROUP SRL
"LEI         4,728.25",Cheltuieli comune,4/12/2024,,Generale,,,,METALLIC GROUP SRL
LEI         119.00,Constanta,4/12/2024,Oana,Showroom,Securitate,,,MM ROOF INTERMED SRL
LEI         544.36,Giurgiu,4/12/2024,Cristina Toma,Showroom,Utilitati,,,MM ROOF INTERMED SRL
"LEI         1,926.49",Bragadiru,4/12/2024,Iulian Marcu,"Auto, Remorca",,,,MM ROOF INTERMED SRL
LEI         71.88,Giurgiu,5/12/2024,Cristina Toma,Showroom,Utilitati,,,MM ROOF INTERMED SRL
LEI         347.23,Bucuresti,5/12/2024,,Showroom,Utilitati,,,METALLIC GROUP SRL
LEI         300.01,Giurgiu,9/12/2024,Marian Toma,Auto,,Combustibil,B 112 MET,MM ROOF INTERMED SRL
LEI         335.03,Giurgiu,10/12/2024,Marian Toma,Auto,,Combustibil,B 133 MET,MM ROOF INTERMED SRL
"LEI         12,600.00",Constanta,16/12/2024,,Bugete Stat,,,,MM ROOF INTERMED SRL
LEI         292.94,Bucuresti,16/12/2024,Marian Costache,Auto,,Asigurare,B 175 MET,MM ROOF INTERMED SRL
"LEI         1,641.70",Bucuresti,16/12/2024,Marian Costache,Auto,,Leasing,B 175 MET,MM ROOF INTERMED SRL
LEI         292.94,Bucuresti,16/12/2024,,Auto,,Asigurare,B 174 MET,MM ROOF INTERMED SRL
"LEI         1,641.70",Bucuresti,16/12/2024,,Auto,,Leasing,B 174 MET,MM ROOF INTERMED SRL
LEI         242.83,"Bucuresti , Constanta",16/12/2024,,Showroom,RDS / RCS,,,MM ROOF INTERMED SRL
LEI         285.60,Constanta,16/12/2024,,Generale,,,,MM ROOF INTERMED SRL
"LEI         1,805.75",Constanta,16/12/2024,Dragos Frangache,Auto,,Asigurare,B 190 CRT,ROOFERS RO
LEI         203.49,Constanta,16/12/2024,Dragos Frangache,Auto,,Leasing,B 190 CRT,ROOFERS RO
"LEI         6,801.66",Cheltuieli comune,10/12/2024,,Generale,Marketing,,,METALLIC GROUP SRL
"LEI         5,336.00",Barlad,9/12/2024,Maricela Olaru,Showroom,Chirie,,,METALLIC GROUP SRL
LEI         74.16,"Giurgiu, Teleorman",16/12/2024,,Showroom,RDS / RCS,,,METALLIC GROUP SRL
LEI         278.02,Barlad,16/12/2024,Maricela Olaru,Auto,,Asigurare,B 132 MET,METALLIC GROUP SRL
"LEI         1,812.83",Barlad,16/12/2024,Maricela Olaru,Auto,,Leasing,B 132 MET,METALLIC GROUP SRL
LEI         278.02,Giurgiu,16/12/2024,Marian Toma,Auto,,Asigurare,B 133 MET,METALLIC GROUP SRL
"LEI         1,812.83",Giurgiu,16/12/2024,Marian Toma,Auto,,Leasing,B 133 MET,METALLIC GROUP SRL
LEI         302.88,Giurgiu,16/12/2024,,Auto,,Asigurare,B 112 MET,METALLIC GROUP SRL
"LEI         1,715.37",Giurgiu,16/12/2024,,Auto,,Leasing,B 112 MET,METALLIC GROUP SRL
"LEI         49,700.00",Bragadiru,17/12/2024,,Showroom,Chirie,,,METALLIC GROUP SRL
"LEI         24,600.00",Cheltuieli comune,18/12/2024,,Bugete Stat,,,,METALLIC GROUP SRL
LEI         764.55,Bucuresti,19/12/2024,,Auto,,Service,B 144 CRT,METALLIC GROUP SRL
LEI         285.10,Giurgiu,19/12/2024,Marian Toma,Auto,,Combustibil,B 112 MET,MM ROOF INTERMED SRL
LEI         139.34,Giurgiu,20/1/2025,Marian Toma,Auto,,Rovigneta,B 133 MET,METALLIC GROUP SRL
LEI         139.34,Giurgiu,20/1/2025,Mihai Dumitru,Auto,,Rovigneta,B 112 MET,METALLIC GROUP SRL
LEI         350.12,Giurgiu,21/1/2025,Marian Toma,Auto,,Combustibil,B 133 MET,
LEI         179.25,Bucuresti,16/1/2025,,Showroom,Altele,,,METALLIC GROUP SRL
LEI         963.90,Cheltuieli comune,13/1/2025,,Generale,,,,METALLIC GROUP SRL
LEI         920.00,Cheltuieli comune,15/1/2025,,Generale,,,,METALLIC GROUP SRL
LEI         110.94,Bucuresti,16/1/2025,,Showroom,,,,METALLIC GROUP SRL
LEI         287.89,Bucuresti,21/1/2025,,Showroom,,,,METALLIC GROUP SRL
"LEI         5,888.00",Bucuresti,15/1/2025,,Showroom,Chirie,,,METALLIC GROUP SRL
LEI         73.20,Bucuresti,20/1/2025,,Showroom,,,,METALLIC GROUP SRL
LEI         139.34,Bucuresti,17/1/2025,,Auto,,Rovigneta,B 175 MET,METALLIC GROUP SRL
LEI         87.20,Bucuresti,23/1/2025,,Showroom,Altele,,,METALLIC GROUP SRL
LEI         286.59,Bucuresti,22/1/2025,,Showroom,Consumabile,,,METALLIC GROUP SRL
LEI         379.38,Bucuresti,23/1/2025,,Showroom,Consumabile,,,METALLIC GROUP SRL
LEI         87.99,Bucuresti,20/1/1902,,Showroom,Altele,,,METALLIC GROUP SRL
LEI         219.89,Bucuresti,22/1/2025,,Showroom,Altele,,,METALLIC GROUP SRL
LEI         78.35,Bucuresti,24/1/2025,,Showroom,Altele,,,METALLIC GROUP SRL
LEI         499.95,Bucuresti,27/1/2025,,Auto,,Combustibil,B 170 CRT,METALLIC GROUP SRL
"LEI         1,517.08",Bucuresti,28/1/2025,,Showroom,Consumabile,,,METALLIC GROUP SRL
LEI         740.00,Bucuresti,29/1/2025,,Auto,,,,METALLIC GROUP SRL
LEI         340.10,Giurgiu,28/1/2025,Mihai Dumitru,Auto,,Combustibil,B 112 MET,MM ROOF INTERMED SRL
LEI         306.68,Giurgiu,5/2/2025,Marian Toma,Auto,,Combustibil,B 133 MET,METALLIC GROUP SRL
LEI         96.25,Bucuresti,4/2/2025,,Auto,,Altele,,METALLIC GROUP SRL
LEI         174.40,Bucuresti,3/2/2025,,Showroom,Altele,,,METALLIC GROUP SRL
LEI         80.00,Bucuresti,4/2/2025,,Generale,,,,METALLIC GROUP SRL
LEI         229.00,Bucuresti,11/2/2025,,Generale,,,,METALLIC GROUP SRL
LEI         229.00,Bucuresti,11/2/2025,,Generale,,,,METALLIC GROUP SRL
LEI         220.00,Bucuresti,7/2/2025,,Auto,,Altele,B 170 CRT,METALLIC GROUP SRL
LEI         305.00,Bucuresti,11/2/2025,,Generale,,,,METALLIC GROUP SRL
LEI         911.85,Bucuresti,9/2/2025,,Auto,,Combustibil,B 170 CRT,METALLIC GROUP SRL
LEI         413.02,Bucuresti,8/2/2025,,Auto,,Combustibil,B 170 CRT,METALLIC GROUP SRL
LEI         57.23,Bucuresti,11/2/2025,,Auto,,Rovigneta,B 144 CRT,METALLIC GROUP SRL
LEI         109.00,Bucuresti,18/2/2025,,Showroom,,,,METALLIC GROUP SRL
LEI         227.53,Bucuresti,20/2/2025,,Auto,,,,METALLIC GROUP SRL
LEI         33.89,Bucuresti,19/2/2025,,Showroom,,,,METALLIC GROUP SRL
LEI         310.00,Bucuresti,27/2/2025,,Auto,,Altele,B 170 CRT,METALLIC GROUP SRL
LEI         270.00,Bucuresti,20/2/2025,,Auto,,,,METALLIC GROUP SRL
"LEI         5,888.00",Bucuresti,5/3/2025,,Showroom,Chirie,,,METALLIC GROUP SRL
LEI         99.87,Bucuresti,3/3/2025,,Showroom,Altele,,,METALLIC GROUP SRL
LEI         450.00,Bucuresti,3/3/2025,,Auto,,Combustibil,B 170 CRT,METALLIC GROUP SRL
LEI         335.18,Giurgiu,5/3/2025,Marian Toma,Auto,,Combustibil,B 112 MET,MM ROOF INTERMED SRL
LEI         321.38,Giurgiu,5/3/2025,Marian Toma,Auto,,Combustibil,B 133 MET,MM ROOF INTERMED SRL
LEI         375.68,Giurgiu,12/3/2025,Marian Toma,Auto,,Combustibil,B 133 MET,MM ROOF INTERMED SRL
"LEI         1,209.00",Giurgiu,12/3/2025,Marian Toma,Auto,,Service,B 133 MET,METALLIC GROUP SRL
LEI         284.18,Giurgiu,13/3/2025,Marian Toma,Auto,,Combustibil,B 112 MET,MM ROOF INTERMED SRL
LEI         460.02,Bucuresti,9/3/2025,Iulian Marcu,Auto,,Combustibil,B 170 CRT,METALLIC GROUP SRL
LEI         249.99,Bucuresti,12/3/2025,Iulian Marcu,Auto,,Combustibil,B 170 CRT,METALLIC GROUP SRL
LEI         49.96,Bucuresti,10/3/2025,,Auto,,Combustibil,B 170 MET,METALLIC GROUP SRL
LEI         118.00,Teleorman,7/3/2025,,Showroom,Altele,,,METALLIC GROUP SRL
LEI         109.00,Bucuresti,11/3/2025,,Showroom,Altele,,,METALLIC GROUP SRL
LEI         719.27,Bucuresti,12/3/2025,,Showroom,Consumabile,,,METALLIC GROUP SRL
LEI         874.30,Constanta,10/3/2025,,Showroom,,,,METALLIC GROUP SRL
LEI         271.00,Constanta,14/3/2025,Dragos Frangache,Showroom,Consumabile,,,METALLIC GROUP SRL
LEI         563.00,Constanta,17/3/2025,Dragos Frangache,Showroom,,,,METALLIC GROUP SRL
LEI         363.00,Constanta,18/3/2025,Oana,Showroom,,,,METALLIC GROUP SRL
LEI         55.60,Constanta,14/3/2025,,Showroom,Consumabile,,,METALLIC GROUP SRL
LEI         140.15,Constanta,14/3/2025,,Showroom,Consumabile,,,METALLIC GROUP SRL
LEI         150.05,Bucuresti,15/3/2025,Iulian Marcu,Auto,,Combustibil,B 170 CRT,METALLIC GROUP SRL
LEI         399.92,Bucuresti,16/3/2025,Iulian Marcu,Auto,,Combustibil,B 170 CRT,METALLIC GROUP SRL
LEI         139.36,Bucuresti,17/3/2025,Radu DInca,Auto,,Rovigneta,B 174 MET,MM ROOF INTERMED SRL
LEI         230.00,Bucuresti,17/3/2025,Marian Costache,Auto,,Service,B 132 MET,METALLIC GROUP SRL
"LEI         2,225.00",Bucuresti,22/3/2025,,Showroom,Altele,,,METALLIC GROUP SRL
LEI         125.98,Bucuresti,24/3/2025,,Showroom,Altele,,,METALLIC GROUP SRL
LEI         350.41,Giurgiu,24/3/2025,Marian Toma,Auto,,Combustibil,B 133 MET,METALLIC GROUP SRL
LEI         161.52,Bucuresti,24/3/2025,,Showroom,Altele,,,METALLIC GROUP SRL
LEI         124.00,Giurgiu,25/3/2025,Marian Toma,Auto,,Service,B 133 MET,METALLIC GROUP SRL
LEI         324.00,,27/3/2025,Marian Toma,Showroom,Consumabile,,,METALLIC GROUP SRL
"LEI         1,004.78",Cheltuieli comune,9/1/2025,,,,,,METALLIC GROUP SRL
"LEI         6,341.60",Cheltuieli comune,9/1/2025,,,,,,METALLIC GROUP SRL
LEI         183.26,Bucuresti,9/1/2025,,Showroom,Securitate,,,METALLIC GROUP SRL
LEI         952.00,Cheltuieli comune,9/1/2025,,Generale,,,,METALLIC GROUP SRL
"LEI         2,112.66",Cheltuieli comune,9/1/2025,,Generale,,,,METALLIC GROUP SRL
LEI         349.35,Cheltuieli comune,9/1/2025,,Generale,Utilitati,,,METALLIC GROUP SRL
LEI         278.12,Bucuresti,13/1/2025,Marian Costache,Auto,,Asigurare,B 132 MET,METALLIC GROUP SRL
"LEI         1,813.52",Bucuresti,13/1/2025,Marian Costache,Auto,,Leasing,B 132 MET,METALLIC GROUP SRL
LEI         278.12,Giurgiu,13/1/2025,Marian Toma,Auto,,Asigurare,B 133 MET,METALLIC GROUP SRL
"LEI         1,813.52",Giurgiu,13/1/2025,Marian Toma,Auto,,Leasing,B 133 MET,METALLIC GROUP SRL
LEI         302.99,Giurgiu,13/1/2025,,Auto,,Asigurare,B 112 MET,METALLIC GROUP SRL
"LEI         1,716.02",Giurgiu,13/1/2025,,Auto,,Leasing,B 112 MET,METALLIC GROUP SRL
"LEI         9,950.00",Cheltuieli comune,13/1/2025,,TVA,,,,METALLIC GROUP SRL
LEI         74.11,"Giurgiu, Teleorman",13/1/2025,,Showroom,RDS / RCS,Service,B 133 MET,METALLIC GROUP SRL
LEI         648.00,Giurgiu,14/1/2025,Marian Toma,Auto,,,,METALLIC GROUP SRL
"LEI         2,150.00",Cheltuieli comune,15/1/2025,,Esalonari Stat,,,,METALLIC GROUP SRL
LEI         585.00,Bucuresti,16/1/2025,,Showroom,Altele,,,METALLIC GROUP SRL
"LEI         1,863.00",Bucuresti,22/1/2025,Iulian Marcu,Auto,,,B 170 CRT,METALLIC GROUP SRL
"LEI         3,550.00",Cheltuieli comune,22/1/2025,,Bugete Stat,,,,METALLIC GROUP SRL
"LEI         1,004.90",Cheltuieli comune,29/1/2025,,Generale,,,,METALLIC GROUP SRL
"LEI         1,720.04",Cheltuieli comune,29/1/2025,,Generale,,,,METALLIC GROUP SRL
LEI         183.26,Bucuresti,3/2/2025,,Showroom,Securitate,,,METALLIC GROUP SRL
LEI         952.00,Cheltuieli comune,3/2/2025,,Generale,,,,METALLIC GROUP SRL
"LEI         6,345.30",Cheltuieli comune,4/2/2025,,Generale,,,,METALLIC GROUP SRL
LEI         349.35,Bucuresti,5/2/2025,,Showroom,Utilitati,,,METALLIC GROUP SRL
"LEI         1,063.46",Barlad,10/2/2025,,Showroom,,,,METALLIC GROUP SRL
LEI         278.30,,11/2/2025,,Auto,,Asigurare,B 132 MET,METALLIC GROUP SRL
"LEI         1,814.69",,11/2/2025,,Auto,,Leasing,B 132 MET,METALLIC GROUP SRL
LEI         278.30,Giurgiu,11/2/2025,Marian Toma,Auto,,Asigurare,B 133 MET,METALLIC GROUP SRL
"LEI         1,814.69",Giurgiu,11/2/2025,Marian Toma,Auto,,Leasing,B 133 MET,METALLIC GROUP SRL
LEI         303.18,Giurgiu,11/2/2025,,Auto,,Asigurare,B 112 MET,METALLIC GROUP SRL
"LEI         1,717.13",Giurgiu,11/2/2025,,Auto,,Leasing,B 112 MET,METALLIC GROUP SRL
LEI         70.00,Cheltuieli comune,11/2/2025,,Angajati,,,,METALLIC GROUP SRL
"LEI         9,100.00",Cheltuieli comune,17/2/2025,,Esalonari Stat,,,,METALLIC GROUP SRL
"LEI         1,005.30",Cheltuieli comune,18/2/2025,,Generale,,,,METALLIC GROUP SRL
"LEI         2,414.30",Cheltuieli comune,27/2/2025,,Generale,,,,METALLIC GROUP SRL
"LEI         49,700.00",Bragadiru,28/2/2025,,Showroom,Chirie,,,METALLIC GROUP SRL
"LEI         1,005.16",Cheltuieli comune,28/2/2025,,Generale,,,,METALLIC GROUP SRL
LEI         75.68,Cheltuieli comune,28/2/2025,,Generale,,,,METALLIC GROUP SRL
LEI         952.00,Cheltuieli comune,28/2/2025,,Generale,,,,METALLIC GROUP SRL
"LEI         6,345.04",Cheltuieli comune,3/3/2025,,Generale,,,,METALLIC GROUP SRL
LEI         183.26,Bucuresti,3/3/2025,,Showroom,Securitate,,,METALLIC GROUP SRL
LEI         400.59,Cheltuieli comune,5/3/2025,,Generale,,,,METALLIC GROUP SRL
LEI         349.35,Bucuresti,5/3/2025,,Showroom,Utilitati,,,METALLIC GROUP SRL
"LEI         2,920.32",Cheltuieli comune,5/3/2025,,Generale,,,,METALLIC GROUP SRL
LEI         568.63,Cheltuieli comune,5/3/2025,,Generale,,,,METALLIC GROUP SRL
LEI         74.16,"Giurgiu, Teleorman",7/3/2025,,Showroom,RDS / RCS,,,METALLIC GROUP SRL
"LEI         5,000.00",Cheltuieli comune,7/3/2025,,Generale,,,,METALLIC GROUP SRL
"LEI         2,087.55",Cheltuieli comune,11/3/2025,,Generale,,,,METALLIC GROUP SRL
LEI         585.00,Bucuresti,17/3/2025,,Showroom,Consumabile,,,METALLIC GROUP SRL
"LEI         21,204.00",Cheltuieli comune,17/3/2025,,Esalonari Stat,,,,METALLIC GROUP SRL
"LEI         28,700.00",Cheltuieli comune,17/3/2025,,Bugete Stat,,,,METALLIC GROUP SRL
"LEI         1,176.00",Cheltuieli comune,17/3/2025,,Generale,,,,METALLIC GROUP SRL
"LEI         2,478.67",Cheltuieli comune,20/3/2025,,Generale,,,,METALLIC GROUP SRL
"LEI         1,150.00",Bucuresti,20/3/2025,,Auto,,Altele,,METALLIC GROUP SRL
"LEI         7,442.00",Cheltuieli comune,24/3/2025,,TVA,,,,METALLIC GROUP SRL
LEI         970.00,Cheltuieli comune,25/3/2025,,Generale,,,,METALLIC GROUP SRL
"LEI         2,115.00",Cheltuieli comune,25/3/2025,,Generale,,,,METALLIC GROUP SRL
"LEI         6,966.74",Teleorman,25/3/2025,,Showroom,Chirie,,,METALLIC GROUP SRL
LEI         95.07,Cheltuieli comune,31/3/2025,,Generale,,,,METALLIC GROUP SRL
LEI         952.00,Cheltuieli comune,31/3/2025,,Generale,,,,METALLIC GROUP SRL
"LEI         49,700.00",Bragadiru,17/1/2025,,Showroom,Chirie,,,METALLIC GROUP SRL
"LEI         5,045.89",Cheltuieli comune,23/1/2025,,Generale,,,,METALLIC GROUP SRL
"LEI         19,000.00",Cheltuieli comune,27/1/2025,,Bugete Stat,,,,METALLIC GROUP SRL
"LEI         6,099.94",Cheltuieli comune,10/2/2025,,Generale,,,,METALLIC GROUP SRL
LEI         853.53,Bucuresti,10/2/2025,,Auto,,Service,B 144 CRT,METALLIC GROUP SRL
LEI         74.16,"Giurgiu, Teleorman",10/2/2025,,Showroom,RDS / RCS,,,METALLIC GROUP SRL
LEI         809.00,Bucuresti,10/2/2025,,Auto,,Asigurare,,METALLIC GROUP SRL
"LEI         1,285.20",Cheltuieli comune,11/2/2025,,Generale,,,,METALLIC GROUP SRL
"LEI         22,250.00",Cheltuieli comune,27/2/2025,,Bugete Stat,,,,METALLIC GROUP SRL
"LEI         30,826.00",Cheltuieli comune,3/3/2025,,TVA,,,,METALLIC GROUP SRL
"LEI         2,064.85",Cheltuieli comune,3/3/2025,,Generale,,,,METALLIC GROUP SRL
LEI         278.24,Bucuresti,11/3/2025,Marian Costache,Auto,,Asigurare,B 132 MET,METALLIC GROUP SRL
"LEI         1,814.28",Bucuresti,11/3/2025,Marian Costache,Auto,,Leasing,B 132 MET,METALLIC GROUP SRL
LEI         278.24,Giurgiu,11/3/2025,Marian Toma,Auto,,Asigurare,B 133 MET,METALLIC GROUP SRL
"LEI         1,814.28",Giurgiu,11/3/2025,Marian Toma,Auto,,Leasing,B 133 MET,METALLIC GROUP SRL
LEI         303.11,Bucuresti,11/3/2025,,Auto,,Asigurare,B 112 MET,METALLIC GROUP SRL
"LEI         1,716.75",Bucuresti,11/3/2025,,Auto,,Leasing,B 112 MET,METALLIC GROUP SRL
"LEI         1,567.89",Cheltuieli comune,18/3/2025,,Generale,,,,METALLIC GROUP SRL
LEI         403.20,Cheltuieli comune,25/3/2025,,Generale,,,,METALLIC GROUP SRL
"LEI         49,770.00",Bragadiru,27/3/2025,,Showroom,Chirie,,,METALLIC GROUP SRL
"LEI         2,513.59",Cheltuieli comune,31/3/2025,,Generale,OLX,,,METALLIC GROUP SRL
LEI         298.10,Bucuresti,2/1/2025,,Auto,,Asigurare,B 170 CRT,MM ROOF INTERMED SRL
"LEI         1,675.09",Bucuresti,2/1/2025,,Auto,,Leasing,B 170 CRT,MM ROOF INTERMED SRL
"LEI         1,585.25",Bucuresti,9/1/2025,,Remorca,,,,MM ROOF INTERMED SRL
LEI         119.00,Constanta,10/1/2025,Oana,Showroom,Securitate,,,MM ROOF INTERMED SRL
LEI         344.51,Constanta,10/1/2025,Oana,Showroom,Utilitati,,,MM ROOF INTERMED SRL
LEI         702.04,Constanta,15/1/2025,Oana,Showroom,Utilitati,,,MM ROOF INTERMED SRL
"LEI         1,600.00",Giurgiu,15/1/2025,Cristina Toma,Showroom,Chirie,,,MM ROOF INTERMED SRL
"LEI         2,380.00",Constanta,15/1/2025,Oana,Showroom,Chirie,,,MM ROOF INTERMED SRL
"LEI         13,285.00",Cheltuieli comune,15/1/2025,,TVA,,,,MM ROOF INTERMED SRL
LEI         213.02,Cheltuieli comune,21/1/2025,,Auto,,Altele,,MM ROOF INTERMED SRL
LEI         242.72,"Bucuresti , Constanta",21/1/2025,Oana,Showroom,RDS / RCS,,,MM ROOF INTERMED SRL
LEI         298.16,Constanta,21/2/2025,Razvan Rosu,Auto,,Asigurare,B 174 MET,MM ROOF INTERMED SRL
"LEI         1,675.48",Constanta,21/1/2025,Razvan Rosu,Auto,,Leasing,B 174 MET,MM ROOF INTERMED SRL
LEI         600.00,Cheltuieli comune,21/1/2025,,,,,,MM ROOF INTERMED SRL
LEI         587.36,Giurgiu,22/1/2025,Cristina Toma,Showroom,Utilitati,,,MM ROOF INTERMED SRL
"LEI         11,600.00",Cheltuieli comune,31/1/2025,,Generale,,,,MM ROOF INTERMED SRL
"LEI         2,257.70",Constanta,30/1/2025,Razvan Rosu,Auto,,Asigurare,B 174 MET,MM ROOF INTERMED SRL
"LEI         2,380.00",Constanta,10/2/2025,Oana,Showroom,Chirie,,,MM ROOF INTERMED SRL
LEI         242.80,"Bucuresti , Constanta",10/2/2025,Oana,Showroom,RDS / RCS,,,MM ROOF INTERMED SRL
"LEI         1,585.53",Bucuresti,10/2/2025,,Remorca,,Leasing,,MM ROOF INTERMED SRL
LEI         119.00,Constanta,10/2/2025,Oana,Showroom,Securitate,,,MM ROOF INTERMED SRL
LEI         344.51,Constanta,10/2/2025,Oana,Showroom,Utilitati,,,MM ROOF INTERMED SRL
LEI         143.76,Giurgiu,10/2/2025,Cristina Toma,Showroom,Utilitati,,,MM ROOF INTERMED SRL
"LEI         1,600.00",Giurgiu,11/2/2025,Cristina Toma,Showroom,Chirie,,,MM ROOF INTERMED SRL
LEI         428.40,Cheltuieli comune,11/2/2025,,Generale,,,,MM ROOF INTERMED SRL
LEI         293.23,Bucuresti,12/2/2025,Marian Costache,Auto,,Asigurare,B 175 MET,MM ROOF INTERMED SRL
"LEI         1,643.39",Bucuresti,12/2/2025,Marian Costache,Auto,,Leasing,B 175 MET,MM ROOF INTERMED SRL
LEI         293.23,Constanta,12/2/2025,Razvan Rosu,Auto,,Asigurare,B 174 MET,MM ROOF INTERMED SRL
"LEI         1,643.39",Constanta,12/2/2025,Razvan Rosu,Auto,,Leasing,B 174 MET,MM ROOF INTERMED SRL
LEI         948.95,Constanta,13/2/2025,Oana,Showroom,Utilitati,,,MM ROOF INTERMED SRL
LEI         300.00,Cheltuieli comune,24/2/2025,,,,,,MM ROOF INTERMED SRL
"LEI         1,675.90",Bucuresti,24/2/2025,,Auto,,Leasing,B 170 CRT,MM ROOF INTERMED SRL
LEI         298.23,Bucuresti,24/2/2025,,Auto,,Asigurare,B 170 CRT,MM ROOF INTERMED SRL
"LEI         2,257.70",Bucuresti,24/2/2025,Marian Costache,Auto,,Asigurare,B 175 MET,MM ROOF INTERMED SRL
"LEI         2,759.42",Bucuresti,24/2/2025,,Auto,,Asigurare,B 170 MET,MM ROOF INTERMED SRL
"LEI         2,212.00",Cheltuieli comune,25/2/2025,,TVA,,,,MM ROOF INTERMED SRL
"LEI         6,600.00",Cheltuieli comune,27/2/2025,,Bugete Stat,,,,MM ROOF INTERMED SRL
LEI         293.04,Bucuresti,15/1/2025,Marian Costache,Auto,,Asigurare,B 175 MET,MM ROOF INTERMED SRL
"LEI         1,642.32",Bucuresti,15/1/2025,Marian Costache,Auto,,Leasing,B 175 MET,MM ROOF INTERMED SRL
LEI         293.04,Constanta,15/1/2025,Razvan Rosu,Auto,,Asigurare,B 174 MET,MM ROOF INTERMED SRL
"LEI         1,642.32",Constanta,15/1/2025,Razvan Rosu,Auto,,Leasing,B 174 MET,MM ROOF INTERMED SRL
"LEI         1,585.75",Bucuresti,5/3/2025,,Remorca,,Leasing,,MM ROOF INTERMED SRL
LEI         344.51,Constanta,5/3/2025,Oana,Showroom,Utilitati,,,MM ROOF INTERMED SRL
LEI         119.00,Constanta,5/3/2025,Oana,Showroom,Securitate,,,MM ROOF INTERMED SRL
"LEI         2,965.88",Constanta,5/3/2025,Oana,Showroom,Chirie,,,MM ROOF INTERMED SRL
LEI         735.81,Giurgiu,5/3/2025,Cristina Toma,Showroom,Utilitati,,,MM ROOF INTERMED SRL
"LEI         10,000.00",Cheltuieli comune,5/3/2025,,Bugete Stat,,,,MM ROOF INTERMED SRL
LEI         242.83,"Bucuresti , Constanta",7/3/2025,Oana,Showroom,RDS / RCS,,,MM ROOF INTERMED SRL
"LEI         12,450.94",Constanta,7/3/2025,Oana,Showroom,Chirie,,,MM ROOF INTERMED SRL
"LEI         1,600.00",Giurgiu,11/3/2025,Cristina Toma,Showroom,Chirie,,,MM ROOF INTERMED SRL
"LEI         1,643.02",Bucuresti,11/3/2025,,Auto,,Leasing,,MM ROOF INTERMED SRL
LEI         293.16,Bucuresti,11/3/2025,,Auto,,Asigurare,,MM ROOF INTERMED SRL
"LEI         1,643.02",Bucuresti,11/3/2025,,Auto,,Leasing,,MM ROOF INTERMED SRL
LEI         293.16,Bucuresti,11/3/2025,,Auto,,Asigurare,,MM ROOF INTERMED SRL
LEI         71.88,Giurgiu,12/3/2025,Cristina Toma,Showroom,Utilitati,,,MM ROOF INTERMED SRL
"LEI         13,488.00",Cheltuieli comune,25/3/2025,,Bugete Stat,,,,MM ROOF INTERMED SRL
LEI         700.00,Cheltuieli comune,21/3/2025,,Generale,,,,MM ROOF INTERMED SRL
"LEI         1,675.80",Bucuresti,21/3/2025,Radu DInca,Auto,,Leasing,,MM ROOF INTERMED SRL
LEI         298.21,Bucuresti,21/3/2025,Radu DInca,Auto,,Asigurare,,MM ROOF INTERMED SRL
"LEI         1,804.97",Constanta,28/1/2025,Dragos Frangache,Auto,,Leasing,B 190 CRT,ROOFERS RO
LEI         648.58,Constanta,28/1/2025,Dragos Frangache,Auto,,Asigurare,B 190 CRT,ROOFERS RO
LEI         708.67,Constanta,13/2/2025,Dragos Frangache,Auto,,Asigurare,B 190 CRT,ROOFERS RO
"LEI         1,805.72",Constanta,13/1/2025,Dragos Frangache,Auto,,Leasing,B 190 CRT,ROOFERS RO
"LEI         1,805.72",Constanta,13/3/2025,Dragos Frangache,Auto,,Leasing,B 190 CRT,ROOFERS RO
LEI         648.85,Constanta,13/3/2025,Dragos Frangache,Auto,,Asigurare,B 190 CRT,ROOFERS RO
LEI         119.00,Bucuresti,1/4/2025,,Showroom,Altele,,,METALLIC GROUP SRL
LEI         183.26,Bucuresti,1/4/2025,,Showroom,Securitate,,,METALLIC GROUP SRL
LEI         33.92,Cheltuieli comune,1/4/2025,,Angajati,,,,METALLIC GROUP SRL
"LEI         2,840.67",Cheltuieli comune,1/4/2025,,Generale,,,,METALLIC GROUP SRL
"LEI         4,313.75",Cheltuieli comune,1/4/2025,,Generale,,,,METALLIC GROUP SRL
LEI         213.13,Cheltuieli comune,1/4/2025,,Auto,,,,MM ROOF INTERMED SRL
LEI         613.74,Constanta,1/4/2025,Oana,Showroom,Utilitati,,,MM ROOF INTERMED SRL
LEI         337.92,Giurgiu,1/4/2025,Marian Toma,Auto,,Combustibil,B 133 MET,METALLIC GROUP SRL
"LEI         2,072.36",Cheltuieli comune,3/4/2025,,Generale,Vodafone,,,METALLIC GROUP SRL
LEI         288.94,Bucuresti,3/4/2025,Dana Marcu,Auto,,Combustibil,IF 34 MDM,METALLIC GROUP SRL
LEI         400.00,Constanta,2/4/2025,Dragos Frangache,Auto,,Combustibil,B 190 CRT,METALLIC GROUP SRL
"LEI         1,390.00",Constanta,3/4/2025,Oana,Showroom,Altele,,,METALLIC GROUP SRL
LEI         739.50,Giurgiu,4/4/2025,Cristina Toma,Showroom,Consumabile,,,METALLIC GROUP SRL
LEI         734.98,Bucuresti,4/4/2025,,Showroom,Consumabile,,,METALLIC GROUP SRL
LEI         349.35,Bucuresti,4/4/2025,,Showroom,Utilitati,,,METALLIC GROUP SRL
"LEI         3,066.33","Teleorman, Giurgiu",4/4/2025,,Showroom,Marketing,,,METALLIC GROUP SRL
"LEI         2,400.00",Bucuresti,7/4/2025,,Angajati,,,,METALLIC GROUP SRL
"LEI         5,007.00",Cheltuieli comune,8/4/2025,,Bugete Stat,,,,METALLIC GROUP SRL
LEI         148.30,"Teleorman, Giurgiu",8/4/2025,Cristina Toma,Showroom,RDS / RCS,,,METALLIC GROUP SRL
"LEI         4,900.00",Cheltuieli comune,8/4/2025,,Showroom,Marketing,,,METALLIC GROUP SRL
LEI         648.86,Constanta,8/4/2025,Dragos Frangache,Auto,,Asigurare,,ROOFERS RO
"LEI         1,805.75",Constanta,8/4/2025,Dragos Frangache,Auto,,Leasing,,ROOFERS RO
LEI         494.45,Constanta,8/4/2025,Oana,Showroom,Utilitati,,,MM ROOF INTERMED SRL
LEI         76.99,Bucuresti,8/4/2025,,Showroom,RDS / RCS,,,MM ROOF INTERMED SRL
LEI         426.00,Giurgiu,8/4/2025,Cristina Toma,Showroom,Utilitati,,,MM ROOF INTERMED SRL
LEI         71.88,Giurgiu,8/4/2025,Cristina Toma,Showroom,Utilitati,,,MM ROOF INTERMED SRL
"LEI         1,585.61",Bragadiru,8/4/2025,,Remorca,,,,MM ROOF INTERMED SRL
"LEI         2,380.00",Constanta,8/4/2025,Oana,Showroom,Chirie,,,MM ROOF INTERMED SRL
LEI         526.64,Bucuresti,9/4/2025,,Auto,,Asigurare,,METALLIC GROUP SRL
LEI         442.00,Constanta,9/4/2025,Dragos Frangache,Altele,,,,METALLIC GROUP SRL
"LEI         2,120.00",Bucuresti,3/4/2025,,Showroom,Utilitati,,,METALLIC GROUP SRL
LEI         424.13,Teleorman,5/4/2025,,Showroom,Consumabile,,,METALLIC GROUP SRL
LEI         138.90,Bucuresti,4/4/2025,,Showroom,Altele,,,METALLIC GROUP SRL
"LEI         1,049.58",Cheltuieli comune,7/4/2025,,Auto,,Altele,,METALLIC GROUP SRL
"LEI         1,249.90",Cheltuieli comune,6/4/2025,,Showroom,,,,METALLIC GROUP SRL
LEI         109.00,Bucuresti,8/4/2025,,Showroom,Consumabile,,,METALLIC GROUP SRL
LEI         783.15,Constanta,10/4/2025,Dragos Frangache,Showroom,Marketing,,,METALLIC GROUP SRL
LEI         497.73,Cheltuieli comune,10/4/2025,,Generale,Marketing,,,METALLIC GROUP SRL
"LEI         14,100.00",Cheltuieli comune,10/4/2025,,Bugete Stat,,,,MM ROOF INTERMED SRL
"LEI         1,600.00",Giurgiu,10/4/2025,Cristina Toma,Showroom,Chirie,,,MM ROOF INTERMED SRL
LEI         321.30,Constanta,10/4/2025,Oana,Showroom,Altele,,,MM ROOF INTERMED SRL
"LEI         28,500.00",Cheltuieli comune,14/4/2025,,Bugete Stat,,,,METALLIC GROUP SRL
LEI         278.34,Bucuresti,14/4/2025,Stefurac Marius-Gabriel,Auto,,Asigurare,B 112 MET,METALLIC GROUP SRL
"LEI         1,814.97",Bucuresti,14/4/2025,Stefurac Marius-Gabriel,Auto,,Leasing,B 112 MET,METALLIC GROUP SRL
LEI         303.23,Bucuresti,14/4/2025,Marian Costache,Auto,,Asigurare,B 132 MET,METALLIC GROUP SRL
"LEI         1,717.40",Bucuresti,14/4/2025,Marian Costache,Auto,,Leasing,B 132 MET,METALLIC GROUP SRL
LEI         278.34,Giurgiu,14/4/2025,Marian Toma,Auto,,Asigurare,B 133 MET,METALLIC GROUP SRL
"LEI         1,814.97",Giurgiu,14/4/2025,Marian Toma,Auto,,Leasing,B 133 MET,METALLIC GROUP SRL
"LEI         6,813.00",Cheltuieli comune,15/4/2025,,Generale,,,,METALLIC GROUP SRL
"LEI         2,500.00",Cheltuieli comune,15/4/2025,,Generale,,,,METALLIC GROUP SRL
LEI         141.34,Bucuresti,15/4/2025,Iulian Marcu,Auto,,Altele,B 190 CRT,METALLIC GROUP SRL
"LEI         3,254.00",Cheltuieli comune,16/4/2025,,Esalonari Stat,,,,METALLIC GROUP SRL
LEI         293.27,Bucuresti,14/4/2025,,Auto,,Asigurare,B 175 MET,MM ROOF INTERMED SRL
"LEI         1,643.64",Bucuresti,14/4/2025,,Auto,,Leasing,B 175 MET,MM ROOF INTERMED SRL
LEI         293.27,Constanta,14/4/2025,,Auto,,Asigurare,B 174 MET,MM ROOF INTERMED SRL
"LEI         1,643.64",Constanta,14/4/2025,,Auto,,Leasing,B 174 MET,MM ROOF INTERMED SRL
LEI         208.25,Constanta,16/4/2025,Oana,Showroom,Securitate,,,MM ROOF INTERMED SRL
LEI         220.15,Cheltuieli comune,17/4/2025,,Generale,,,,METALLIC GROUP SRL
LEI         273.20,Bucuresti,17/4/2025,,Auto,,Service,B 144 CRT,METALLIC GROUP SRL
"LEI         17,950.00",Cheltuieli comune,17/4/2025,,Esalonari Stat,,,,METALLIC GROUP SRL
"LEI         1,368.12",Bucuresti,17/4/2025,,Auto,,Service,B 144 CRT,METALLIC GROUP SRL
LEI         151.00,Constanta,14/4/2025,Oana,Showroom,,,,MM ROOF INTERMED SRL
LEI         150.00,Constanta,7/4/2025,Dragos Frangache,Showroom,,,,MM ROOF INTERMED SRL
LEI         550.00,Constanta,10/4/2025,Oana,Showroom,Altele,,,METALLIC GROUP SRL
LEI         250.00,Constanta,9/4/2025,Oana,Showroom,Altele,,,METALLIC GROUP SRL
LEI         65.00,Constanta,11/4/2025,Oana,Altele,Utilitati,,,METALLIC GROUP SRL
LEI         65.00,Constanta,9/4/2025,Oana,Showroom,Consumabile,,,METALLIC GROUP SRL
LEI         44.00,Constanta,17/4/2025,Oana,Showroom,Consumabile,,,METALLIC GROUP SRL
"LEI         2,214.37",Cheltuieli comune,23/4/2025,,Generale,Vodafone,,,METALLIC GROUP SRL
LEI         347.14,Giurgiu,24/4/2025,Marian Toma,Auto,,Combustibil,B 133 MET,MM ROOF INTERMED SRL
LEI         298.24,Bucuresti,25/4/2025,Radu DInca,Auto,,Asigurare,B 170 CRT,MM ROOF INTERMED SRL
"LEI         1,675.94",Bucuresti,25/4/2025,Radu DInca,Auto,,Leasing,B 170 CRT,MM ROOF INTERMED SRL
"LEI         49,770.00",Bragadiru,25/4/2025,,Showroom,Chirie,,,METALLIC GROUP SRL
LEI         459.99,Teleorman,24/4/2025,,Showroom,Altele,,,METALLIC GROUP SRL
LEI         226.10,Bucuresti,16/4/2025,,Showroom,Consumabile,,,METALLIC GROUP SRL
LEI         138.00,Bucuresti,14/4/2025,,Showroom,Consumabile,,,METALLIC GROUP SRL
"LEI         3,049.89",Bucuresti,15/4/2025,,Showroom,,,,METALLIC GROUP SRL
"LEI         1,879.60",Bucuresti,22/4/2025,,Showroom,,,,METALLIC GROUP SRL
"LEI         17,393.00",Cheltuieli comune,28/4/2025,,TVA,,,,METALLIC GROUP SRL
"LEI         14,785.00",Cheltuieli comune,28/4/2025,,TVA,,,,MM ROOF INTERMED SRL
LEI         800.00,Cheltuieli comune,28/4/2025,,Generale,Marketing,,,METALLIC GROUP SRL
"LEI         3,212.45","Giurgiu, Teleorman",5/5/2025,,,Marketing,,,METALLIC GROUP SRL
LEI         84.68,Teleorman,5/5/2025,,Showroom,,,,METALLIC GROUP SRL
LEI         952.00,Cheltuieli comune,5/5/2025,,Generale,,,,METALLIC GROUP SRL
LEI         208.25,Constanta,5/5/2025,Oana,,Securitate,,,MM ROOF INTERMED SRL
LEI         79.73,Constanta,5/5/2025,Oana,Showroom,Utilitati,,,MM ROOF INTERMED SRL
"LEI         1,590.24",Bragadiru,5/5/2025,,Remorca,,,,MM ROOF INTERMED SRL
LEI         438.51,Giurgiu,7/5/2025,Cristina Toma,Showroom,Utilitati,,,MM ROOF INTERMED SRL
LEI         143.64,"Bucuresti , Constanta",7/5/2025,Oana,Showroom,RDS / RCS,,,MM ROOF INTERMED SRL
LEI         76.99,Bucuresti,7/5/2025,,Showroom,RDS / RCS,,,MM ROOF INTERMED SRL
"LEI         1,805.86",Constanta,7/5/2025,Dragos Frangache,Auto,,Leasing,B 190 CRT,ROOFERS RO
LEI         648.90,Constanta,7/5/2025,Dragos Frangache,Auto,,Asigurare,B 190 CRT,ROOFERS RO
"LEI         6,306.04",Constanta,7/5/2025,Dragos Frangache,Showroom,Chirie,,,MM ROOF INTERMED SRL
LEI         71.88,Giurgiu,7/5/2025,Cristina Toma,Showroom,Utilitati,,,MM ROOF INTERMED SRL
LEI         102.13,Constanta,7/5/2025,Oana,Showroom,Utilitati,,,MM ROOF INTERMED SRL
LEI         148.34,"Giurgiu, Teleorman",7/5/2025,,Showroom,RDS / RCS,,,METALLIC GROUP SRL
LEI         364.38,Bucuresti,7/5/2025,,Showroom,Utilitati,,,METALLIC GROUP SRL
"LEI         1,600.00",Giurgiu,8/5/2025,Cristina Toma,Showroom,Chirie,,,MM ROOF INTERMED SRL
LEI         286.11,Bucuresti,13/5/2025,Radu DInca,Auto,,Asigurare,B 112 MET,METALLIC GROUP SRL
"LEI         1,865.65",Bucuresti,13/5/2025,Radu DInca,Auto,,Leasing,B 112 MET,METALLIC GROUP SRL
LEI         286.11,Giurgiu,13/5/2025,Marian Toma,Auto,,Asigurare,B 133 MET,METALLIC GROUP SRL
"LEI         1,865.65",Giurgiu,13/5/2025,Marian Toma,Auto,,Leasing,B 133 MET,METALLIC GROUP SRL
LEI         311.70,Bucuresti,13/5/2025,Marian Costache,Auto,,Asigurare,B 132 MET,METALLIC GROUP SRL
"LEI         1,765.36",Bucuresti,13/5/2025,Marian Costache,Auto,,Leasing,B 132 MET,METALLIC GROUP SRL
"LEI         8,926.19",Teleorman,13/5/2025,,Showroom,Securitate,,,METALLIC GROUP SRL
LEI         585.00,Bucuresti,13/5/2025,,Showroom,,,,METALLIC GROUP SRL
"LEI         4,882.00","Bucuresti , Constanta",13/5/2025,Oana,Showroom,,,,METALLIC GROUP SRL
"LEI         1,689.53",Bucuresti,13/5/2025,,Auto,,Leasing,B 175 MET,MM ROOF INTERMED SRL
LEI         301.46,Bucuresti,13/5/2025,,Auto,,Asigurare,B 175 MET,MM ROOF INTERMED SRL
"LEI         1,689.53",Constanta,13/5/2025,,Auto,,Leasing,B 174 MET,MM ROOF INTERMED SRL
LEI         301.46,Constanta,13/5/2025,,Auto,,Asigurare,B 174 MET,MM ROOF INTERMED SRL
"LEI         1,059.10",Cheltuieli comune,15/5/2025,,Generale,,,,METALLIC GROUP SRL
"LEI         1,654.45",Bucuresti,15/5/2025,Iulian Marcu,Auto,,Asigurare,B 170 MET,METALLIC GROUP SRL
LEI         684.43,Constanta,15/5/2025,Oana,Showroom,Utilitati,,,MM ROOF INTERMED SRL
LEI         595.00,Bucuresti,15/5/2025,Iulian Marcu,Auto,,Service,B 170 MET,METALLIC GROUP SRL
LEI         428.40,Constanta,16/5/2025,,Angajati,,,,MM ROOF INTERMED SRL
"LEI         1,285.20",Bucuresti,20/5/2025,,Angajati,,,,METALLIC GROUP SRL
LEI         168.98,Bucuresti,16/5/2025,,Showroom,Consumabile,,,METALLIC GROUP SRL
LEI         115.50,Bucuresti,19/5/2025,,Showroom,Consumabile,,,METALLIC GROUP SRL
LEI         284.40,Constanta,17/5/2025,,Showroom,,,,METALLIC GROUP SRL
"LEI         21,200.00",Cheltuieli comune,21/5/2025,,Esalonari Stat,,,,METALLIC GROUP SRL
"LEI         1,694.16",Bucuresti,21/5/2025,,Auto,,Leasing,B 170 MET,MM ROOF INTERMED SRL
LEI         301.49,Bucuresti,21/5/2025,,Auto,,Asigurare,B 170 MET,MM ROOF INTERMED SRL
"LEI         12,650.00",Constanta,21/5/2025,,Bugete Stat,,,,MM ROOF INTERMED SRL
"LEI         33,900.00",Cheltuieli comune,22/5/2025,,Bugete Stat,,,,METALLIC GROUP SRL
"LEI         1,024.27",Cheltuieli comune,22/5/2025,,Generale,OLX,,,METALLIC GROUP SRL
LEI         83.30,Bucuresti,23/5/2025,Iulian Marcu,Altele,,,,METALLIC GROUP SRL
"LEI         31,000.00",Cheltuieli comune,26/5/2025,,TVA,,,,METALLIC GROUP SRL
LEI         355.28,Giurgiu,23/5/2025,Marian Toma,Auto,,Combustibil,B 133 MET,METALLIC GROUP SRL
"LEI         2,475.47",Cheltuieli comune,26/5/2025,,Generale,Vodafone,,,METALLIC GROUP SRL
LEI         110.59,Bucuresti,23/5/2025,,Showroom,Consumabile,,,METALLIC GROUP SRL
"LEI         1,374.03",Constanta,27/5/2025,Dragos Frangache,Showroom,,,,METALLIC GROUP SRL
LEI         183.26,Bucuresti,28/5/2025,,Showroom,Securitate,,,METALLIC GROUP SRL
LEI         335.84,Giurgiu,29/5/2025,Marian Toma,Auto,,Combustibil,B 133 MET,METALLIC GROUP SRL
LEI         148.00,Constanta,28/5/2025,Oana,Showroom,Consumabile,,,METALLIC GROUP SRL
LEI         453.00,Constanta,28/5/2025,Oana,Showroom,Consumabile,,,METALLIC GROUP SRL
LEI         130.00,Constanta,30/5/2025,Razvan Rosu,Auto,,Altele,B 174 MET,METALLIC GROUP SRL
LEI         570.00,Constanta,29/5/2025,Dragos Frangache,Auto,,Altele,B 190 CRT,METALLIC GROUP SRL
LEI         35.00,Constanta,30/5/2025,Oana,Showroom,Altele,,,METALLIC GROUP SRL
"LEI         3,544.73",Teleorman,2/6/2025,,Showroom,Chirie,,,METALLIC GROUP SRL
"LEI         1,519.76","Teleorman, Giurgiu",2/6/2025,,Generale,,,,METALLIC GROUP SRL
LEI         578.63,Cheltuieli comune,2/6/2025,,Generale,,,,METALLIC GROUP SRL
LEI         183.26,Bucuresti,2/6/2025,,Showroom,Securitate,,,METALLIC GROUP SRL
LEI         952.00,Cheltuieli comune,2/6/2025,,Generale,,,,METALLIC GROUP SRL
LEI         208.25,Constanta,2/6/2025,Dragos Frangache,Showroom,Securitate,,,MM ROOF INTERMED SRL
"LEI         1,620.71",Bragadiru,3/6/2025,Iulian Marcu,Remorca,,,,MM ROOF INTERMED SRL
LEI         229.67,Constanta,4/6/2025,Oana,Showroom,Salubritate,,,MM ROOF INTERMED SRL
LEI         431.78,Constanta,4/6/2025,Oana,Showroom,Utilitati,,,MM ROOF INTERMED SRL
LEI         116.78,Teleorman,4/6/2025,Alexandra Rosu,Showroom,Salubritate,,,METALLIC GROUP SRL
"LEI         6,302.28",Constanta,6/6/2025,Dragos Frangache,Showroom,Chirie,,,MM ROOF INTERMED SRL
LEI         71.88,Giurgiu,6/6/2025,Cristina Toma,Showroom,Salubritate,,,MM ROOF INTERMED SRL
LEI         464.85,Giurgiu,6/6/2025,Cristina Toma,Showroom,Utilitati,,,MM ROOF INTERMED SRL
"LEI         33,350.00",Cheltuieli comune,10/6/2025,,Bugete Stat,,,,METALLIC GROUP SRL
LEI         173.12,"Giurgiu, Teleorman",10/6/2025,,Showroom,RDS / RCS,,,METALLIC GROUP SRL
"LEI         1,834.35",Constanta,10/6/2025,Dragos Frangache,Auto,,Leasing,B 190 CRT,ROOFERS RO
LEI         659.13,Constanta,10/6/2025,Dragos Frangache,Auto,,Asigurare,B 190 CRT,ROOFERS RO
LEI         116.29,"Constanta, Bucuresti",10/6/2025,,Showroom,RDS / RCS,,,MM ROOF INTERMED SRL
"LEI         13,690.00",Cheltuieli comune,10/6/2025,,Bugete Stat,,,,MM ROOF INTERMED SRL
"LEI         1,600.00",Giurgiu,11/6/2025,Cristina Toma,Showroom,Chirie,,,MM ROOF INTERMED SRL
LEI         526.63,Bucuresti,11/6/2025,,Auto,,Asigurare,,METALLIC GROUP SRL
LEI         281.96,Bucuresti,11/6/2025,Radu DInca,Auto,,Asigurare,B 112 MET,METALLIC GROUP SRL
"LEI         1,838.54",Bucuresti,11/6/2025,Radu DInca,Auto,,Leasing,B 112 MET,METALLIC GROUP SRL
LEI         281.96,Giurgiu,11/6/2025,Marian Toma,Auto,,Asigurare,B 133 MET,METALLIC GROUP SRL
"LEI         1,838.54",Giurgiu,11/6/2025,Marian Toma,Auto,,Leasing,B 133 MET,METALLIC GROUP SRL
LEI         307.17,Bucuresti,11/6/2025,Marian Costache,Auto,,Asigurare,B 132 MET,METALLIC GROUP SRL
"LEI         1,739.70",Bucuresti,11/6/2025,Marian Costache,Auto,,Leasing,B 132 MET,METALLIC GROUP SRL
LEI         307.00,Giurgiu,10/6/2025,Marian Toma,Auto,,Combustibil,B 133 MET,METALLIC GROUP SRL
LEI         77.35,Giurgiu,11/6/2025,Marian Toma,Showroom,Securitate,,,METALLIC GROUP SRL
LEI         364.38,Bucuresti,12/6/2025,,Showroom,Salubritate,,,METALLIC GROUP SRL
LEI         297.08,Bucuresti,12/6/2025,,Auto,,Asigurare,B 175 MET,MM ROOF INTERMED SRL
"LEI         1,664.97",Bucuresti,12/6/2025,,Auto,,Leasing,B 175 MET,MM ROOF INTERMED SRL
LEI         297.08,Constanta,12/6/2025,Lucian,Auto,,Asigurare,B 174 MET,MM ROOF INTERMED SRL
"LEI         1,664.97",Constanta,12/6/2025,Lucian,Auto,,Leasing,B 174 MET,MM ROOF INTERMED SRL
LEI         250.04,Giurgiu,13/6/2025,Marian Toma,Auto,,Combustibil,B 144 CRT,METALLIC GROUP SRL
LEI         340.81,Giurgiu,17/6/2025,Marian Toma,Auto,,Combustibil,B 133 MET,METALLIC GROUP SRL
"LEI         32,500.00",Cheltuieli comune,17/6/2025,,Esalonari Stat,,,,METALLIC GROUP SRL
"LEI         3,094.00",Cheltuieli comune,17/6/2025,,Generale,,,,METALLIC GROUP SRL
"LEI         2,360.54",Cheltuieli comune,18/6/2025,,Angajati,Vodafone,,,METALLIC GROUP SRL
LEI         41.65,Constanta,18/6/2025,Lucian,Angajati,,,,METALLIC GROUP SRL
"LEI         2,226.61",Bucuresti,10/6/2025,,Showroom,Utilitati,,,METALLIC GROUP SRL
LEI         343.67,Bucuresti,11/6/2025,,Generale,,,,METALLIC GROUP SRL
"LEI         1,591.00",Bucuresti,3/6/2025,,Showroom,,,,METALLIC GROUP SRL
"LEI         5,888.00",Bucuresti,12/6/2025,,Showroom,Chirie,,,METALLIC GROUP SRL
LEI         970.88,Bucuresti,12/6/2025,,Showroom,Consumabile,,,METALLIC GROUP SRL
LEI         138.00,Bucuresti,18/6/2025,,Auto,,Altele,B 170 CRT,METALLIC GROUP SRL
LEI         252.28,Bucuresti,11/6/2025,,Showroom,Consumabile,,,METALLIC GROUP SRL
LEI         109.87,Bucuresti,12/6/2025,,Showroom,Consumabile,,,METALLIC GROUP SRL
LEI         220.00,Cheltuieli comune,19/6/2025,,Auto,,Service,,METALLIC GROUP SRL
LEI         410.00,Bucuresti,19/6/2025,,Showroom,Altele,,,METALLIC GROUP SRL
LEI         400.00,Constanta,1/7/2025,Oana,Showroom,Altele,,,METALLIC GROUP SRL
LEI         448.96,Cheltuieli comune,3/7/2025,,Showroom,Consumabile,,,METALLIC GROUP SRL
LEI         110.31,Bucuresti,9/7/2025,,Showroom,Consumabile,,,METALLIC GROUP SRL
LEI         324.75,Giurgiu,17/7/2025,Marian Toma,Auto,,Combustibil,B 133 MET,METALLIC GROUP SRL
LEI         952.00,Cheltuieli comune,30/6/2025,,,,,,METALLIC GROUP SRL
LEI         183.26,Bucuresti,1/7/2025,,Showroom,Securitate,,,METALLIC GROUP SRL
"LEI         3,556.00",Teleorman,1/7/2025,Alexandra Rosu,Showroom,Chirie,,,METALLIC GROUP SRL
LEI         108.01,Teleorman,3/7/2025,Alexandra Rosu,Showroom,Salubritate,,,METALLIC GROUP SRL
"LEI         1,453.85","Teleorman, Giurgiu",3/7/2025,,,Marketing,,,METALLIC GROUP SRL
LEI         364.38,Bucuresti,4/7/2025,,Showroom,Salubritate,,,METALLIC GROUP SRL
LEI         731.37,Teleorman,9/7/2025,Alexandra Rosu,Showroom,Utilitati,,,METALLIC GROUP SRL
LEI         150.78,"Teleorman, Giurgiu",9/7/2025,,,RDS / RCS,,,METALLIC GROUP SRL
"LEI         1,850.85",Bucuresti,14/7/2025,Radu DInca,Auto,,Leasing,B 112 MET,METALLIC GROUP SRL
LEI         283.84,Bucuresti,14/7/2025,Radu DInca,Auto,,Asigurare,B 112 MET,METALLIC GROUP SRL
"LEI         1,751.35",Giurgiu,14/7/2025,Marian Toma,Auto,,Leasing,B 133 MET,METALLIC GROUP SRL
LEI         309.22,Giurgiu,14/7/2025,Marian Toma,Auto,,Asigurare,B 133 MET,METALLIC GROUP SRL
"LEI         1,850.85",Bucuresti,14/7/2025,Marian Costache,Auto,,Asigurare,B 132 MET,METALLIC GROUP SRL
"LEI         3,000.00",Cheltuieli comune,14/7/2025,,,Marketing,,,METALLIC GROUP SRL
LEI         283.84,Bucuresti,14/7/2025,Marian Costache,Auto,,Leasing,B 132 MET,METALLIC GROUP SRL
"LEI         17,950.00",Cheltuieli comune,15/7/2025,,Esalonari Stat,,,,METALLIC GROUP SRL
"LEI         26,104.00",Cheltuieli comune,15/7/2025,,Bugete Stat,,,,METALLIC GROUP SRL
"LEI         1,024.29",Cheltuieli comune,28/7/2025,,,,,,METALLIC GROUP SRL
LEI         300.00,Bucuresti,29/7/2025,,,,,,METALLIC GROUP SRL
LEI         952.00,Cheltuieli comune,31/7/2025,,Angajati,,,,METALLIC GROUP SRL
LEI         400.00,Bucuresti,31/7/2025,,,,,,METALLIC GROUP SRL
"LEI         3,554.00",Teleorman,1/8/2025,Alexandra Rosu,Showroom,Chirie,,,METALLIC GROUP SRL
LEI         186.34,Bucuresti,1/8/2025,,Showroom,Securitate,,,METALLIC GROUP SRL
"LEI         1,592.02","Teleorman, Giurgiu",1/8/2025,,Showroom,Marketing,,,METALLIC GROUP SRL
"LEI         28,500.00",Cheltuieli comune,13/6/2025,,Bugete Stat,,,,METALLIC GROUP SRL
"LEI         50,500.00",Bragadiru,25/6/2025,,Showroom,Chirie,,,METALLIC GROUP SRL
"LEI         10,000.00",Cheltuieli comune,16/7/2025,,Bugete Stat,,,,METALLIC GROUP SRL
"LEI         2,143.82",Cheltuieli comune,16/7/2025,,Generale,Vodafone,,,METALLIC GROUP SRL
"LEI         50,700.00",Bragadiru,25/7/2025,,Showroom,Chirie,,,METALLIC GROUP SRL
LEI         367.07,Giurgiu,19/8/2025,Marian Toma,Auto,,Combustibil,B 133 MET,METALLIC GROUP SRL
LEI         378.01,Giurgiu,26/8/2025,Marian Toma,Auto,,Combustibil,B 133 MET,METALLIC GROUP SRL
LEI         370.18,Giurgiu,3/9/2025,Marian Toma,Auto,,Combustibil,B 133 MET,METALLIC GROUP SRL
LEI         262.30,Giurgiu,4/9/2025,,Showroom,Consumabile,,,METALLIC GROUP SRL
LEI         600.00,Constanta,16/9/2025,Oana,Showroom,Consumabile,,,METALLIC GROUP SRL
LEI         378.28,Giurgiu,23/9/2025,Marian Toma,Auto,,Combustibil,B 133 MET,METALLIC GROUP SRL
LEI         386.66,Giurgiu,8/10/2025,Marian Toma,Auto,,Combustibil,B 133 MET,METALLIC GROUP SRL
LEI         148.00,Constanta,8/10/2025,Oana,Showroom,Consumabile,,,METALLIC GROUP SRL
"LEI         2,600.00",Constanta,15/10/2025,Dragos Frangache,Auto,Altele,Service,B 190 CRT,METALLIC GROUP SRL
LEI         250.00,Constanta,14/10/2025,Dragos Frangache,Auto,,Combustibil,B 190 CRT,METALLIC GROUP SRL