Nume Client,Judet,Adresa,Telefon,Data ofertarii,Sursa de provenienta,ML Rulou,Valoare Oferta,CATEGORIE PRODUS,Brand,Model,Suprafata MP,Culoare,Grosime,Finisaj,Smart Drip stop (checkbox),Data de revenire,Comentariu / Observatii 1,Data Revenire 2,Comentariu / Observatii 2,Stadiu Oferta,Data vanzarii,Stadiu Comanda,Data livrarii,Incasat ? (checkbox),Procent Comision,,,
Pirvu Nicolae Cristian,Bucuresti / Ilfov,Bucuresti,(072) 551-6466,11/9/2023,Lead Caretta,,,,,,,,,,,,a ramas sa i transmita alex poze si preturi,,,,,,,,,,,
Marius teodorescu,Bucuresti / Ilfov,Popesti Leordeni,(073) 239-3838,11/9/2023,Lead Caretta,,,,,,,,,,,,potential colaborator,,,,,,,,,,,
Culerda George,Bucuresti / Ilfov,Bucuresti,0733 436 743,21/11/2023,Lead Caretta,,,,Zebra,,,,,,,,"interesat de poarta pietonala si auto cu totul , redirectionat catre Alexandru Croitoru",,,Contactat,,,,,,,,
Moise Iulian,Bucuresti / Ilfov,Bucuresti,(076) 639-5943,14/3/2023,,,"LEI     3,246.00",,Caretta,,,,,,,,,,,Ofertat,,,,,3.0%,,,
Bertea Mihai,Bucuresti / Ilfov,Bucuresti,(075) 674-5003,15/3/2023,Birou,,LEI     684.00,,Caretta,,,,,,,,,,,Ofertat,,,,,5.0%,,,
Nicoleta Dobre,Bucuresti / Ilfov,Domnesti,0 721 257 538,7/4/2023,Telefon,,"LEI     4,209.00",,Zebra,,,,,,,28/7/2023,"Nu raspunde
Vrea si rame porti, i-am dat pret total",,,Ofertat,,,,,3.0%,,,
Marius,Brasov,Brasov,(077) 048-2002,27/4/2023,OLX,,"LEI     12,194.00",,Zebra,,,,,,,,"Asteapta aviz de constructie, vrea si montator.
",,,Ofertat,,,,,1.0%,,,
Varodi Gheorghe,Bucuresti / Ilfov,Reghin,(074) 554-8020,3/5/2023,OLX,,"LEI     2,411.00",,Zebra,,,,,,,28/7/2023,"Nu raspunde
10.05- Saptamana viitoare trimite cote. ",,,Ofertat,,,,,1.0%,,,
Marcel Butila,Bucuresti / Ilfov,Sibiu,(075) 657-3847,10/5/2023,OLX,,"LEI     6,182.00",,Zebra,,,,,,,28/7/2023,"A respins
",,,Ofertat,,,,,1.0%,,,
Raulean Sorin,Bucuresti / Ilfov,Braila,(077) 096-2795,11/5/2023,OLX,,"LEI     3,869.00",,Zebra,,,,,,,28/7/2023,"Nu raspunde
",,,Ofertat,,,,,1.0%,,,
Emanuel Petcu,Bucuresti / Ilfov,United Kingdom,#ERROR!,12/5/2023,OLX,,"LEI     64,878.00",,Zebra,,,,,,,28/7/2023,Nu raspunde,,,Ofertat,,,,,1.0%,,,
Dumitru Buturoaga,Bucuresti / Ilfov,"Celaru, DJ",(078) 762-9688,24/5/2023,OLX,,"LEI     2,021.00",,Zebra,,,,,,,,,,,Ofertat,,,,,1.0%,,,
Ionescu Gheorghe,Bucuresti / Ilfov,Bragadiru,(076) 288-9696,31/5/2023,Birou,,"LEI     2,232.00",,Zebra,,,,,,,,,,,Ofertat,,,,,3.0%,,,
Catalin Burlacu,Bucuresti / Ilfov,Bucuresti,0774 457 781,31/5/2023,Telefon,,"LEI     9,504.00",,Zebra,,,,,,,12/7/2023,"Nu raspunde, nu raspunde

",,,Ofertat,,,,,3.0%,,,
Gabriela Cosma,Arad,Varfurile,0773 347 633,8/6/2023,OLX,,"LEI     6,402.00",,,,,,,,,,,,,Ofertat,,,,,1.0%,,,
Cornel Preduana,Olt,Bals,34642171312,12/6/2023,OLX,,"LEI     9,051.00",,Wetterbest,,,,,,,20/6/2023,Suna cand ajunge in tara,,,Ofertat,,,,,1.0%,,,
Tamas Cornel,Bucuresti / Ilfov,Bucuresti,(078) 789-8251,19/6/2023,Birou,,"LEI     12,981.00",,"Caretta , Wetterbest",,,,,,,,,,,Ofertat,,,,,4.0%,,,
Baldeanu Ovidiu,Bucuresti / Ilfov,,0759 072 882,3/7/2023,OLX,,"LEI     2,552.00",,Zebra,,,,,,,,,,,Ofertat,,,,,3.0%,,,
Ciprian Urcan,Mures,Zau de Campie,0757 760 407,4/7/2023,OLX,,"LEI     8,253.00",,Zebra,,,,,,,,"Toarna stalpi, saptamana viitoare are cote finale",,,Ofertat,,,,,3.0%,,,
Andrei Fleancu,Bucuresti / Ilfov,Bucuresti,0729 595 596,7/7/2023,OLX,,"LEI     5,869.00",,Zebra,,,,,,,,,,,Ofertat,,,,,3.0%,,,
Ciobanescu Ionut,Bucuresti / Ilfov,Bucuresti,0764 937371,7/7/2023,Birou,,"LEI     4,322.00",,Zebra,,,,,,,,,,,Ofertat,,,,,3.0%,,,
Lucaci Alexandru,Bucuresti / Ilfov,Bucuresti,0752 185 322,11/7/2023,OLX,,"LEI     4,335.00",,Zebra,,,,,,,,Nu raspunde,,,Ofertat,,,,,3.0%,,,
Camelia Mijachie,Bucuresti / Ilfov,Bucuresti,0745 141 460,20/7/2023,Birou,,"LEI     10,621.00",,Zebra,,,,,,,10/8/2023,"Nu raspunde

",,,Ofertat,,,,,3.0%,,,
Orodel Marian,Bucuresti / Ilfov,Sector 5,0726 942 287,25/7/2023,Birou,,"LEI     30,256.00",,Zebra,,,,,,,,,,,Ofertat,,,,,3.0%,,,
Adrian Cornoiu,Bucuresti / Ilfov,Bucuresti,0767 636 772,26/7/2023,Birou,,"LEI     4,551.00",,Zebra,,,,,,,,"Si rame porti, se apuca de turnat stalpi",,,Ofertat,,,,,3.0%,,,
Daniel,Bucuresti / Ilfov,Berceni,0744 845 369,27/7/2023,Cerere oferta site,,"LEI     5,700.00",,Zebra,,,,,,,,"Oferta dimensiuni estimative , client vechi caretta, v-a veni la show-room pt a discuta si a vedea modelele",,,Ofertat,,,,,1.0%,,,
Ciobanu Marin,Bucuresti / Ilfov,,0736 638 020,3/8/2023,Telefon,,"LEI     15,900.00",,Wetterbest,,,,,,,,"Calcul estimativ dupa dimensiunile clientului , va merge cu fratele la tara la casa parinteasca deoarece ei se ocupa de ea , va veni la show-room bucuresti cand se  hotaraste ca sa dea avansul, redirectioat catre ALEX.",,,Ofertat,,,,,3.0%,,,
Alexandru,Bucuresti / Ilfov,Sector 5,0720 922 512,4/8/2023,Birou,,"LEI     10,434.00",,Zebra,,,,,,,,,,,Ofertat,,,,,3.0%,,,
Serban,Bucuresti / Ilfov,Sector 5,0737 555 363,7/8/2023,Client Vechi ( Completare ),,"LEI     2,415.00",,Zebra,,,,,,,,,,,Ofertat,,,,,1.0%,,,
Iliescu Gabriel,Bucuresti / Ilfov,Sector 5,0771 118 723,8/8/2023,"OLX, Birou, Telefon",,"LEI     2,651.00",,Zebra,,,,,,,,,,,Ofertat,,,,,3.0%,,,
Cristi Severin,,,,8/8/2023,OLX,,"LEI     24,527.00",,Zebra,,,,,,,,,,,Ofertat,,,,,1.0%,,,
Angheluta Constantin,Bucuresti / Ilfov,Branesti,0724 241 255,9/8/2023,Birou,,"LEI     8,082.00",,Wetterbest,,,,,,,,,,,Ofertat,,,,,,,,
Marius Manuil,Bihor,Oradea,0749 086 577,9/8/2023,OLX,,"LEI     2,764.00",,Zebra,,,,,,,,,,,Ofertat,,,,,1.0%,,,
Lucian Radu,Bacau,Bacau,0737 722 879,9/8/2023,OLX,,"LEI     26,256.00",,Caretta,,,,,,,,,,,Ofertat,,,,,3.0%,,,
Viorel Brasov,,,(072) 223-4471,22/8/2023,Cerere oferta site,,"LEI     29,000.00",,Zebra,,,,,,,22/2/2024,"oferta pt 22 panouri casetat x 90 , studiaza piata
a pus sipca verticala 
vrea sa vina la show-room sa vada modelele bucuresti",,,Pierdut,,,,,1.0%,,,
Vior Gelu,Caras-Severin,Orsova,0 722 500 334,25/8/2023,"Client Vechi ( Completare ), OLX",,LEI     827.00,,"Caretta , MX",,,,,,,,,,,Ofertat,,,,,,,,
Nucu Preda,Bucuresti / Ilfov,Bucuresti,(074) 432-5311,25/8/2023,Lead Caretta,,"LEI     2,932.00",,Caretta,,,,,,,,Nu a apucat sa se uite pe oferta,,,Ofertat,,,30/8/2023,,3.0%,,,
Daniel Gradinaru,Bucuresti / Ilfov,Bucuresti,0765 628 245,7/9/2023,,,,,,,,,,,,,,,,Ofertat,,,,,,,,
Ionut Orzoi,Bucuresti / Ilfov,Bucuresti,0731 023 908,7/9/2023,Birou,,"LEI     3,526.00",,MX,,,,,,,,,,,Ofertat,,,,,3.0%,,,
Dl MARIAN,Giurgiu,COPACENI,0766 951 504,18/9/2023,Telefon,,,,Zebra,,,,,,,,"a fcaut un prieten cu noi si vrea si el cu tot cu cadrul portii si manopera , de luat legatura",,,Ofertat,,,,,3.0%,,,
Dorin Alupei,Bucuresti / Ilfov,Bucuresti,0 751 149 977,22/9/2023,Birou,,"LEI     13,195.00",,MX,,,,,,,,,,,Ofertat,,,,,3.0%,,,
Lazar,Bucuresti / Ilfov,Bucuresti,0766 308 185,22/9/2023,Birou,,"LEI     6,069.00",,MX,,,,,,,,,,,Ofertat,,,,,3.0%,,,
Duminica Dorel,Bucuresti / Ilfov,Bucuresti,0744 473 230,2/10/2023,Birou,,"LEI     9,853.00",,MX,,,,,,,,,,,Ofertat,,,,,3.0%,,,
Dl Florea,Constanta,Bolentin,0762 607 897,3/10/2023,Telefon,,"LEI     4,300.00",,Zebra,,,,,,,,vine la show-room bucuresti x174,,,Ofertat,,,,,3.0%,,,
Marian Novoceanu,Bucuresti / Ilfov,Mihailesti,0749 590 310,19/10/2023,Telefon,,"LEI     8,225.00",,MX,,,,,,,,,,,Ofertat,,,,,3.0%,,,
Manu Liviu,,,0747 435 188,20/10/2023,Telefon,,"LEI     3,686.00",,MX,,,,,,,,,,,Ofertat,,,,,3.0%,,,
Adela Berindei,Arad,Arad,0729 256 182,25/10/2023,OLX,,"LEI     22,755.00",,MX,,,,,,,,,,,Ofertat,,,,,1.0%,,,
Dinca Roxana,Bucuresti / Ilfov,Bucuresti,0769 918 510,21/11/2023,Birou,,"LEI     8,600.00",GARD,MX,,,,,,,19/9/2025,"S-au intors dupa 2 ani! Ce au facut pana acum oare? Nu gard, asta-i clar. Le-am dat oferta si pe X138 bicolor🤮",30/9/2025,"Discount direct 5%, nu i-am aburit cu 2 sau 3",Follow UP ( Negociere ),,,,,2.0%,,,
Denis Tudor,Teleorman,Olteni,0033 751 891 711,6/12/2023,OLX,,"LEI     7,082.00",,MX,,,,,,,,E scump,,,Pierdut,,,,,2.0%,,,
Tomodan Ghita,Bucuresti / Ilfov,Arad,0 732 951 539,30/1/2023,OLX,,"LEI     18,803.00",,Zebra,,,,,,,14/3/2023,nu raspunde la tel,,,Follow UP ( Negociere ),,,,,1.0%,,,
SC Pelivan SRL,Bucuresti / Ilfov,Oltenita,0 735 974 252,9/2/2023,OLX,,LEI     712.00,,Zebra,,,,,,,24/4/2023,"Vrea un panou ca mostra, placheaza cu travertin. Trimis proforma",,,Follow UP ( Negociere ),,,,,1.0%,,,
Raportaru Livica,Bucuresti / Ilfov,Videle,0765 575 304,14/2/2023,Birou,,"LEI     12,132.00",,Caretta,,,,,,,14/3/2023,nu mai are buget  de acoperis . i-am propus sa ii facem o oferta dupa masuratoare si poate face o custodie,,,Follow UP ( Negociere ),,,,,5.0%,,,
Chiriac Marian,Bucuresti / Ilfov,Buftea,(076) 567-6944,20/2/2023,OLX,,"LEI     5,109.00",,Zebra,,,,,,,14/3/2023,"a zis ca are de la alex 4600 de lei ... eu i-am,zis ca ii pot da promotie de 4450 lei . nu stiam ca are de la alex pretul asta.",,,Follow UP ( Negociere ),,,,,1.0%,,,
Razvan Neacsu,Bucuresti / Ilfov,Adunatii Copaceni,(072) 216-3089,20/2/2023,OLX,,"LEI     4,802.00",,Zebra,,,,,,,11/5/2023,"Mai spre toamna, acum a vopsit lemnul
",,,Follow UP ( Negociere ),,,,,1.0%,,,
Oprita Marian,Bucuresti / Ilfov,Drumul Gazarului,(072) 361-3518,22/2/2023,Birou,,"LEI     17,445.00",GARD,MX,MX 25,33.87,?,0.6mm,Briliant,,,,,,Vandut,11/3/2025,LIVRAT,26/3/2025,,3.0%,,,
Ionel Buruiana,Bucuresti / Ilfov,Corbeanca,(077) 445-4950,23/2/2023,Facebook,,"LEI     3,575.00",,Zebra,,,,,,,11/5/2023,"Nu are buget momentan, interesat de RAL 6019",,,Follow UP ( Negociere ),,,,,1.0%,,,
Ortacu Teodor,Bucuresti / Ilfov,Bucuresti,(072) 600-2919,1/3/2023,Birou,,"LEI     5,558.00",,Zebra,,,,,,,4/8/2023,"Ne auzim prin septembrie, inca nu a strans bani.
Inca nu a rezolvat cu finantele
Nu sta bine cu bugetul, peste 2-3 saptamani",,,Follow UP ( Negociere ),,,,,2.0%,,,
Zoltan Deak,Bucuresti / Ilfov,"Cluj, Cojocna",0733 777 666,8/3/2023,OLX,,"LEI     58,441.00",,Zebra,,,,,,,4/8/2023,"Suna el sau baietii cand ajung la gard, acum s-au apucat de garaje. Nu vrea mostra, cunoaste materialul, de aceea a cerut oferta.
Ne auzim cand se intoarce in tara.",,,Follow UP ( Negociere ),,,,,2.0%,,,
Mara Adrian,Bucuresti / Ilfov,Bragadiru,(073) 054-9636,13/3/2023,Birou,,"LEI     1,154.00",,Zebra,,,,,,,6/4/2023,"E intr-un impas, mai amana gardul.
",,,Follow UP ( Negociere ),,,,,3.0%,,,
Mitroi Adrian,Bucuresti / Ilfov,Bucuresti,(076) 657-8275,20/3/2023,Birou,,"LEI     4,693.00",,Zebra,,,,,,,10/8/2023,"Nu raspunde.
E in concediu, urmeaza sa trimita cotele.
Pentru jud Olt?
Face din beton, cu 40 cm de jaluzea. Saptamana viitoare revine. Vrea si porti.
",,,Follow UP ( Negociere ),,,,,2.0%,,,
Sarbu Adrian,Bucuresti / Ilfov,Sibiu,(073) 035-6707,21/3/2023,OLX,,"LEI     1,332.00",,Zebra,,,,,,,10/8/2023,"E in concediu, nu s-a decis daca schimba gardul
Are inca santier, nu a finalizat ramele portilor. Luna viitoare
",,,Follow UP ( Negociere ),,,,,3.0%,,,
Remus Maruga,Bucuresti / Ilfov,"Olt, Stefan cel Mare, Fermei, nr 14",(074) 489-1352,24/3/2023,OLX,,"LEI     1,242.00",,Zebra,,,,,,,,,,,Follow UP ( Negociere ),,,,,1.0%,,,
Voinea Andrei,Bucuresti / Ilfov,Bucuresti,(072) 350-1461,27/3/2023,Birou,,"LEI     4,751.00",,Zebra,,,,,,,5/4/2023,"Deocamdata a sistat gardul, se ocupa de altceva la casa. Revine.",,,Follow UP ( Negociere ),,,,,3.0%,,,
Grigore Marius,Bucuresti / Ilfov,Cornetu,(072) 372-3118,29/3/2023,Birou,,"LEI     3,910.00",,Zebra,,,,,,,19/6/2023,"A intrebat si de boltari, vine la sediu 
",,,Follow UP ( Negociere ),,,,,1.0%,,,
Mihai Adrian,Bucuresti / Ilfov,Alexandria,(076) 178-2154,3/4/2023,Birou,,"LEI     14,184.00",,Zebra,,,,,,,28/7/2023,"Casa monument istoric, ar vrea sa o demoleze, vecinul ar putea construi o casa razanta cu gardul.
Nu raspunde.
Sa ne auzim pe la jumatatea lui iulie, are fecioru' examen, iar vecinul pleaca in vacanta
Vorbeste cu vecinul si ar vrea si un discount. Il va primi =))",,,Follow UP ( Negociere ),,,,,2.0%,,,
Marian Vaduva,Bucuresti / Ilfov,"Runcu, Valcea",(075) 403-6127,4/4/2023,OLX,,"LEI     5,025.00",,Zebra,,,,,,,28/7/2023,"A raspuns sotia, revin cu telefon
Nu raspunde",,,Follow UP ( Negociere ),,,,,1.0%,,,
Popescu Gabriel,Bucuresti / Ilfov,Bucuresti,(077) 025-6403,5/4/2023,Birou,,"LEI     1,164.00",,Zebra,,,,,,,12/7/2023,"Inca nu a iesit autorizatia de constructie, ne contacteaza el",,,Follow UP ( Negociere ),,,,,3.0%,,,
Nidelea Marin,Bucuresti / Ilfov,Bucuresti,(072) 273-1521,5/4/2023,Birou,,"LEI     1,918.00",,Caretta,,,,,,,28/7/2023,"Nu raspunde.
E in concediu, trece pe la birou cand se intoarce",,,Follow UP ( Negociere ),,,,,,,,
Cornel Vidrean,Bucuresti / Ilfov,"Maguri Racatau, 119C, Cluj",(075) 878-6680,10/4/2023,OLX,,"LEI     15,865.00",,Zebra,,,,,,,19/6/2023,"Tot nu a terminat de indreptat
C*1.3
Inca nu a terminat stalpii, mai are si oferta de la Wtb, 17000.
",,,Follow UP ( Negociere ),,,,,1.0%,,,
Ciprian Tamas,Bucuresti / Ilfov,Barlad,(077) 107-6642,24/4/2023,OLX,,"LEI     5,447.00",,Zebra,,,,,,,28/7/2023,"Nu raspunde
",,,Follow UP ( Negociere ),,,,,1.0%,,,
Herman Andrei,Bucuresti / Ilfov,Alba Iulia,(074) 787-9254,26/4/2023,OLX,,"LEI     6,582.00",,Zebra,,,,,,,,"Montator garduri sudor toata Romania
",,,Follow UP ( Negociere ),,,,,1.0%,,,
Emil Popescu,Mehedinti,Drobeta Turnu Severin,(077) 330-2285,26/4/2023,OLX,,"LEI     14,255.00",,Zebra,,,,,,,28/7/2023,"Asteapta cadastru 
Pleaca in vacanta in Toscana, ne auzim luna viitoare. Transmite si cotele pentru porti",,,Follow UP ( Negociere ),,,,,1.0%,,,
Radulescu Alexandru,Bucuresti / Ilfov,Bucuresti,(072) 117-1899,27/4/2023,Birou,,"LEI     15,989.00",,Zebra,,,,,,,28/7/2023,"Pana in septembrie nu se apuca, poate chiar la anul. I-am povestit de noua colectie de garduri, mai accesibila, il sun dupa ce se lanseaza. 
Mai cauta in piata, Vrea casetat, nu se grabeste. Mai spre toamna",,,Follow UP ( Negociere ),,,,,1.0%,,,
Dobos Dragos,Bucuresti / Ilfov,Brasov,0 722 283 791,3/5/2023,OLX,,"LEI     7,237.00",,Zebra,,,,,,,28/7/2023,"Inca nu a montat aticele de beton, l-au incurcat unii din CJ
Mahon 0.5 DV. Are si oferta locala. Nu mai vrea atice, o sa faca din beton, mai scade inaltimea.
A decofrat, nu prea are bani acum, dar trimite cote pentru oferta
",,,Follow UP ( Negociere ),,,,,1.0%,,,
Ghebeneu Marius,Bucuresti / Ilfov,"Micesti, AB",(074) 304-9749,10/5/2023,OLX,,"LEI     6,826.00",,Zebra,,,,,,,20/6/2023,"A stagnat, nu a mai facut nimic",,,Follow UP ( Negociere ),,,,,1.0%,,,
Dan,Bucuresti / Ilfov,Magurele,(075) 839-8034,12/5/2023,OLX,,"LEI     6,808.00",,Zebra,,,,,,,12/7/2023,"Asteapta sa vina in tara persoana pentru care a cerut oferta
Ar fi vrut si transport pana in Olanda, dar se ocupa dansul =))",,,Follow UP ( Negociere ),,,,,1.0%,,,
Ionuț Duță,Bucuresti / Ilfov,"Gaesti, DB",0 752 030 943,18/5/2023,Telefon,,"LEI     23,592.00",,Zebra,,,,,,,,"Constructor, trebuie turnata fundatia, mai dureaza",,,Follow UP ( Negociere ),,,,,1.0%,,,
Toni,Bucuresti / Ilfov,Bragadiru,(072) 107-8551,18/5/2023,,,"LEI     2,249.00",,Zebra,,,,,,,,"Revine saptamana viitoare si cu cote pentru panouri, 
MOntaj Claudiu
",,,Follow UP ( Negociere ),,,,,3.0%,,,
Tibi,Bucuresti / Ilfov,Valea Ciresului,(076) 417-2304,18/5/2023,Telefon,,"LEI     18,097.00",,"Wetterbest, Caretta",,,,,,,31/5/2023,"Montator, nu s-a hotarat clientul inca. I-am dat si wtb de 0.4, la 17000",,,Follow UP ( Negociere ),,,,,2.0%,,,
Claudiu Ionescu,Bucuresti / Ilfov,Balotesti,(072) 427-8632,31/5/2023,Client Vechi ( Completare ),,"LEI     5,902.00",,Zebra,,,,,,,21/6/2023,"Mai are 3 vecini, vor sa schimbe cu totii gardul, trebuie sa ia o hotarare impreuna, dar unii sunt in concediu
",,,Follow UP ( Negociere ),,,,,1.0%,,,
Andrei montator,Bucuresti / Ilfov,Bucuresti,0751 434953,21/6/2023,OLX,,"LEI     9,235.00",,Zebra,,,,,,,,Face calcule cu betonul si revine vineri,,,Follow UP ( Negociere ),,,,,1.0%,,,
Remus Barna,Mures,Reghin,0745 511 648,23/6/2023,OLX,,"LEI     6,406.00",,Zebra,,,,,,,,"Pe 14.07 se intoarce din Antalya
Toarna stalpii, pe luni ne auzim. Pentru montaj o sa il sune Vestemean SB",,,Follow UP ( Negociere ),,,,,1.0%,,,
COSTICA SEREA,Vrancea,Golestii de Sus,0039 3281499919,3/7/2023,OLX,,"LEI     14,396.00",,Zebra,,,,,,,3/7/2023,"Toarna stalpii, revine cu cote finale",,,Follow UP ( Negociere ),,,,,1.0%,,,
Teodorescu Mihaela,Bucuresti / Ilfov,Bucuresti,0746 063 574,5/7/2023,Cerere oferta site,,"LEI     10,620.00",,Zebra,,,,,,,21/7/2023,"Au fost muncitorii in concediu, in weekend vb cu sotul si luni ne auzim
",,,Follow UP ( Negociere ),,,,,3.0%,,,
Dl. Virgil,Bucuresti / Ilfov,Bucuresti,0722 315 473,11/7/2023,Cerere oferta site,,"LEI     2,356.00",,Zebra,,,,,,,13/7/2023,"L-am pus in legatura cu Dan, pentru confectii metalice si montaj.
Doreste pret pt porti la gata , ofertat doar pt lamele , l-am redirectionat catre alex",,,Follow UP ( Negociere ),,,,,3.0%,,,
Golescu Viorel,Bucuresti / Ilfov,Bucuresti,0721 505 409,12/7/2023,Birou,,LEI     540.00,,Zebra,,,,,,,26/7/2023,Peste vreo luna termina cu stalpii si trece pe la sediu,,,Follow UP ( Negociere ),,,,,3.0%,,,
Zaharia Gica,Bucuresti / Ilfov,Bucuresti,0722 622 088,12/7/2023,OLX,,"LEI     1,944.00",,Zebra,,,,,,,26/7/2023,"Nu raspunde
",,,Follow UP ( Negociere ),,,,,3.0%,,,
Radu Nelu,Prahova,Brazii de Jos,0799 773 432,19/7/2023,OLX,,"LEI     7,660.00",,Zebra,,,,,,,,"Se gandeste...
",,,Follow UP ( Negociere ),,,,,3.0%,,,
Ramona Silaghi,Bucuresti / Ilfov,Bucuresti,0748 112 081,20/7/2023,OLX,,"LEI     3,456.00",,Zebra,,,,,,,,,,,Follow UP ( Negociere ),,,,,3.0%,,,
Constantin Vasile,Bucuresti / Ilfov,Ilfov,0722 296 909,20/7/2023,Cerere oferta site,,"LEI     10,368.00",,Zebra,,,,,,,,"Nu are casa finalizata, constructorul l-a sfatuit sa mai astepte cu gardul. I-am trimis pe mail si oferta lui Crai + nr de tel.
Am trimis oferta pentru 40 ml de gard, astept cotatie pret pentru stalpi si fundatie stalpi.
preturi generale despre garduri , va veni la show-room pt a vedea modelele.",,,Follow UP ( Negociere ),,,,,3.0%,,,
Corina,Bucuresti / Ilfov,Bucuresti,0766 261 408,21/7/2023,Birou,,"LEI     5,858.00",,Zebra,,,,,,,,,,,Follow UP ( Negociere ),,,,,3.0%,,,
Garbea,Timis,Sacalaj,0724 707 295,24/7/2023,OLX,,"LEI     5,953.00",,Wetterbest,,,,,,,4/8/2023,"Era in masina, la Oradea, suna saptamana viitoare
",,,Follow UP ( Negociere ),,,,,3.0%,,,
Gorghiu Manuel,Brasov,Brasov,0740 237 211,26/7/2023,OLX,,"LEI     4,094.00",,Zebra,,,,,,,28/7/2023,"Vrea si zidarie, ll-am pus in legatura cu Ionut Ciocoiu
Vrea si rame porti, il pun in legatura cu Vestemean SB
",,,Follow UP ( Negociere ),,,,,3.0%,,,
Circiumaru Alexandru,Bucuresti / Ilfov,,0727 838 030,27/7/2023,Cerere oferta site,,"LEI     49,705.00",,Zebra,,,,,,,4/8/2023,"Nu are inca un raspuns, revine astazi.
Redirectionat catre Alexandru Croitoru, care a multumit :)",,,Follow UP ( Negociere ),,,,,1.0%,,,
Cristea Eugen,Bucuresti / Ilfov,Sibiu,0744 929 443,2/8/2023,OLX,,,,Zebra,,,,,,,4/8/2023,"A primit Cutia Neagra, abia intrase in casa, ne auzim luni.
De trimit cutie cu mostre si paletar culori . ",,,Follow UP ( Negociere ),,,,,1.0%,,,
Marius Anghelina,Prahova,,0745 580 111,9/8/2023,OLX,,"LEI     6,055.00",,Zebra,,,,,,,18/8/2023,,,,Follow UP ( Negociere ),,,,,1.0%,,,
Alex,Bucuresti / Ilfov,Bucuresti,0761 433 379,9/8/2023,OLX,,"LEI     11,655.00",,Zebra,,,,,,,26/9/2023,"In primavara, acum nu e buget
",,,Follow UP ( Negociere ),,,,,1.0%,,,
Laszlo Dancs,Maramures,Baia Sprie,0753 838 737,11/8/2023,OLX,,"LEI     9,390.00",,Zebra,,,,,,,26/9/2023,"A mai cumparat teren, revine.
In 2 saptamani tencuieste stalpii",,,Follow UP ( Negociere ),,,,,1.0%,,,
Pana Ionel,Bucuresti / Ilfov,Bragadiru,0722 766 342,28/8/2023,Birou,,"LEI     25,345.00",,Zebra,,,,,,,26/9/2023,"L-am oferat in 1
Ar fi fost interesat de MX 2F, o sa revina, era intr-un santier",,,Follow UP ( Negociere ),,,,,1.0%,,,
Milac Mircea,Timis,,0741 736 714,25/10/2023,OLX,,"LEI     3,052.00",,MX,,,,,,,15/11/2023,"Ne contacteaza el, nu a vrut mostre",,,Follow UP ( Negociere ),,,,,1.0%,,,
SINCUES,Bucuresti / Ilfov,bucuresti,0773 840 347,15/11/2023,Telefon,,"LEI     2,800.00",,Zebra,,,,,,,27/11/2023,"interesat de sipca gard y118 , va veni la show-room bucuresti pentru a vedea modelul si avans , doreste sa stie dacca sipca poate fi debitata pe dimensiuni exacte. Pentru portile mari sipca este luata in calcul pe orizontal.",,,Follow UP ( Negociere ),,,,,3.0%,,,
COCO & JOJO TRUCK COMPANY S.R.L.,Bistrita,Salva,0771 212 710,21/11/2023,OLX,,"LEI     6,357.00",,MX,,,,,,,,"Momentan a oprit lucrarile
",,,Follow UP ( Negociere ),,,,,1.0%,,,
Dragoi Constantin,Bucuresti / Ilfov,Bucuresti,0722 451 184,21/11/2023,Montatori / Colaboratori,,"LEI     3,240.00",,MX,,,,,,,,Amana pentru primavara,,,Follow UP ( Negociere ),,,,,3.0%,,,
Sorin Parahovai,Bucuresti / Ilfov,"Ganeasa, Ilfov",#ERROR!,20/1/2023,OLX,,"LEI     1,843.00",,Zebra,,,,,,,,,,,Vandut,20/1/2023,,,checked,1.0%,,,
Blaj Robert,Bucuresti / Ilfov,Bucuresti,0 721 110 010,25/1/2023,Facebook,,LEI     356.00,,Caretta,,,,,,,,,,,Vandut,25/1/2023,,,checked,1.0%,,,
Teodorescu Cosmin,Bucuresti / Ilfov,"Rotunda, Olt",0 758 761 625,2/2/2023,OLX,,"LEI     4,306.00",,Zebra,,,,,,,,,,,Vandut,2/2/2023,,,checked,1.0%,,,
Visan Paul,Bucuresti / Ilfov,Zimnicea,(072) 370-3541,14/2/2023,Birou,,"LEI     17,000.00",,Zebra,,,,,,,,"


",,,Vandut,1/3/2023,,,checked,2.0%,,,
Raportaru Livica,Bucuresti / Ilfov,Videle,0765 575 304,14/2/2023,Birou,,"LEI     9,980.00",,Zebra,,,,,,,14/3/2023,,,,Vandut,28/3/2023,,,,1.0%,,,
TOP ACTIV OFFICE IMPEX SRL,Bucuresti / Ilfov,Bucuresti,0 770 328 070,15/2/2023,Lead Caretta,,"LEI     1,438.00",,Caretta,,,,,,,,,,,Vandut,6/3/2023,,,checked,1.0%,,,
"CABINET DE PRACTICA INDIVIDUALA ""PETROVICI SERGIU-GABRIEL",Bucuresti / Ilfov,Bucuresti,(072) 212-4413,16/2/2023,Telefon,,"LEI     1,750.00",,Caretta,,,,,,,,,,,Vandut,10/2/2023,,,checked,5.0%,,,
STIMPEX SA,Bucuresti / Ilfov,"Cornetu, Str Aeroprtului, nr 27A",(072) 490-2962,17/2/2023,Birou,,"LEI     2,736.00",,Caretta,,,,,,,,,,,Vandut,17/2/2023,,,checked,5.0%,,,
Vasile Razvan Andrei/Dabu Con SRL,Bucuresti / Ilfov,Corbeanca,(072) 353-0282,20/2/2023,Birou,,"LEI     30,920.00",,Zebra,,,,,,,21/3/2023,"Mostrele trimise prin curier au ajuns la alta adresa, a venit la birou si a mai luat.
",,,Vandut,1/4/2023,,,checked,1.0%,,,
Iancu Elena,Bucuresti / Ilfov,Clinceni,(072) 962-7987,22/2/2023,Birou,,"LEI     15,830.00",,Wetterbest,,,,,,,21/9/2023,"A luat wetterbest /
Oferta pe Attica
",,,Vandut,14/9/2023,,21/9/2023,checked,3.0%,,,
Oprita Marian,Bucuresti / Ilfov,Drumul Gazarului,(072) 361-3518,22/2/2023,Birou,,"LEI     18,226.00",ACOPERIS,Caretta,,,,,,,,"Vrea ca pana de Paste sa puna acoperisul
",,,Vandut,23/3/2023,,,checked,3.0%,,,
Emanuela Scholz,Bucuresti / Ilfov,Munich,4917662405770,24/2/2023,Telefon,,"LEI     3,190.00",,Zebra,,,,,,,,,,,Vandut,27/2/2023,,,checked,3.0%,,,
Pavel Marius-Daniel,Bucuresti / Ilfov,"Viisoara, Cluj",0 740 522 041,6/3/2023,,,LEI     946.00,,Zebra,,,,,,,,,,,Vandut,6/3/2023,,,checked,2.0%,,,
Dragan Mircea,Bucuresti / Ilfov,Bucuresti,0 723 503 190,7/3/2023,Birou,,"LEI     4,987.00",,Zebra,,,,,,,27/3/2023,"A fost Ionut la masurat, vine sa achite.",,,Vandut,27/3/2023,,,checked,2.0%,,,
DENIS 2016 ART CONSTRUCT SRL,Bucuresti / Ilfov,Bucuresti,0 768 919 288,8/3/2023,,,"LEI     8,456.00",,Zebra,,,,,,,,,,,Vandut,8/3/2023,,,checked,1.0%,,,
Neagoe Daniel,Bucuresti / Ilfov,Sector 5,(076) 820-5704,8/3/2023,Birou,,"LEI     2,742.00",,Caretta,,,,,,,,Avans 1000,,,Vandut,8/3/2023,,,checked,3.0%,,,
Damureanu Florin,Bucuresti / Ilfov,Bucuresti,(074) 599-6864,10/3/2023,Birou,,"LEI     11,278.00",,Zebra,,,,,,,19/4/2023,"Taie gardul vechi, in saptamana cu 1.05 vine cu avans",,,Vandut,3/5/2023,,,checked,2.0%,,,
Milos Mihai,Bucuresti / Ilfov,"Nermed,, Caras Severin",(072) 247-8776,14/3/2023,OLX,,"LEI     2,694.00",,Zebra,,,,,,,,,,,Vandut,16/3/2023,,,checked,1.0%,,,
Cristi Maruntelu OTO PARK RESIDENCE S.R.L.,,,Bucuresti / Ilfov,596,Alexandru Croitoru,OLX,"OTO PARK RESIDENCE S.R.L..xlsx (https://airtable.com/appiw7FirtOK99nPZ/tblt4eExy7YeIk2aB/recBiJGyEgmK2rUn7/fldUqAsAWBhCofBm2/attPKnBlVSPSIn7Ng), OTO PARK RESIDENCE S.R.L..pdf (https://airtable.com/appiw7FirtOK99nPZ/tblt4eExy7YeIk2aB/recBiJGyEgmK2rUn7/fldUqAsAWBhCofBm2/attZOvq9YycmTJp8e), OTO PARK RESIDENCE S.R.L. porti.xlsx (https://airtable.com/appiw7FirtOK99nPZ/tblt4eExy7YeIk2aB/recBiJGyEgmK2rUn7/fldUqAsAWBhCofBm2/attOCTeRh9aJCl1bz), OTO PARK RESIDENCE S.R.L. porti.pdf (https://airtable.com/appiw7FirtOK99nPZ/tblt4eExy7YeIk2aB/recBiJGyEgmK2rUn7/fldUqAsAWBhCofBm2/attb3Hq8g2LBxE6Uu)",,"LEI     18,239.00",,Zebra,,,,,,,27/3/2023,Ionut- poarta auto culisanta 400/ 196 + 8 porti pietonale 1*1.94= 8000 lei,,,Vandut,1/4/2023,,,checked,1.0%,
Zahariu Cosmin,Bucuresti / Ilfov,Domnesti,(076) 655-7710,16/3/2023,Birou,,"LEI     8,578.00",,Zebra,,,,,,,11/8/2023,"Panourile sunt gata, ramele dupa 1 sep. I-am propus sa comande acum gardul, poarta dupa.

Pana pe 7 aug e in concediu 
De la 7 la 4 sunt baietii, se poate masura dupa ce dau decorativa.Saptamana viitoare probabil va avea si ramele si poate da cote
Trimite cote. ",,,Vandut,10/8/2023,,29/8/2023,checked,2.0%,,,
TIS LUC CONSTRUCT SRL,Bucuresti / Ilfov,Dambovita,(078) 617-6444,21/3/2023,Google,,"LEI     29,384.00",,Zebra,,,,,,,30/3/2023,A mai avut intrebari tehnice,,,Vandut,3/4/2023,,,checked,1.0%,,,
Tenea Robert,Bucuresti / Ilfov,Bucuresti,(076) 523-9466,23/3/2023,Birou,,"LEI     3,013.00",,Zebra,,,,,,,,,,,Vandut,23/3/2023,,,checked,3.0%,,,
Vestemean Ionut,Bucuresti / Ilfov,Sibiu,0 749 545 412,29/3/2023,OLX,,"LEI     1,391.00",,Zebra,,,,,,,,Montator Sibiu,,,Vandut,3/4/2023,,,checked,1.0%,,,
Tataru Adrian,Bucuresti / Ilfov,Magurele,(072) 054-1456,29/3/2023,Birou,,"LEI     7,419.00",,Caretta,,,,,,,,,,,Vandut,29/3/2023,,,checked,5.0%,,,
Petrea Virginia,Bucuresti / Ilfov,Bucuresti,(076) 177-9328,29/3/2023,Birou,,"LEI     3,616.00",,Zebra,,,,,,,,,,,Vandut,30/3/2023,,,checked,3.0%,,,
Petrea Virginia,Bucuresti / Ilfov,Bucuresti,(076) 177-9328,29/3/2023,Birou,,"LEI     1,710.00",,Caretta,,,,,,,,,,,Vandut,30/3/2023,,,checked,2.0%,,,
Dinica Ioan,Bucuresti / Ilfov,Bragadiru,(072) 867-2382,3/4/2023,Birou,,"LEI     2,031.00",,Zebra,,,,,,,,,,,Vandut,5/4/2023,,,checked,3.0%,,,
ALEXE TEODORA,Bucuresti / Ilfov,Berceni,(077) 386-0035,4/4/2023,Birou,,"LEI     7,500.00",,Caretta,,,,,,,,,,,Vandut,11/4/2023,,,checked,2.0%,,,
Persinaru Vasile,Bucuresti / Ilfov,"Cornetu, Panselelor, 57B",(076) 147-7242,4/4/2023,OLX,,"LEI     2,372.00",,Zebra,,,,,,,,"Vrea si poarta pietonala, il pun in legatura cu Ionut",,,Vandut,5/4/2023,,,checked,3.0%,,,
MCF BENYC DESIGN S.R.L.,Bucuresti / Ilfov,"Beclean, Bistrita-Nasaud",(075) 453-4943,4/4/2023,OLX,,LEI     637.00,,Zebra,,,,,,,,,,,Vandut,1/5/2023,,,checked,1.0%,,,
Dinica Ioan,Bucuresti / Ilfov,Bragadiru,(072) 867-2382,6/4/2023,,,LEI     204.00,,Caretta,,,,,,,,,,,Vandut,30/4/2023,,,checked,0.0%,,,
Boanda Roxana,Bucuresti / Ilfov,"Mihailesti, Giurgiu",(076) 446-3621,10/4/2023,Birou,,"LEI     5,800.00",,Zebra,,,,,,,,,,,Vandut,10/4/2023,,,checked,2.0%,,,
Dan Mircea,Bucuresti / Ilfov,"Crasna, Gorj",0 746 608 850,11/4/2023,OLX,,"LEI     4,530.00",,Zebra,,,,,,,,,,,Vandut,30/4/2023,,,checked,1.0%,,,
Dinica Ioan,Bucuresti / Ilfov,Bragadiru,(072) 867-2382,12/4/2023,,,LEI     152.00,,Caretta,,,,,,,,,,,Vandut,30/4/2023,,,checked,1.0%,,,
Andrei Chicos,Bucuresti / Ilfov,Bragadiru,#ERROR!,18/4/2023,"OLX, Client Vechi ( Completare )",,"LEI     2,039.00",,Zebra,,,,,,,,DE REVENIT CU TEL 19.04,,,Vandut,18/4/2023,,,checked,2.0%,,,
Szabadi Lorand,Bucuresti / Ilfov,Bragadiru,(074) 174-9564,18/4/2023,"OLX, Client Vechi ( Completare )",,"LEI     1,860.00",,Zebra,,,,,,,,,,,Vandut,18/4/2023,,,checked,2.0%,,,
Oprita Marian,Bucuresti / Ilfov,Bucuresti,(072) 361-3518,20/4/2023,,,LEI     336.00,,Caretta,,,,,,,,,,,Vandut,20/4/2023,,,checked,3.0%,,,
Zaharia Cristian,Bucuresti / Ilfov,Bucuresti,(076) 900-7843,21/4/2023,Birou,,LEI     999.00,,Caretta,,,,,,,,,,,Vandut,21/4/2023,,,checked,1.0%,,,
Dima Florin,Bucuresti / Ilfov,Bucuresti,(074) 722-5734,21/4/2023,Birou,,"LEI     2,580.00",,Zebra,,,,,,,,,,,Vandut,21/4/2023,,,checked,1.0%,,,
Dom Expert,Bucuresti / Ilfov,Bucuresti,0 731 128 369,21/4/2023,Birou,,"LEI     3,347.00",,Caretta,,,,,,,,,,,Vandut,21/4/2023,,,checked,2.0%,,,
Vasile Razvan Andrei,Bucuresti / Ilfov,Corbeanca,0 723 530 282,24/4/2023,,,"LEI     6,439.00",,Zebra,,,,,,,,,,,Vandut,2/5/2023,,,checked,1.0%,,,
Cristina Ispas,Valcea,Ramnicu Valcea,(075) 114-4997,26/4/2023,OLX,,"LEI     7,914.00",,Zebra,,,,,,,,Dupa 15 iunie pot veni muncitorii care toarna stalpii. O sa vrea si masca pentru stalpi,,,Vandut,13/6/2023,,,checked,1.0%,,,
Savu Costel,Bucuresti / Ilfov,Balaceanca,(076) 511-5758,28/4/2023,Birou,,"LEI     2,467.00",,Caretta,,,,,,,,,,,Vandut,29/4/2023,,,checked,3.0%,,,
Viorel Olaru /TASH AUTOMOTIVE PREMIUM SRL,Bucuresti / Ilfov,Cornetu,(076) 739-0002,3/5/2023,Birou,,"LEI     14,000.00",,Zebra,,,,,,,,"Vrea si rame porti, i-am dat oferta lui Ionut",,,Vandut,4/5/2023,,,checked,1.0%,,,
EUROTIP SRL,Bucuresti / Ilfov,"Recea, MM",(074) 463-8348,4/5/2023,OLX,,"LEI     7,817.00",,Zebra,,,,,,,,,,,Vandut,8/5/2023,,,checked,1.0%,,,
EUROPROTECT SECURITY SRL,Bucuresti / Ilfov,Alexandria,(076) 725-7806,5/5/2023,OLX,,"LEI     18,431.00",,"Zebra, Caretta",,,,,,,,,,,Vandut,5/5/2023,,,checked,1.0%,,,
D M D COM SRL /Druga Daniel,Bucuresti / Ilfov,"Orsova, MH",0 722 207 930,8/5/2023,OLX,,"LEI     10,213.00",,Zebra,,,,,,,,,,,Vandut,9/5/2023,,,checked,1.0%,,,
Dorobantu Gheorghe,Bucuresti / Ilfov,Bucuresti,(072) 081-9283,9/5/2023,Birou,,"LEI     1,723.00",,Zebra,,,,,,,,,,,Vandut,9/5/2023,,,checked,3.0%,,,
Barna Cosmin Catalin,Bucuresti / Ilfov,"Remetea Mare, TM",(077) 124-7128,10/5/2023,OLX,,"LEI     2,571.00",,Zebra,,,,,,,,,,,Vandut,15/5/2023,,,checked,1.0%,,,
Vestemean Ionut,Bucuresti / Ilfov,Sibiu,0 749 545 412,11/5/2023,"Montatori / Colaboratori, OLX",,"LEI     5,062.00",,Zebra,,,,,,,,,,,Vandut,22/5/2023,,,checked,1.0%,,,
Gheauru Andreea,Bucuresti / Ilfov,Giurgiu,(076) 213-9125,11/5/2023,OLX,,"LEI     2,200.00",,Zebra,,,,,,,,,,,Vandut,11/5/2023,,,checked,1.0%,,,
Vranceanu Mircea,Bucuresti / Ilfov,Bragadiru,(076) 173-3415,16/5/2023,Birou,,"LEI     3,186.00",,Caretta,,,,,,,,,,,Vandut,16/5/2023,,,checked,1.0%,,,
MEIN RESIDENCE CONCEPT S.R.L.,Bucuresti / Ilfov,Bucuresti,(076) 709-9997,17/5/2023,Birou,,"LEI     1,625.00",,Wetterbest,,,,,,,,,,,Vandut,22/5/2023,,,checked,2.0%,,,
Vasile Razvan Andrei,Bucuresti / Ilfov,"Corbeanca, IF",0723 530 282,17/5/2023,OLX,,"LEI     1,102.00",,Zebra,,,,,,,,,,,Vandut,17/5/2023,,,checked,1.0%,,,
Adrian Bala,Bucuresti / Ilfov,Cristian,(074) 788-8494,19/5/2023,,,"LEI     4,560.00",,Zebra,,,,,,,29/5/2023,"Monteaza stalpii, apoi comanda
",,,Vandut,13/6/2023,,,checked,1.0%,,,
Ghimfus Emanuel Dan,Bucuresti / Ilfov,Bucuresti,0727 975 384,22/5/2023,Birou,,"LEI     4,320.00",,Zebra,,,,,,,,,,,Vandut,22/5/2023,,,checked,3.0%,,,
Nedelus Gianini,Bucuresti / Ilfov,Bucuresti,(076) 679-2104,23/5/2023,Birou,,"LEI     1,175.00",,Caretta,,,,,,,,,,,Vandut,23/5/2023,,,checked,5.0%,,,
Magdas Delia Ioana,Bihor,"Oradea, BH",(074) 241-5100,23/5/2023,OLX,,"LEI     24,718.00",,Zebra,,,,,,,13/6/2023,"Vrea si poarta auto si pietonala, are stalpii din boltari
",,,Vandut,22/6/2023,,,checked,1.0%,,,
Claudiu Galici,Bucuresti / Ilfov,"Timisoara, TM",(072) 141-7926,23/5/2023,OLX,,"LEI     1,438.00",,Zebra,,,,,,,,,,,Vandut,1/6/2023,,,,1.0%,,,
Vranceanu Mircea,Bucuresti / Ilfov,Bragadiru,(076) 173-3415,25/5/2023,,,LEI     326.00,,Caretta,,,,,,,,,,,Vandut,25/5/2023,,,checked,2.0%,,,
Aseujan Leontin Cristian,Bucuresti / Ilfov,Baia Mare,(074) 023-4649,29/5/2023,OLX,,"LEI     3,475.00",,Zebra,,,,,,,,,,,Vandut,1/6/2023,,,checked,1.0%,,,
TIS LUC,Bucuresti / Ilfov,Targosviste,(078) 617-6444,29/5/2023,OLX,,LEI     983.00,,Zebra,,,,,,,,,,,Vandut,9/5/2023,,,checked,1.0%,,,
Capra Ionela Cristina,Bucuresti / Ilfov,"Chirnogi, Calarasi",0 735 974 252,29/5/2023,"OLX, Montatori / Colaboratori",,"LEI     1,597.00",,Zebra,,,,,,,,,,,Vandut,1/6/2023,,,checked,1.0%,,,
Draghici George,Bucuresti / Ilfov,Bucuresti,0723 377 720,30/5/2023,Birou,,"LEI     3,237.00",,Caretta,,,,,,,,,,,Vandut,1/6/2023,,,checked,0.0%,,,
Lucian Berchesan,Bucuresti / Ilfov,"Baciu, Cluj",0747 633 790,30/5/2023,OLX,,"LEI     2,290.00",,,,,,,,,,Alege TPS,,,Vandut,1/6/2023,,,,1.0%,,,
Negoita Ghita,Bucuresti / Ilfov,Bucuresti,0731 727 888,1/6/2023,Birou,,"LEI     3,124.00",,Zebra,,,,,,,,,,,Vandut,1/6/2023,,,checked,3.0%,,,
Doru Ochea/ OCHEA STUDIO EVENTS SRL,Bucuresti / Ilfov,Bragadiru,0766 727012,6/6/2023,Birou,,"LEI     7,736.00",,Zebra,,,,,,,,,,,Vandut,8/6/2023,,,checked,1.0%,,,
Gherasim Alexandru,Calarasi,Stefan cel Mare,0 728 028 620,12/6/2023,Telefon,,"LEI     11,456.00",,Caretta,,,,,,,,"Am scazut retur
",,,Vandut,12/6/2023,,,,2.0%,,,
Costi Eftenoiu,Brasov,Cristian,#ERROR!,13/6/2023,OLX,,"LEI     11,567.00",,Zebra,,,,,,,,,,,Vandut,13/6/2023,,,checked,1.0%,,,
Loca Bar,Bucuresti / Ilfov,Bucuresti,0744 651 335,16/6/2023,Birou,,"LEI     2,130.00",,Wetterbest,,,,,,,,,,,Vandut,16/6/2023,,,checked,0.0%,,,
Dragut Lucian,Bucuresti / Ilfov,Bucuresti,,19/6/2023,Birou,,LEI     630.00,,Caretta,,,,,,,,,,,Vandut,16/6/2023,,,checked,1.0%,,,
Benescu Gigi,Braila,Braila,0746 418 710,21/6/2023,OLX,,"LEI     2,600.00",,Zebra,,,,,,,,,,,Vandut,21/6/2023,,,checked,1.0%,,,
Marius Neagu,Giurgiu,Buturugeni,0 735 348 696,23/6/2023,Birou,,"LEI     6,249.00",,Wetterbest,,,,,,,,,,,Vandut,23/6/2023,,,checked,2.0%,,,
Smarandescu Costel,Olt,Plaviceni,0744 260 163,27/6/2023,OLX,,"LEI     14,693.00",,Zebra,,,,,,,,,,,Vandut,27/6/2023,,,,1.0%,,,
Daniel Tanasa,Bucuresti / Ilfov,Bucuresti,0741 291 166,27/6/2023,,,"LEI     1,800.00",,Zebra,,,,,,,,,,,Vandut,27/6/2023,,,checked,2.0%,,,
Marica Dragos,Bucuresti / Ilfov,Bucuresti,0721 066 347,4/7/2023,Birou,,"LEI     19,372.00",,Zebra,,,,,,,7/9/2023,"A transmis cote finale
A revenit la showroom cu sotia, saptamana viitoare are cote",,,Vandut,13/9/2023,,22/9/2023,checked,3.0%,,,
Pro Arhidesign,Bucuresti / Ilfov,Bucuresti,0744 797 445,4/7/2023,Birou,,"LEI     1,845.00",,Caretta,,,,,,,,,,,Vandut,3/7/2023,,,checked,3.0%,,,
Constantinescu Sorin,Teleorman,Draganesti Vlasca,0767 217 280,4/7/2023,Birou,,"LEI     11,821.00",,Zebra,,,,,,,7/7/2023,Luni vine cu avans,,,Vandut,17/7/2023,,,checked,2.0%,,,
ECOCLEAN SAL SERV SRL,Bucuresti / Ilfov,Domnesti,0767 829 294,5/7/2023,Birou,,"LEI     3,303.00",,Caretta,,,,,,,,,,,Vandut,3/7/2023,,,checked,2.0%,,,
OTO PARK RESIDENCE S.R.L,Bucuresti / Ilfov,Otopeni,0 773 901 942,10/7/2023,Client Vechi ( Completare ),,"LEI     2,106.00",,Zebra,,,,,,,,,,,Vandut,10/7/2023,,,checked,3.0%,,,
Costi Eftenoiu,Brasov,Cristian,#ERROR!,12/7/2023,,,LEI     670.00,,Zebra,,,,,,,,,,,Vandut,12/7/2023,,,checked,,,,
AFI-SERV S.R.L.,Bucuresti / Ilfov,Chiajna,0 737 225 901,13/7/2023,Birou,,"LEI     1,495.00",,Caretta,,,,,,,,,,,Vandut,13/7/2023,,,,,,,
MATIAS RED SRL,Bucuresti / Ilfov,Tunari,0 742 484 360,13/7/2023,Client Vechi ( Completare ),,"LEI     4,223.00",,Caretta,,,,,,,,,,,Vandut,10/7/2023,,,checked,,,,
Pera Ion,Caras-Severin,Padina Matei,0049 1512 9476078,14/7/2023,OLX,,"LEI     4,330.00",,Zebra,,,,,,,,,,,Vandut,1/7/2023,,,checked,2.0%,,,
Mihaiu Nicolae,,,Teleorman,1132,Alexandru Croitoru,Birou,"Mihaiu Nicolae.pdf (https://airtable.com/appiw7FirtOK99nPZ/tblt4eExy7YeIk2aB/reczImyPljfNHlQs7/fldUqAsAWBhCofBm2/attf2egcbaKcy9HI3), Mihaiu Nicolae.xlsx (https://airtable.com/appiw7FirtOK99nPZ/tblt4eExy7YeIk2aB/reczImyPljfNHlQs7/fldUqAsAWBhCofBm2/attlemZIO62MTUQgC)",,"LEI     1,425.00",,Caretta,,,,,,,,,,,Vandut,21/7/2023,,,checked,2.0%,
Raileanu Ionut Adrian,Buzau,Puiesti,0766 373 043,24/7/2023,OLX,,LEI     776.00,,Zebra,,,,,,,,,,,Vandut,24/7/2023,,,checked,1.0%,,,
Badea Marian/ CONSSTAR CONSTRUCT SRL,Bucuresti / Ilfov,"Varteju , Magurele",0722 573 711,2/8/2023,OLX,,"LEI     6,053.00",,Zebra,,,,,,,,Astept confirmarea platii si confirmarea dimnesiunilor de la Ionut sudor,,,Vandut,3/8/2023,,18/8/2023,,2.0%,,,
Voicu Andrei Daniel,Teleorman,Baciu,0763 076 010,3/8/2023,,,LEI     440.00,,Zebra,,,,,,,,,,,Vandut,3/8/2023,,17/8/2023,,3.0%,,,
Florin Predoi,Bucuresti / Ilfov,Magurele,0 726 462 165,3/8/2023,Telefon,,"LEI     1,317.00",,Caretta,,,,,,,,,,,Vandut,3/8/2023,,24/8/2023,checked,1.0%,,,
Caloian Sanda,Bucuresti / Ilfov,Sector 5,0725 446 850,3/8/2023,Client Vechi ( Completare ),,"LEI     2,760.00",,Wetterbest,,,,,,,,,,,Vandut,3/8/2023,,7/8/2023,checked,1.0%,,,
Cojocaru Lazar,Bucuresti / Ilfov,Bucuresti,0766 351 419,3/8/2023,Client Vechi ( Completare ),,LEI     358.00,,Caretta,,,,,,,,,,,Vandut,3/8/2023,,18/8/2023,checked,1.0%,,,
Nicolae Mihai,Bucuresti / Ilfov,Bucuresti,0723 054 387,4/8/2023,Birou,,LEI     305.00,,Caretta,,,,,,,,trebuie modificata oferta cu aia ok in care apar si coturile normale .,,,Vandut,3/8/2023,,4/8/2023,,1.0%,,,
EUROPROTECT SECURITY SRL,Teleorman,Alexandria,0767 257 806,4/8/2023,Client Vechi ( Completare ),,"LEI     1,119.00",,Zebra,,,,,,,,,,,Vandut,4/8/2023,,11/8/2023,checked,1.0%,,,
Mihai Conti EUROFOCUS SRL,Prahova,Breaza,0733 557 755,7/8/2023,Birou,,"LEI     12,232.00",,Zebra,,,,,,,21/8/2023,"Vrea si rame porti, i-am dat preturile lui Dan, nu Emil
",,,Vandut,23/8/2023,,1/9/2023,checked,3.0%,,,
Marius Anghel /  GO AGILE S.R.L.,Bucuresti / Ilfov,Bucuresti,0765 531 250,7/8/2023,"Birou, OLX",,"LEI     20,720.00",,Zebra,,,,,,,,"Vrea sa blocheze mirosul care vine de la vecina
",,,Vandut,22/8/2023,,31/8/2023,checked,3.0%,,,
Vestemean Ionut,Sibiu,Sadu,0 749 545 412,8/8/2023,"OLX, Client Vechi ( Completare )",,"LEI     3,248.00",,Zebra,,,,,,,,,,,Vandut,8/8/2023,,15/8/2023,checked,1.0%,,,
Catrina Ionut Bogdan,Gorj,Rosia de Amaradia,0773 364 562,17/8/2023,OLX,,"LEI     3,626.00",,MX,,,,,,,,,,,Vandut,17/8/2023,,23/8/2023,,3.0%,,,
Tanase Silviu,Bucuresti / Ilfov,Bucuresti,0752 016 389,17/8/2023,Birou,,"LEI     2,333.00",,Caretta,,,,,,,,,,,Vandut,17/8/2023,,25/8/2023,,2.0%,,,
Tibuleac Gheorghe,Bihor,Les,0 743 561 241,22/8/2023,OLX,,"LEI     6,182.00",,MX,,,,,,,,,,,Vandut,22/8/2023,,25/9/2023,checked,3.0%,,,
Miu Noni,Bucuresti / Ilfov,Bucuresti,0721 339 192,22/8/2023,Birou,,"LEI     1,250.00",,Caretta,,,,,,,,,,,Vandut,21/8/2023,,23/8/2023,checked,3.0%,,,
Rapea Catalin,Bucuresti / Ilfov,Bucuresti,0747 337 107,23/8/2023,Birou,,"LEI     3,434.00",,Zebra,,,,,,,,,,,Vandut,23/8/2023,,31/8/2023,checked,3.0%,,,
Popescu Marin,Bucuresti / Ilfov,bUCURESTI,0723 388 601,24/8/2023,Client Vechi ( Completare ),,LEI     239.00,,Caretta,,,,,,,,,,,Vandut,24/8/2023,,29/8/2023,,2.0%,,,
Adrian Fifiala/ COFEE ALPIN,Bucuresti / Ilfov,Bucuresti,0763 973 993,25/8/2023,Lead Caretta,,"LEI     8,963.00",,Zebra,,,,,,,19/10/2023,"Montaj Dan

",,,Vandut,23/10/2023,,9/11/2023,checked,3.0%,,,
Bogdan Ragalie,Bucuresti / Ilfov,Bucuresti,0 768 394 057,28/8/2023,Birou,,"LEI     2,447.00",,Caretta,,,,,,,,,,,Vandut,15/8/2023,,28/8/2023,,5.0%,,,
Virgiliu Balasa,Arges,Pitesti,0722 734 494,28/8/2023,OLX,,"LEI     4,329.00",,MX,,,,,,,,,,,Vandut,29/8/2023,,4/9/2023,checked,3.0%,,,
Cojocaru Nicolae,Bucuresti / Ilfov,Bucuresti,0724 296 010,29/8/2023,Birou,,"LEI     1,067.00",,Wetterbest,,,,,,,,,,,Vandut,29/8/2023,,14/9/2023,,1.0%,,,
ANTERA ASSET MANAGEMENT SRL,Bucuresti / Ilfov,Sector 5,0723 696 841,30/8/2023,Birou,,"LEI     1,480.00",,Zebra,,,,,,,,,,,Vandut,30/8/2023,,5/9/2023,,3.0%,,,
Andra Costin,Bucuresti / Ilfov,Bucuresti,0764 442 557,31/8/2023,OLX,,"LEI     2,300.00",,MX,,,,,,,,,,,Vandut,31/8/2023,,11/10/2023,,,,,
Radu Ionut Madalin,Dolj,Craiova,0766 316 461,31/8/2023,OLX,,"LEI     2,896.00",,MX,,,,,,,,,,,Vandut,8/9/2023,,22/9/2023,checked,1.0%,,,
Antinia Georgiana,Bucuresti / Ilfov,Bucuresti,0740 50 88 16,31/8/2023,Birou,,"LEI     3,121.00",,Caretta,,,,,,,,,,,Vandut,1/9/2023,,8/9/2023,checked,1.0%,,,
Lacatus Sergiu Vasile,Valcea,Calimanesti,0746 814 803,6/9/2023,OLX,,"LEI     2,132.00",,MX,,,,,,,,,,,Vandut,6/9/2023,,,,3.0%,,,
CRISTEA A NICOLAE PFA,Giurgiu,Ghimpati,0 727 378 389,7/9/2023,Birou,,"LEI     4,750.00",,Caretta,,,,,,,,,,,Vandut,7/9/2023,,14/9/2023,checked,3.0%,,,
GO AGILE,Bucuresti / Ilfov,Sector 3,0 765 531 250,7/9/2023,Client Vechi ( Completare ),,"LEI     1,594.00",,Zebra,,,,,,,,,,,Vandut,1/9/2023,,19/9/2023,checked,3.0%,,,
Robert Popa,Bucuresti / Ilfov,Bucuresti,#ERROR!,8/9/2023,Birou,,"LEI     6,048.00",,MX,,,,,,,,,,,Vandut,8/9/2023,,18/9/2023,,3.0%,,,
Zahariu Cosmin,Bucuresti / Ilfov,Domnesti,(076) 655-7710,12/9/2023,Client Vechi ( Completare ),,"LEI     4,072.00",,Zebra,,,,,,,,,,,Vandut,15/9/2023,,6/10/2023,checked,2.0%,,,
Cotuna Petru,Timis,Obad,(074) 230-9112,13/9/2023,OLX,,"LEI     1,662.00",,Zebra,,,,,,,,,,,Vandut,13/9/2023,,25/9/2023,checked,1.0%,,,
HIGHT CLASS MEDIA SRL,Bucuresti / Ilfov,Bragadiru,0726 736 016,14/9/2023,Birou,,"LEI     1,090.00",,Caretta,,,,,,,,,,,Vandut,4/9/2023,,14/9/2023,,1.0%,,,
Memed Costel,Bucuresti / Ilfov,Bbucuresti,(078) 490-0285,14/9/2023,Birou,,LEI     851.00,,Caretta,,,,,,,,,,,Vandut,14/9/2023,,28/9/2023,,3.0%,,,
Gigi Marin,Giurgiu,Valea Plopilor,0724 321 751 / 0723 203 593,15/9/2023,Birou,,"LEI     20,135.00",,Zebra,,,,,,,,,,,Vandut,15/9/2023,,16/10/2023,checked,3.0%,,,
Ciuvica Marian,Bucuresti / Ilfov,Cornetu,0767 533 628,19/9/2023,Birou,,"LEI     2,597.00",,Caretta,,,,,,,,,,,Vandut,15/9/2023,,19/9/2023,,3.0%,,,
Calinoiu Monica,Bucuresti / Ilfov,Sector 3,,19/9/2023,Birou,,"LEI     11,279.00",,Caretta,,,,,,,,,,,Vandut,18/9/2023,,27/9/2023,checked,2.0%,,,
UNIK ROMBRAND CONSTRUCT SRL,Bucuresti / Ilfov,Sector 5,0764 845 856,19/9/2023,Birou,,"LEI     6,136.00",,Caretta,,,,,,,,,,,Vandut,20/9/2023,,25/9/2023,,2.0%,,,
Petria Ionut,Bucuresti / Ilfov,Varteju,0762 630 363,22/9/2023,Birou,,"LEI     1,829.00",,Wetterbest,,,,,,,,,,,Vandut,19/9/2023,,22/9/2023,checked,1.0%,,,
Iuliana Spandonide,Bucuresti / Ilfov,Draganesti Vlasca,0721 733 204,25/9/2023,Birou,,"LEI     1,425.00",,Wetterbest,,,,,,,,,,,Vandut,15/9/2023,,22/9/2023,,1.0%,,,
Florin Predoi,Bucuresti / Ilfov,,0 726 462 165,25/9/2023,Client Vechi ( Completare ),,LEI     374.00,,Caretta,,,,,,,,,,,Vandut,11/9/2023,,21/9/2023,,3.0%,,,
Vestemean Ionut,Sibiu,Sadu,0 749 545 412,25/9/2023,"OLX, Client Vechi ( Completare )",,"LEI     2,862.00",,Caretta,,,,,,,,,,,Vandut,11/9/2023,,19/9/2023,checked,1.0%,,,
GTV MANAGEMENT CONSULTING S.R.L.,Bucuresti / Ilfov,Bragadiru,0722 320 598,25/9/2023,Birou,,"LEI     6,213.00",,MX,,,,,,,,"Si rame porti, Dan Nu Emil
",,,Vandut,25/9/2023,,19/10/2023,,2.0%,,,
Pirvu Silus,Bucuresti / Ilfov,Bucuresti,0767 954 704,27/9/2023,Birou,,"LEI     6,543.00",,Caretta,,,,,,,,,,,Vandut,27/9/2023,,6/10/2023,,1.0%,,,
NEIRA MANAGEMENT S.R.L,Bucuresti / Ilfov,Bucuresti,0 726 744 164,28/9/2023,Birou,,"LEI     2,500.00",,Caretta,,,,,,,,,,,Vandut,27/9/2023,,,,1.0%,,,
Nicu Iorescu,Timis,Timis,0733 027 619,28/9/2023,Telefon,,"LEI     3,363.00",,Zebra,,,,,,,,"Meserias zona Timis , interesat de colaborare, urmeaza sa trimite  dimensiuni pt un gard cand ajunge la client",,,Vandut,13/10/2023,,30/10/2023,,2.0%,,,
Tical George,Bucuresti / Ilfov,Rosu,0747 113 532,28/9/2023,"Birou, OLX",,"LEI     4,828.00",,MX,,,,,,,,"Si rame porti, Ionut
",,,Vandut,29/9/2023,,24/10/2023,,3.0%,,,
Bunghetean Aurelia,Bucuresti / Ilfov,Bucuresti,0763 216 005,28/9/2023,Birou,,"LEI     8,676.00",,Wetterbest,,,,,,,,,,,Vandut,28/9/2023,,4/10/2023,checked,2.0%,,,
Tical George,Bucuresti / Ilfov,Rosu,0747 113 532,29/9/2023,"Birou, OLX",,"LEI     3,578.00",,Zebra,,,,,,,,,,,Vandut,29/9/2023,,11/10/2023,checked,3.0%,,,
Pirvan Ionel,Bucuresti / Ilfov,Bucuresti,0763 791 001,29/9/2023,Birou,,"LEI     2,234.00",,MX,,,,,,,,,,,Vandut,29/9/2023,,9/10/2023,,2.0%,,,
Dinu Marian,Bucuresti / Ilfov,Sector 5,0 737 370 007,29/9/2023,Birou,,"LEI     1,408.00",,MX,,,,,,,,"Masuratori finale si montaj Dan nu Emil
",,,Vandut,17/10/2023,,1/11/2023,checked,0.0%,,,
PACO IMOBILIARE INVEST SRL,Bucuresti / Ilfov,,,29/9/2023,Birou,,LEI     447.00,,Caretta,,,,,,,,,,,Vandut,29/9/2023,,20/10/2023,,1.0%,,,
Gall Norbert,Mures,Targu-Mures,0 756 823 938,2/10/2023,OLX,,"LEI     2,870.00",,MX,,,,,,,,,,,Vandut,2/10/2023,,10/10/2023,checked,1.0%,,,
BEST CONSTRUCTII EDITOR S.R.L.,Bucuresti / Ilfov,Magurele,0728 971 125,2/10/2023,Birou,,LEI     751.00,,Caretta,,,,,,,,,,,Vandut,2/10/2023,,6/10/2023,,1.0%,,,
GTV MANAGEMENT CONSULTING S.R.L.,Bucuresti / Ilfov,Bragadiru,0722 320 598,3/10/2023,Birou,,"LEI     1,171.00",,MX,,,,,,,,,,,Vandut,1/10/2023,,19/10/2023,,2.0%,,,
Ilie George,Bucuresti / Ilfov,Bucuresti,0733 963 760,3/10/2023,Birou,,LEI     401.00,,MetallicGroup,,,,,,,,,,,Vandut,3/10/2023,,24/10/2023,,1.0%,,,
Macedon Burdeti,Timis,Sacalaz,0722 979 409,6/10/2023,OLX,,"LEI     6,024.00",,Zebra,,,,,,,,,,,Vandut,8/10/2023,,18/10/2023,,,,,
Cionca ionut George,Timis,Giarmata Mare,0768 097 973,9/10/2023,OLX,,"LEI     2,167.00",,Zebra,,,,,,,,,,,Vandut,9/10/2023,,25/10/2023,,1.0%,,,
Vestemean Ionut,Sibiu,Sadu,0 749 545 412,9/10/2023,"OLX, Client Vechi ( Completare )",,"LEI     1,189.00",,MX,,,,,,,,,,,Vandut,9/10/2023,,19/10/2023,checked,1.0%,,,
Tabacaru Cristina,Brasov,Sacele,0747 929 358,9/10/2023,OLX,,"LEI     3,467.00",,MX,,,,,,,,,,,Vandut,9/10/2023,,26/10/2023,checked,1.0%,,,
Costinel Nanciu,Bucuresti / Ilfov,Bragadiru,,12/10/2023,Teren,,"LEI     3,120.00",,Caretta,,,,,,,,,,,Vandut,11/10/2023,,17/10/2023,,1.0%,,,
Cotuna Petru,Timis,,,12/10/2023,"OLX, Client Vechi ( Completare )",,"LEI     2,339.00",,Zebra,,,,,,,,,,,Vandut,12/10/2023,,24/10/2023,checked,1.0%,,,
Argesanu Constantin,Bucuresti / Ilfov,Sector 5,,17/10/2023,Birou,,"LEI     2,749.50",,Zebra,,,,,,,,"Masuratori finale si montaj Dan nu Emil
",,,Vandut,17/10/2023,,,checked,3.0%,,,
ATALIAN ROMANIA SRL,Giurgiu,Bulbucata,0738 099 803,17/10/2023,Birou,,"LEI     4,555.00",,Caretta,,,,,,,,,,,Vandut,10/10/2023,,16/10/2023,,2.0%,,,
STROE ELENA,Bucuresti / Ilfov,Bragadiru,0733 866 845,17/10/2023,Birou,,"LEI     4,374.00",,MX,,,,,,,,,,,Vandut,16/10/2023,,26/10/2023,checked,2.0%,,,
Manea Ionut Georgian,Calarasi,,34642118364,19/10/2023,Client Vechi ( Completare ),,"LEI     1,710.00",,MX,,,,,,,,,,,Vandut,10/10/2023,,19/10/2023,checked,2.0%,,,
Adrian Simion,Arad,Sanleani,0 745 939 782,19/10/2023,OLX,,"LEI     4,223.00",,MX,,,,,,,,,,,Vandut,2/10/2023,,13/10/2023,checked,1.0%,,,
Macedon Burdeti,Timis,Sacalaz,0722 979 409,20/10/2023,Client Vechi ( Completare ),,LEI     966.00,,Zebra,,,,,,,,,,,Vandut,20/10/2023,,7/11/2023,,1.0%,,,
Macedon Burdeti,Timis,Sacalaz,0722 979 409,20/10/2023,Client Vechi ( Completare ),,"LEI     2,197.00",,Zebra,,,,,,,,,,,Vandut,20/10/2023,,7/11/2023,,1.0%,,,
Nedea Simona Adina,Giurgiu,Comasca,0736 648 956,23/10/2023,OLX,,"LEI     3,096.00",,Bilka,,,,,,,,,,,Vandut,23/10/2023,,1/11/2023,checked,1.0%,,,
Paraschiv Marius/ GYM TRANSCOM SRL,Teleorman,Draghinesti,0 731 988 446,24/10/2023,Montatori / Colaboratori,,"LEI     2,280.00",,Zebra,,,,,,,,,,,Vandut,26/10/2023,,7/11/2023,checked,1.0%,,,
EUGEN TUDOSE,Dambovita,GAESTI,0720 555 762,25/10/2023,Client Vechi ( Completare ),,"LEI     9,100.00",GARD,MX,,,,,,,,,,,Vandut,,,,checked,,,,
A F CONSULTING,Dambovita,GAESTI,0758 815 855,25/10/2023,Telefon,,"LEI     27,000.00",GARD,MX,,,,,,,,,,,Vandut,,,,checked,,,,
Florin Iorgu,Prahova,Barcanesti,0 721 237 245,26/10/2023,Telefon,,LEI     659.00,,Caretta,,,,,,,,,,,Vandut,22/11/2023,,6/12/2023,,2.0%,,,
Vasile Adrian,Bucuresti / Ilfov,Bragadiru,0723 519 918,27/10/2023,Client Vechi ( Completare ),,"LEI     2,771.00",,MX,,,,,,,,,,,Vandut,26/10/2023,,20/11/2023,checked,3.0%,,,
Dumitrescu Constantin Catalin,Bucuresti / Ilfov,Sector 5,0730 102 288,27/10/2023,Client Vechi ( Completare ),,"LEI     3,731.00",,MX,,,,,,,,,,,Vandut,27/10/2023,,9/11/2023,checked,2.0%,,,
Stanciu Corina,Bucuresti / Ilfov,Sector 4,0766 261 408,30/10/2023,Birou,,"LEI     3,045.00",,Caretta,,,,,,,,"PRET CARETTA 3, vrea neaparat 6005 mat",,,Vandut,1/11/2023,,7/11/2023,checked,3.0%,,,
Rotaru Daniel,Teleorman,Alexandria,0734 150 575,30/10/2023,OLX,,"LEI     2,145.00",,MX,,,,,,,,,,,Vandut,30/10/2023,,9/11/2023,checked,3.0%,,,
Robert Alupoaie,Bucuresti / Ilfov,Snagov,0734 278 912,31/10/2023,Birou,,"LEI     3,002.00",,Caretta,,,,,,,,,,,Vandut,31/10/2023,,8/11/2023,,2.0%,,,
Huiu Bogdan,Bucuresti / Ilfov,Otopeni,0732 418 420,31/10/2023,"OLX, Client Vechi ( Completare )",,"LEI     14,931.00",,MX,,,,,,,,,,,Vandut,2/11/2023,,23/11/2023,checked,3.0%,,,
Anghel Marian,Bucuresti / Ilfov,Darasti Vlasca,0766 951 504,2/11/2023,Birou,,"LEI     6,158.00",,MX,,,,,,,,,,,Vandut,2/11/2023,,4/12/2023,,2.0%,,,
Enescu Petre,Bucuresti / Ilfov,Bucuresti,0726 930 604,6/11/2023,Birou,,"LEI     3,800.00",,Zebra,,,,,,,,,,,Vandut,6/11/2023,,17/11/2023,,3.0%,,,
Tudor Confectii Metalice,Bucuresti / Ilfov,Bucuresti,0773 986 054,9/11/2023,Birou,,"LEI     6,030.00",,MX,,,,,,,,,,,Vandut,9/11/2023,,4/12/2023,,1.0%,,,
GTV Management,Bucuresti / Ilfov,Bragadiru,0722 320 598,9/11/2023,Client Vechi ( Completare ),,LEI     221.00,,MX,,,,,,,,,,,Vandut,9/11/2023,,9/11/2023,,2.0%,,,
Banica & Partners Construction SRL,Bucuresti / Ilfov,Sector 4,0762 626 506,15/11/2023,Client Vechi ( Completare ),,"LEI     2,299.00",,MX,,,,,,,,Vrea profile 4/4/4 + 3 buc la 2 m suplimentare,,,Vandut,14/11/2023,,22/11/2023,,3.0%,,,
Popescu Adrian,Teleorman,Nanov,0764 707 845,15/11/2023,Client Vechi ( Completare ),,"LEI     3,211.00",,MX,,,,,,,,,,,Vandut,14/11/2023,,29/11/2023,checked,3.0%,,,
Buiculescu Laura,Bucuresti / Ilfov,Bucuresti,,20/11/2023,Birou,,"LEI     1,817.00",,Caretta,,,,,,,,,,,Vandut,1/11/2023,,20/11/2023,,2.0%,,,
PFA GUGEANU P VIOREL I I,Teleorman,Cosmesti,0766 550 620,22/11/2023,OLX,,"LEI     12,149.00",,Zebra,,,,,,,,"S-a mai inaltat cu soclul, revine cu noile cote",,,Vandut,6/12/2023,,14/12/2023,checked,1.0%,,,
Enescu Petre,,,,24/11/2023,Client Vechi ( Completare ),,LEI     105.00,,Zebra,,,,,,,,,,,Vandut,22/11/2023,,8/12/2023,,,,,
Bondoc Cristian,Bucuresti / Ilfov,Bragadiru,0720 539 462,27/11/2023,Birou,,"LEI     5,368.00",,MX,,,,,,,5/12/2023,Montaj Ionut,,,Vandut,8/12/2023,,12/2/2024,,3.0%,,,
Mircea Magetz,Teleorman,Tarnava,0722 403 013,27/11/2023,Birou,,"LEI     4,431.00",,Wetterbest,,,,,,,,,,,Vandut,27/11/2023,,29/11/2023,checked,1.0%,,,
Alexandru Kiper,Timis,Timisoara,0724 733 930,27/11/2023,OLX,,"LEI     2,634.00",,MX,,,,,,,,,,,Vandut,27/11/2023,,6/12/2023,,1.0%,,,
Popescu Liviu/ Teodora,Gorj,Targu Jiu,0761 643 856,29/11/2023,OLX,,"LEI     1,562.00",,MX,,,,,,,,,,,Vandut,27/11/2023,,7/12/2023,,1.0%,,,
GIMI CONT EXPERT SRL,Bucuresti / Ilfov,Sos Bucuresti- Magurele,0744 493 671,11/12/2023,Client Vechi ( Completare ),,"LEI     2,883.00",,Zebra,,,,,,,,,,,Vandut,11/12/2023,,14/12/2023,checked,1.0%,,,
Placintaru Claudiu,Bucuresti / Ilfov,"Str Drumul Belsugului, nr 100 C",0745 763 200,8/1/2024,Birou,,"LEI     7,322.00",,MX,,,,,,,,Montaj Ionut,,,Vandut,8/1/2024,,25/1/2024,,3.0%,,,
Tudose Dobre,,,,0762 690 166,1748,10/1/2023,Birou,Tudose Dobre.pdf (https://airtable.com/appiw7FirtOK99nPZ/tblt4eExy7YeIk2aB/recdMfcqAiR3D3UbF/fldUqAsAWBhCofBm2/attSLQLidWnJ9hk6V),,"LEI     19,021.00",,Caretta,,,,,,,,a vrut doar tabla .,,,Pierdut,,,,,1.0%
Egdet Tibor,Bucuresti / Ilfov,"Oradea, Bihor",#ERROR!,19/1/2023,OLX,,"LEI     5,676.00",,Zebra,,,,,,,14/3/2023,numarul format nu este valabil,,,Pierdut,,,,,1.0%,,,
Costache Fabian,Bucuresti / Ilfov,"Baicoi, Prahova",0 737 650 566,19/1/2023,OLX,,"LEI     10,866.00",,Zebra,,,,,,,,"Pentru rama poarta l-am pus in legatura cu Gigel

A pus gard PVC",,,Pierdut,,,,,1.0%,,,
Teianu Florentin,Bucuresti / Ilfov,"Campulung, Arges",#ERROR!,20/1/2023,OLX,,"LEI     7,430.00",,Zebra,,,,,,,21/3/2023,Nu mai face lucrarea,,,Pierdut,,,,,1.0%,,,
Tesnadi,Bucuresti / Ilfov,Cluj,0 745 627 995,20/1/2023,OLX,,"LEI     2,299.00",,Zebra,,,,,,,14/3/2023,"nu are bani ... 

",,,Pierdut,,,,,1.0%,,,
Radu Amar,Bucuresti / Ilfov,Tg Mures,0 771 532 964,23/1/2023,OLX,,"LEI     3,469.00",,Zebra,,,,,,,14/3/2023,nu mai e interesat,,,Pierdut,,,,,1.0%,,,
Steve Brown,Bucuresti / Ilfov,"Domnesti, Olteni",34634329188,1767,Alexandru Croitoru,"Facebook, Birou","Steve Brown.pdf (https://airtable.com/appiw7FirtOK99nPZ/tblt4eExy7YeIk2aB/rech14j847YpfbYDZ/fldUqAsAWBhCofBm2/atttlbTPjTE6G7zEk), Steve Brown.xlsx (https://airtable.com/appiw7FirtOK99nPZ/tblt4eExy7YeIk2aB/rech14j847YpfbYDZ/fldUqAsAWBhCofBm2/attCh5NzcHCnrkWoe)",,"LEI     16,224.00",,Zebra,,,,,,,27/3/2023,"Ionut a fost la masurat, manopera 7500. Vrea si automatizare, i-am transmis oferta completa.",,,Pierdut,,,,,1.0%,
Kosa Rupea,Bucuresti / Ilfov,"Rupea, Brasov",0 742 528 820,1768,Alexandru Croitoru,OLX,Kosa Rupea.pdf (https://airtable.com/appiw7FirtOK99nPZ/tblt4eExy7YeIk2aB/recJlHxzyj5UP7piD/fldUqAsAWBhCofBm2/attJGKFyHOpOL1Ss9),,"LEI     4,957.00",,Zebra,,,,,,,,nu a vrut clientul . el e meserias . timen legatura,,,Pierdut,,,,,1.0%,
Grigorescu Nicolae Florian,Bucuresti / Ilfov,Calarasi,0 722 248 157,31/1/2023,OLX,,"LEI     9,391.00",,Zebra,,,,,,,,"a primit o oferta foarte buna , de nerefuzat
",,,Pierdut,,,,,1.0%,,,
Draga,Bucuresti / Ilfov,Arad,(074) 802-3905,1/2/2023,OLX,,"LEI     20,881.00",,Zebra,,,,,,,14/3/2023,a rezolvat. a facut cu cineva local,,,Pierdut,,,,,1.0%,,,
Andreea Sandulescu,Bucuresti / Ilfov,Galdau Calarasi,0 736 121 891,6/2/2023,OLX,,"LEI     11,039.00",,Zebra,,,,,,,,"Nesimtita nu raspunde, i-am dat WhatsApp
La a 3-a  respins",,,Pierdut,,,,,1.0%,,,
Marius Ionașcu,Bucuresti / Ilfov,"Brazi, Prahova",0 737 979 787,6/2/2023,OLX,,"LEI     4,560.00",,Zebra,,,,,,,,"Are o oferta mai buna
",,,Pierdut,,,,,1.0%,,,
Lenuta Stan,Bucuresti / Ilfov,Oradea,0 788 070 206,7/2/2023,OLX,,"LEI     1,502.00",,Zebra,,,,,,,14/3/2023,A gasit un model de sipca mai frumos decat ale noastre,,,Pierdut,,,,,1.0%,,,
Cristea Enache,Bucuresti / Ilfov,"Tatarani, Prahova",0 728 106 086,10/2/2023,OLX,,"LEI     5,490.00",,Zebra,,,,,,,,"Pus in legatura cu Gigel, pentru masuratori si eventual un sistem pluvial
Nu mai raspunde",,,Pierdut,,,,,1.0%,,,
Catalin Soceoara,Bucuresti / Ilfov,"Onesti, Bacau",0 740 225 317,14/2/2023,Facebook,,"LEI     54,118.00",,Zebra,,,,,,,,,,,Pierdut,,,,,1.0%,,,
Cristea Enache,Bucuresti / Ilfov,"Tatarani, Prahova",0 728 106 086,15/2/2023,OLX,,"LEI     5,594.00",,"Caretta , Wetterbest",,,,,,,,,,,Pierdut,,,,,2.0%,,,
Dumitrache Dumitru,Bucuresti / Ilfov,Bragadiru,(076) 653-3410,17/2/2023,Birou,,"LEI     4,189.00",,"Caretta , Wetterbest",,,,,,,14/3/2023,a luat de la damila . il interesa o varianta ieftina ptr foisor.,,,Pierdut,,,,,2.0%,,,
Ardelean Marius,Bucuresti / Ilfov,Arad,(074) 911-2106,20/2/2023,OLX,,"LEI     1,454.00",,Zebra,,,,,,,14/3/2023,a zis ca a renuntat la idee.,,,Pierdut,,,,,1.0%,,,
Florin Lung,Bucuresti / Ilfov,Cluj,(074) 552-2180,22/2/2023,OLX,,"LEI     7,662.00",,Zebra,,,,,,,,"A gasit cu 3000 lei, aceeasi sipca =))",,,Pierdut,,,,,1.0%,,,
Ionel Buruiana,Bucuresti / Ilfov,Corbeanca,(077) 445-4950,23/2/2023,Facebook,,"LEI     16,352.00",,Caretta,,,,,,,,,,,Pierdut,,,,,3.0%,,,
Petria Gheorghe,Bucuresti / Ilfov,Bucuresti,(076) 626-1609,7/3/2023,Birou,,"LEI     6,597.00",,Caretta,,,,,,,,A dat avans la Chitila ( au venit sa masoare),,,Pierdut,,,,,4.0%,,,
Adamescu Spiridon,Bucuresti / Ilfov,Bucuresti,(072) 421-6500,10/3/2023,Birou,,"LEI     14,574.00",,Caretta,,,,,,,12/5/2023,"Era pentru o prietena, care a renuntat",,,Pierdut,,,,,5.0%,,,
Tudorsoiu Emil,Bucuresti / Ilfov,Bucuresti,(072) 410-1961,21/3/2023,Birou,,"LEI     19,165.00",,Zebra,,,,,,,31/3/2023,"A renuntat la a mai schimba gardul
",,,Pierdut,,,,,2.0%,,,
Pastanescu Lucian,Bucuresti / Ilfov,Bucuresti,(076) 715-7825,29/3/2023,Birou,,"LEI     3,368.00",,Zebra,,,,,,,28/7/2023,"Nu raspunde, nu raspunde, nu raspunde",,,Pierdut,,,,,3.0%,,,
Mitica Mariana,Bucuresti / Ilfov,Bragadiru,(076) 536-6492,6/4/2023,Birou,,"LEI     1,178.00",,Zebra,,,,,,,,"Vrea si boltari, se ocupa de montaj. Solicita masuratoare facuta de firma, va merge colegul Bebe.",,,Pierdut,,,,,3.0%,,,
Rotaru Daniel,Bucuresti / Ilfov,Alexandria,(073) 415-0575,12/4/2023,Birou,,"LEI     19,104.00",,Zebra,,,,,,,,"A facut din beton
",,,Pierdut,,,,,3.0%,,,
Puiu Bucuresti,Bucuresti / Ilfov,Iepuresti,0769 075 189,19/4/2023,Montatori / Colaboratori,,"LEI     15,000.00",,"Caretta , Wetterbest",,,,,,,,A zis ca ca gasit cu cineva din sat .,,,Pierdut,,,,,1.0%,,,
Marian Iederei,Bucuresti / Ilfov,"Iederei, Bragadiru",0 764 751 336,20/4/2023,Teren,,"LEI     7,281.00",,Zebra,,,,,,,25/4/2023,"A pus beton 
Peste 3 saptamani. Vrea si 2 porti culisante de 4m, i-am dat preturile lui Ionut",,,Pierdut,,,,,1.0%,,,
Gerald,Bucuresti / Ilfov,Bucuresti,(072) 324-6789,24/4/2023,Telefon,,"LEI     16,892.00",,Caretta,,,,,,,,"A luat la 8 lei sipca, desi produsul nostru ii placea mai mult",,,Pierdut,,,,,3.0%,,,
Valentin,Bucuresti / Ilfov,Bucuresti,0 784 818 384,24/4/2023,Client Vechi ( Completare ),,"LEI     3,227.00",,Zebra,,,,,,,26/5/2023,"A luat din alta parte
",,,Pierdut,,,,,2.0%,,,
DAYTIME CONSULTING SRL,Bucuresti / Ilfov,Magurele,(078) 538-6809,26/4/2023,OLX,,"LEI     1,117.00",,Zebra,,,,,,,,,,,Pierdut,1/5/2023,,,,1.0%,,,
Boita Alin,Bucuresti / Ilfov,"Simeria, HD",0 773 881 840,9/5/2023,OLX,,"LEI     5,879.00",,Zebra,,,,,,,,"O sa faca din fier forjat, cu un artizan local

",,,Pierdut,,,,,1.0%,,,
Cordos Ioan,Bucuresti / Ilfov,Satu Mare,(075) 657-3847,10/5/2023,OLX,,"LEI     2,464.00",,Zebra,,,,,,,28/7/2023,"Nu ajunge in tara anul asta.
",,,Pierdut,,,,,1.0%,,,
Olariu Dorel,Bucuresti / Ilfov,Bucuresti,(072) 395-6602,12/5/2023,Birou,,"LEI     2,241.00",,Caretta,,,,,,,,"S-a razgandit, a retras avans",,,Pierdut,12/5/2023,,,,5.0%,,,
Stoian Trupsor,Bucuresti / Ilfov,"Rareanca, TR",(074) 909-8837,16/5/2023,Telefon,,"LEI     7,284.00",,Zebra,,,,,,,25/5/2023,"Se ocupa copiii de gard
",,,Pierdut,,,,,1.0%,,,
Berbecaru Aurelian,Bucuresti / Ilfov,Bucuresti,0722 747 065,31/5/2023,Telefon,,"LEI     10,632.00",,Caretta,,,,,,,,"LIPSA STOC IASI
",,,Pierdut,13/6/2023,,,,2.0%,,,
Alex Ichim,Brasov,Sanpetru,0758 465 956,7/6/2023,OLX,,"LEI     5,200.00",,Zebra,,,,,,,,"A luat altceva, e CONFIDENTIAL =))",,,Pierdut,,,,,1.0%,,,
Stanislav Ganev,Ruse,България,#ERROR!,15/6/2023,Birou,,"LEI     9,484.00",,Zebra,,,,,,,,"Desi i-am dat oferta mai buna decat ce a primit in Bulgaria, prefera sa ia de acolo.",,,Pierdut,,,,,3.0%,,,
Alin Badea,Brasov,Bran,0045 91 79 05 29,19/6/2023,OLX,,"LEI     6,501.00",,Zebra,,,,,,,,"Strage mai multe oferte, la inceputul lui iulie se intoarce in tara. Nu a vrut mostre, ca nu are cine sa le primeasca.
",,,Pierdut,,,,,1.0%,,,
Dezideriu Nedeanu,Caras-Severin,Bocsa,0757 670 802,3/7/2023,OLX,,"LEI     3,610.00",,Zebra,,,,,,,,"Are oferta cu montaj, tot Zebra. I-am cerut nr montatorilor",,,Pierdut,,,,,1.0%,,,
Daniel Stoica,Bucuresti / Ilfov,Otopeni,0744 786 422,5/7/2023,Cerere oferta site,,"LEI     11,648.00",,Zebra,,,,,,,,"A luat din alta parte
",,,Pierdut,,,,,3.0%,,,
Kordos Memo,Satu Mare,Poiana Codrului,0747 429 825,7/7/2023,OLX,,"LEI     30,594.00",,Zebra,,,,,,,,"Nu are bugetul asta, a ales alta solutie",,,Pierdut,,,,,3.0%,,,
Copelea Lucica,Ialomita,Gheorghe Doja,0728 670 292,7/7/2023,OLX,,"LEI     24,733.00",,Zebra,,,,,,,,"A lesinat o saptamana dupa ce a vazut pretul, nu se astepta.",,,Pierdut,,,,,3.0%,,,
Beni Radu,Brasov,Brasov,0753 872 121,7/7/2023,OLX,,"LEI     5,604.00",,Zebra,,,,,,,,A gasit pe altcineva.,,,Pierdut,,,,,3.0%,,,
Andrei Gheorghe,Bucuresti / Ilfov,Corbeanca,(072) 652-0872,18/7/2023,Telefon,,"LEI     4,700.00",,Zebra,,,,,,,,"S-a orientat spre altceva...
Oferta porti x121- 2 F  pret pt porti 4600 lei, doreste informatii despre incuietori si alte lucruri legate de montaj.",,,Pierdut,18/7/2023,,,,3.0%,,,
Neagu Constantin,Bucuresti / Ilfov,Bucuresti,0721 486 547,25/7/2023,OLX,,"LEI     3,348.00",,Zebra,,,,,,,,"A luat frati-su altceva
",,,Pierdut,,,,,3.0%,,,
Sandor Andi,Timis,Timisoara,0720 999 717,25/7/2023,OLX,,"LEI     4,007.00",,Zebra,,,,,,,,"A ales o varianta mai ieftina
",,,Pierdut,,,,,3.0%,,,
Alina Chirita,Bucuresti / Ilfov,Sector 5,0732 901 721,3/10/2023,,,"LEI     38,080.00",,MX,,,,,,,24/10/2023,"I-am dat 14%, tot i se pare mult",,,Pierdut,,,,,3.0%,,,
FRANCI FRAN DESIGN S.R.L.,Bucuresti / Ilfov,1 decembrie,0762 771 459,7/11/2023,OLX,,"LEI     4,900.00",,MX,,,,,,,,,,,Pierdut,7/11/2023,,,,3.0%,,,
Aura Tulinescu,Bucuresti / Ilfov,Bucuresti,(073) 132-0683,8/11/2023,,,"LEI     16,912.00",,Zebra,,,,,,,27/11/2023,"A luat ceva local vreo 4000 lei
Nu raspunde
Interesat de X90",,,Pierdut,,,,,3.0%,,,
Chirica Florin,Bucuresti / Ilfov,"Racovita, Braila",0 745 877 886,23/1/2023,Facebook,,"LEI     4,317.00",,Zebra,,,,,,,14/3/2023,Nu este o prioritate ptr el . a sunat informativ ca sa aiba idee de un cost . Revine el.,,,,,,,,1.0%,,,
Munteanu Dragos,Bucuresti / Ilfov,Branesti. Ilfov,0721 972 879,14/2/2023,OLX,,"LEI     17,832.00",,Zebra,,,,,,,23/3/2023,s-a interesat pentru unchi,,,,,,,,1.0%,,,
Bajean Dan,Bucuresti / Ilfov,Bragadiru,(074) 520-8317,23/3/2023,Birou,,"LEI     15,852.00",,Caretta,,,,,,,,"Casa batraneasca ( 100 ani fix) langa Zimnicea
",,,,,,,,2.0%,,,
Stefan Teodoru,Bucuresti / Ilfov,Ilfov,0724 261 398,16/5/2023,Telefon,,,,Zebra,,,,,,,,"Informatii inaltime gard, pret mp x135 - 280 lei 
x140 - 650 lei 
V-a trece pe la birou Bucuresti sa vada modelele.",,,,,,,,,,,
Adrian Balan,Bucuresti / Ilfov,Prahova,0727 87489,3/8/2023,Cerere oferta site,,,,Caretta,,,,,,,,"Pret mp tabla click , tigla metalica , are casa la Prahova el este din Bucuresti , nu are dimensiuni , va veni la show-room , pare un mos senil cu multe intrebari nefolositoare..",,,,,,,,,,,
Pasu Dumitru,Olt,Slatina,0766 548 053,9/1/2024,OLX,,"LEI     3,906.00",,MX,,,,,,,,Are oferta 4400 cu tot cu rame porti?!?!?!?!,,,Pierdut,,,,,2.0%,,,
Dima Andrei Nicolae,Timis,Mosnita Noua,0728 205 069,9/1/2024,OLX,,"LEI     6,261.00",,MX,,,,,,,,,,,Vandut,22/12/2023,,18/1/2024,,3.0%,,,
Voinea Dumitru,Bucuresti / Ilfov,,0 763 283 305,9/1/2024,,,"LEI     4,649.00",,MX,,,,,,,29/1/2024,"Se mai gandeste, e garantia mica. Face prin banca si trebuie sa stranga mai multe facturi?!?",,,Follow UP ( Negociere ),,,,,2.0%,,,
OTO PARK RESIDENCE S.R.L,Bucuresti / Ilfov,Otopeni,0 773 901 942,9/1/2024,"OLX, Client Vechi ( Completare )",,"LEI     44,844.00",,MX,,,,,,,,,,,Vandut,15/1/2024,,12/2/2024,,1.0%,,,
ANDREI CIPRIAN IMPEX SRL,Calarasi,Mitreni,0763 053 670,10/1/2024,Client Vechi ( Completare ),,"LEI     6,900.00",,Caretta,,,,,,,,,,,Vandut,10/1/2024,,17/1/2024,,2.0%,,,
Dorin Petrisor,Timis,Remetea Mare,0743 371 916,11/1/2024,OLX,,"LEI     5,286.00",,MX,,,,,,,21/2/2024,Nu mai raspunde,,,Follow UP ( Negociere ),,,,,2.0%,,,
Dabu Con SRL,Bucuresti / Ilfov,,(072) 353-0282,11/1/2024,Client Vechi ( Completare ),,"LEI     16,621.00",,MX,,,,,,,,,,,Ofertat,,,,,2.0%,,,
Marian Buica,Bucuresti / Ilfov,Domnesti,0742 026 510,11/1/2024,Client Vechi ( Completare ),,"LEI     5,658.00",,MX,,,,,,,,,,,Ofertat,,,,,1.0%,,,
Iordanescu Iulian,Bucuresti / Ilfov,Pipera,0 722 474 760,15/1/2024,Telefon,,LEI     822.00,,MX,,,,,,,,,,,Vandut,15/1/2024,,31/1/2024,,3.0%,,,
Monica Bolocan,Bucuresti / Ilfov,Bucuresti,(072) 265-3446,17/1/2024,Cerere oferta site,,"LEI     10,267.00",,MX,,,,,,,30/1/2024,,,,Follow UP ( Negociere ),,,,,2.0%,,,
George Bolocan,Timis,Timisoara,0 755 955 655,22/1/2024,"OLX, Montatori / Colaboratori",,"LEI     2,482.00",,MX,,,,,,,,,,,Vandut,26/3/2024,,2/4/2024,,1.0%,,,
Sava Vasile,Bucuresti / Ilfov,Magurele,0724 302 663,22/1/2024,Telefon,,"LEI     2,972.00",,MX,,,,,,,30/1/2024,,,,Follow UP ( Negociere ),,,,,2.0%,,,
Lucian Marginean,Cluj,Cluj Napoca,0 751 502 946,23/1/2024,"OLX, Montatori / Colaboratori",,"LEI     3,034.00",,MX,,,,,,,,,,,Ofertat,,,,,1.0%,,,
Placintaru Claudiu,Bucuresti / Ilfov,"Str Drumul Belsugului, nr 100 C",0745 763 200,25/1/2024,,,LEI     216.00,,Caretta,,,,,,,,,,,Vandut,23/1/2024,,30/1/2024,,3.0%,,,
Razvan Manea,Bucuresti / Ilfov,Bucuresti,0722 657 480,26/1/2024,Telefon,,"LEI     1,169.00",,MX,,,,,,,,"mx pret pentru un panou / aproximativ 30ml, vine la birou sa vada modelele.",,,Ofertat,,,,,3.0%,,,
Emre Gunay,Bucuresti / Ilfov,Cornetu,0743 966 441,26/1/2024,Birou,,"LEI     21,573.00",,MX,,,,,,,6/2/2024,"E intr-o sedinta, suna intr-o ora",,,Follow UP ( Negociere ),,,,,1.0%,,,
Mihaela Neagu,Dolj,Mischii,0758 618 213,29/1/2024,OLX,,"LEI     4,828.00",,MX,,,,,,,,A comandat sotul din alta parte,,,Pierdut,,,,,3.0%,,,
Mircea Motuzoc,,,,30/1/2024,,,"LEI     6,580.00",,MX,,,,,,,,"Era interesat in special de boltari, dar nu din beton, dintr-un material compozit",,,Pierdut,,,,,3.0%,,,
Burcea Dumitru,Olt,Floru,0 736 358 881,30/1/2024,OLX,,"LEI     2,065.00",,MX,,,,,,,,,,,Vandut,2/2/2024,,20/2/2024,,3.0%,,,
Bere Petru,Bihor,Oradea,0772 064 937,31/1/2024,OLX,,"LEI     4,234.00",,MX,,,,,,,6/2/2024,"Nu raspunde
",,,Vandut,7/2/2024,,21/2/2024,,2.0%,,,
Sneberger  Cristian,Timis,Carpinis,0766 305 019,1/2/2024,OLX,,"LEI     8,067.00",,MX,,,,,,,13/2/2024,Saptamana viitoare are cotele (6.02),,,Vandut,20/2/2024,,29/2/2024,,1.0%,,,
B.B.S.C. COMMUNICATIONS SYSTEMS SRL /Radu Bolocan,Bucuresti / Ilfov,SEctor 3,0722 224 777,2/2/2024,OLX,,"LEI     5,470.00",,MX,,,,,,,6/2/2024,Revine cel tarziu vineri,,,Vandut,15/2/2024,,7/3/2024,,2.0%,,,
Marin Adrian,Bucuresti / Ilfov,,0743 098 025,2/2/2024,Birou,,LEI     757.00,,"MX, Caretta",,,,,,,,,,,Ofertat,,,,,3.0%,,,
Hogam SRL,Dolj,Craiova,0762 150 761,5/2/2024,OLX,,"LEI     18,523.00",,MX,,,,,,,,,,,Vandut,5/2/2024,,14/2/2024,,2.0%,,,
Razvan,,,43 699 12731344,5/2/2024,OLX,,"LEI     7,437.00",,MX,,,,,,,15/2/2024,"Nu ii permite vremea sa termine de turnat betonul. I-am dat 7%, pana pe 1.03",,,Follow UP ( Negociere ),,,,,2.0%,,,
Clima Air Sistem SRL,Bucuresti / Ilfov,Cornetu,0765 348 695,5/2/2024,"Birou, Client Vechi ( Completare )",,"LEI     1,178.00",,MetallicGroup,,,,,,,,,,,Vandut,5/2/2024,,19/2/2024,,2.0%,,,
Tamis Catalin,Gorj,Targu Jiu,0744 923 306,8/2/2024,OLX,,"LEI     13,399.00",,MX,,,,,,,,,,,Ofertat,,,,,1.0%,,,
Alexandru Manea,Bucuresti / Ilfov,Berceni,0763 287 888,8/2/2024,OLX,,"LEI     11,952.00",,MX,,,,,,,13/2/2024,"Pinocchio are oferta de 3000 lei, pe aluminiu de 1.5... WTF?!?!?!",,,Pierdut,,,,,2.0%,,,
Letfer Paul,Bucuresti / Ilfov,Bucuresti,0766 804 133,8/2/2024,"Birou, Client Vechi ( Completare )",,"LEI     3,290.00",,MX,,,,,,,,,,,Ofertat,,,,,3.0%,,,
Stan Ionela,Bucuresti / Ilfov,Tunari,0720 501 328,8/2/2024,OLX,,"LEI     26,228.00",,MX,,,,,,,,,,,Ofertat,,,,,2.0%,,,
Lucian,Prahova,Breaza,0727 545 614,12/2/2024,Cerere oferta site,,,,,,,,,,,,redirectionat catre Alex,,,Contactat,,,,,,,,
Toader Ionut,Ialomita,Urziceni,0752 591 690,12/2/2024,Telefon,,,,Zebra,,,,,,,18/3/2024,"oferta transmisa pe whasup , este plecat sin oras , studiaza oferta , va trece la show-room bucuresti
abia acum toarna stalpii de revenit luni 4.03
",,,Follow UP ( Negociere ),,,,,2.0%,,,
Stefan Gherasim,Bucuresti / Ilfov,Domnesti,0766 440 021,12/2/2024,Cerere oferta site,,,,,,,,,,,,redirectionat catre alex,,,,,,,,,,,
Aurelian Anghel / Modern Bucharest Construct,Bucuresti / Ilfov,Domnesti,0 731 668 478,12/2/2024,Lead Caretta,,"LEI     5,214.00",,MX,,,,,,,16/2/2024,"Nu doar ca nu mai raspunde, acum respinge apelul.",,,Pierdut,,,,,1.0%,,,
Mihai Tcaciuc,Bucuresti / Ilfov,Pantelimon,0720 434 636,12/2/2024,OLX,,"LEI     2,710.00",,MX,,,,,,,,16.02-Revine luni,,,Follow UP ( Negociere ),,,,,3.0%,,,
Pintea Razvan,Cluj,,0 749 262 790,12/2/2024,OLX,,"LEI     5,810.00",,MX,,,,,,,,,,,Ofertat,,,,,3.0%,,,
Ion Andrei,Bucuresti / Ilfov,Bragadiru,0726 541 725,12/2/2024,Lead Caretta,,"LEI     14,464.00",,Zebra,,,,,,,,,,,Ofertat,,,,,3.0%,,,
Oinacaru,Bucuresti / Ilfov,,0761 671 280,14/2/2024,Birou,,"LEI     11,309.00",,Caretta,,,,,,,,,,,Ofertat,,,,,2.0%,,,
Ginel Chesneanu,Giurgiu,Mihailesti,0723 722 211,14/2/2024,Birou,,"LEI     4,862.00",,MX,,,,,,,,,,,Ofertat,,,,,3.0%,,,
MARIAN & BEN FIER FORJAT S.R.L.,Bucuresti / Ilfov,Domnesti,0742 026 510,15/2/2024,Birou,,"LEI     1,874.00",GARD,MX,MX 25,7.53,8017,0.6mm,Briliant,,,,,,Vandut,15/2/2024,LIVRAT,26/2/2024,,1.0%,,,
IONUT SUDOR,Bucuresti / Ilfov,Bragadiru,0730 421 594,15/2/2024,Montatori / Colaboratori,,"LEI     1,850.00",GARD,MX,,,,,,,,,,,Vandut,15/2/2024,,,,0.0%,,,
Cotuna Petru,Timis,Obad,0742 309 112,16/2/2024,"OLX, Client Vechi ( Completare )",,"LEI     2,823.00",GARD,MX,MX 25 DUO,7.12,3005,0.6mm,Briliant,,,,,,Vandut,16/2/2024,LIVRAT,1/3/2024,,1.0%,,,
Dl.Ionescu,Bucuresti / Ilfov,Vidra,0723 290 941,16/2/2024,Telefon,,,,MX,,,,,,,,"informatii generale despre garduri , doreste pret si pt stalpi, redirectionat catre Alex",,,,,,,,,,,
Grigore Marius,Bucuresti / Ilfov,Bucuresti,0723 723 118,16/2/2024,Birou,,"LEI     3,277.00",GARD,MX,MX 25,11.70,7016,0.6mm,Briliant,,,,,,Vandut,16/2/2024,LIVRAT,22/2/2024,,3.0%,,,
Dl. Laurentiu,Bucuresti / Ilfov,Clinceni,0760 180 052,19/2/2024,Telefon,,"LEI     7,700.00",,"Zebra, MX",,,,,,,,"oferta transmisa pe whasup, dimensiuni estimative , vrea sa vina la birou sa vada toate modelele , i-am dat  nr lio Alex",,,Ofertat,,,,,3.0%,,,
Bucurenciu Marian,Sibiu,,0767 279 277,19/2/2024,OLX,,"LEI     3,858.00",,MX,,,,,,,,,,,Ofertat,,,,,2.0%,,,
Trifan Ionel,Bucuresti / Ilfov,Bragadiru,0765 115 758,19/2/2024,OLX,,"LEI     6,100.00",,MX,,,,,,,,,,,Ofertat,,,,,3.0%,,,
Madalin Lazea,Alba,Vint,0772 010 674,19/2/2024,,,"LEI     3,333.00",,,,,,,,,,,,,Ofertat,,,,,,,,
Catalin,Bucuresti / Ilfov,,0734 30 3212,19/2/2024,Cerere oferta site,,"LEI     18,800.00",,Zebra,,,,,,,21/3/2024,"Busy/

oferta transmisa , interesat de x135 - 2F , vrea sa vina la show-room Bucuresti totusi sa vada toate modelele, este interesat si de partea de manopera , i-am transmis nr . lui alex",,,Ofertat,,,,,2.0%,,,
Mihai Zgimboi,Bucuresti / Ilfov,,0754 949 492,21/2/2024,Birou,,"LEI     27,547.00",,Caretta,,,,,,,,,,,Ofertat,,,,,2.0%,,,
Oprita Marian,Bucuresti / Ilfov,Sect 4,(072) 361-3518,21/2/2024,Client Vechi ( Completare ),,LEI     780.00,,MX,,,,,,,,,,,Vandut,21/2/2024,,,,2.0%,,,
MUCENIC ȘTEFAN CONSTRUCT S.R.L.,Calarasi,Vasilati,0728 006 959,22/2/2024,OLX,,"LEI     2,179.00",GARD,MX,MX 25,7.78,7024,0.6mm,Briliant,,,,,,Vandut,22/2/2024,LIVRAT,29/2/2024,,3.0%,,,
Birla Ovidiu,Bucuresti / Ilfov,bacu,0744 621 172,26/2/2024,Cerere oferta site,,,,"Zebra, MX",,,,,,,,"Au intervenit oferta transmisa pe mai, va veni la show-room bucuresti sa vada modelele.",,,Follow UP ( Negociere ),,,,,3.0%,,,
Voicu George,Tulcea,Greci,0740 091 045,27/2/2024,"OLX, Birou",,"LEI     9,759.00",GARD,MX,MX 25 DUO,24.78,5008,0.6mm,Briliant,,,,,,Vandut,27/2/2024,LIVRAT,22/4/2024,,2.0%,,,
Mircea Anuar,Bucuresti / Ilfov,Sect 5,0 729 626 550,27/2/2024,Birou,,"LEI     3,469.00",GARD,MX,MX 25,12.39,Stejar Auriu,0.6mm,Briliant,,,Montaj Marian Buica,,,Vandut,27/2/2024,LIVRAT,11/3/2024,,3.0%,,,
Andrei Chiriac,Timis,Mosnita,0734 928 028,27/2/2024,OLX,,"LEI     3,975.00",GARD,MX,MX 60,14.25,8019,0.6mm,Briliant,,,Merge Marian Bolocan sa masoare porti,,,Vandut,29/3/2024,LIVRAT,6/3/2024,,2.0%,,,
Mormeci Timotei,Iasi,Valea Seaca,0762 062 834,27/2/2024,CEL.ro,,"LEI     4,355.00",,MX,,,,,,,,,,,Follow UP ( Negociere ),,,,,3.0%,,,
Gabriel Radu,Bucuresti / Ilfov,Otopeni,0745 081 023,28/2/2024,"OLX, Client Vechi ( Completare )",,"LEI     6,437.00",GARD,MX,MX 25,22.99,1015,0.6mm,Briliant,,,,,,Vandut,1/3/2024,LIVRAT,23/3/2024,,3.0%,,,
Dragan,Timis,Mosnita,,28/2/2024,Montatori / Colaboratori,,"LEI     2,659.00",,MX,,,,,,,,,,,Follow UP ( Negociere ),,,,,1.0%,,,
Popescu Sorinel,Bucuresti / Ilfov,Clinceni,0761 687 785,29/2/2024,Birou,,"LEI     3,654.00",,Wetterbest,,,,,,,,,,,Vandut,29/2/2024,,,,2.0%,,,
Tabacaru Cristina,Brasov,Sacele,0747 929 358,29/2/2024,OLX,,"LEI     2,438.00",,MX,,,,,,,,,,,Vandut,1/3/2024,,26/3/2024,,1.0%,,,
PFA GUGEANU P VIOREL I I,Teleorman,Alexandria,0766 550 620,1/3/2024,Client Vechi ( Completare ),,"LEI     1,063.00",,Zebra,,,,,,,,,,,Vandut,19/2/2024,,23/2/2024,,6.0%,,,
Hogam SRL completare,Dolj,Craiova,,1/3/2024,"OLX, Client Vechi ( Completare )",,LEI     615.00,,MX,,,,,,,,,,,Vandut,1/3/2024,,8/3/2024,,2.0%,,,
Danaila Cornel,,,#ERROR!,4/3/2024,CEL.ro,,"LEI     3,024.00",GARD,MX,MX 25,10.50,9005,0.6mm,Briliant,,,,,,Vandut,4/3/2024,LIVRAT,13/3/2024,,3.0%,,,
Bulgareanu Nicolae,Bucuresti / Ilfov,Bragadiru,0723 156 303,4/3/2024,"OLX, Birou",,"LEI     4,451.00",GARD,MX,MX 25,15.90,7016,0.6mm,Briliant,,,,,,Vandut,4/3/2024,LIVRAT,25/3/2024,,3.0%,,,
Avram George,Bucuresti / Ilfov,Magurele,0724 259 988,5/3/2024,Birou,,"LEI     4,863.00",GARD,MX,MX 25,17.17,5008,0.6mm,Briliant,,,Si montaj,,,Vandut,5/3/2024,LIVRAT,25/3/2024,,3.0%,,,
Merca Csaba/ MLIMET METAL S.R.L.,Cluj,Valea Seaca,0740 663 341,5/3/2024,OLX,,"LEI     10,000.00",GARD,MX,,,,,,,5/3/2024,Montaj Lucian Marginean,,,Vandut,12/3/2024,,8/4/2024,,3.0%,,,
SC PACO ALL CONSTRUCT SRL,Bucuresti / Ilfov,Mogosoaia,0729 664 388,5/3/2024,OLX,,"LEI     4,958.00",GARD,MX,MX 60,16.30,9002,0.6mm,Briliant,,,,,,Vandut,5/3/2024,LIVRAT,13/3/2024,,3.0%,,,
Alexandru Toma,Bucuresti / Ilfov,Moara Vlasiei,0724 227 479,6/3/2024,OLX,,"LEI     12,500.00",,MX,,,,,,,26/3/2024,"26.03- nu raspunde
Refacuta oferta in 7%",,,Follow UP ( Negociere ),,,,,2.0%,,,
Ionita Gabriel,Galati,Galati,0748 600 429,6/3/2024,OLX,,"LEI     3,967.00",,MX,,,,,,,26/3/2024,Nu raspunde,,,Follow UP ( Negociere ),,,,,3.0%,,,
Vestemean Ionut,Sibiu,Talmaciu,0 749 545 412,8/3/2024,"OLX, Client Vechi ( Completare )",,"LEI     1,347.00",GARD,MX,MX 60,5.22,7016,0.6mm,Briliant,,,,,,Vandut,7/3/2024,LIVRAT,8/3/2024,,1.0%,,,
Bobe Laurentiu,Bucuresti / Ilfov,Bucuresti,0769 506 791,11/3/2024,Birou,,"LEI     4,139.00",,MX,,,,,,,20/3/2024,"A cerut oferta pentru cineva din Timis, care urmeaza sa vina la showroom",,,Follow UP ( Negociere ),,,,,2.0%,,,
Vlad Cristina Maria,Bucuresti / Ilfov,Balotesti,0733 488 140,13/3/2024,OLX,,"LEI     7,595.00",GARD,MX,MX 25,32.32,7016,0.5mm,Mat,,,,,,Vandut,13/3/2024,LIVRAT,23/3/2024,,3.0%,,,
Popescu Marin,Bucuresti / Ilfov,Sector 5,0723 388 601,14/3/2024,Birou,,"LEI     1,828.00",ACOPERIS,Caretta,Daily,41.62,8017,0.5mm,Lucios,,,,,,Vandut,12/3/2024,LIVRAT,14/3/2024,,1.0%,,,
Alexandru Costachescu,Arges,Cosesti,0740 482 015,15/3/2024,OLX,,"LEI     13,500.00",,MX,,,,,,,19/4/2024,"A respins, animalu'.
Ne anunta cand e gata.
Sambata face stalpii, ne auzim dupa. Montaj weekend gaju",,,Follow UP ( Negociere ),,,,,2.0%,,,
PROMIX,NEAMT,Piatra Neamt,(072) 977-0009,15/3/2024,OLX,,"LEI     21,000.00",,MX,,,,,,,,,,,Ofertat,,,,,2.0%,,,
AGROIND BAZGA SRL,Iasi,RĂDUCĂNENI,0766 413 443,18/3/2024,OLX,,"LEI     6,978.00",GARD,MX,MX 25,24.92,9005,0.6mm,Briliant,,,,,,Vandut,18/3/2024,LIVRAT,25/3/2024,,3.0%,,,
Moise Catalin,Bucuresti / Ilfov,Bragadiru,0749 164 669,18/3/2024,Birou,,"LEI     2,240.00",,MX,,,,,,,,,,,Ofertat,,,,,3.0%,,,
EPC CONSTRUCT AMBIENT SRL,Bucuresti / Ilfov,Bucuresti,0722 694 667,18/3/2024,Birou,,"LEI     2,588.00",ACOPERIS,Wetterbest,Clasic,13.44,7024,0.5mm,Mat,,,,,,Vandut,18/3/2024,LIVRAT,29/3/2024,,1.0%,,,
Daniel Oprea,Giurgiu,Bolintin,0724 679 774,20/3/2024,Cerere oferta site,,"LEI     5,049.00",,MX,,,,,,,,"Redirectionat catre cristina
Re-redirectionat catre mine ( Alex)",,,Ofertat,,,,,2.0%,,,
Petcu George,Bucuresti / Ilfov,Bucuresti,0760 968 515,21/3/2024,"OLX, Birou",,"LEI     2,244.00",GARD,MX,MX 25,6.28,7016,0.6mm,Briliant,,,,,,Vandut,21/3/2024,LIVRAT,10/4/2024,,3.0%,,,
Nitulescu Dragoș Tavi,Bucuresti / Ilfov,Berceni,0728 299 800,25/3/2024,OLX,,"LEI     4,337.00",GARD,MX,MX 25,15.28,6020,0.6mm,Briliant,,,Masoara Sergiu,,,Vandut,25/3/2024,LIVRAT,10/4/2024,,3.0%,,,
Ĺorent Marius,Dambovita,Racari,0722 343 538,25/3/2024,Cerere oferta site,,"LEI     10,550.00",GARD,MX,MX 25,40.52,7024,0.6mm,Briliant,,,"Astept cote finale.
A facut alegerea inteleapta, MX25, 7024 Br. Discuta cu constructorul si revine.
oferta transmisa si poze video cu mx-uri ",,,Vandut,29/3/2024,LIVRAT,25/4/2024,,2.0%,,,
Mocanu Claudiu,Bucuresti / Ilfov,,0757 136 989,25/3/2024,Cerere oferta site,,,,"MX, Zebra",,,,,,,,"oferta transmisa cu poze pt toate modelele, ar vrea sa ajunga pana la birou sa vada",,,Ofertat,,,,,3.0%,,,
Stanciu Danut,Bucuresti / Ilfov,,0767 835 205,26/3/2024,Birou,,,,MX,,,,,,,,,,,Ofertat,,,,,3.0%,,,
Dima Andrei,Timis,Mosnita Noua,0728 205 069,26/3/2024,"OLX, Client Vechi ( Completare )",,LEI     128.00,,MetallicGroup,,,,,,,,,,,Vandut,6/3/2024,,6/3/2024,,1.0%,,,
Mihai Zava,Bucuresti / Ilfov,,0765 234 484,26/3/2024,Birou,,LEI     615.00,,Caretta,,,,,,,,,,,Vandut,26/3/2024,,26/3/2024,,3.0%,,,
Daniel Ghita,Arad,,0721 255 851,27/3/2024,,,"LEI     2,240.00",,MX,,,,,,,,,,,Ofertat,,,,,3.0%,,,
Salajan Ionut,Bihor,Oradea,0740 402 896,27/3/2024,,,"LEI     2,240.00",,,,,,,,,,,,,Ofertat,,,,,,,,
Nobis,Maramures,Tg Lapus,0771 780 869,29/3/2024,OLX,,"LEI     32,000.00",,MX,,,,,,,5/4/2024,,,,Follow UP ( Negociere ),,,,,2.0%,,,
Vagai Maria,Bucuresti / Ilfov,Bragadiru,0728 519 505,29/3/2024,OLX,,"LEI     7,100.00",,MX,,,,,,,5/4/2024,,,,Follow UP ( Negociere ),,,,,3.0%,,,
Centrul Medical PRAIN SRL,Bucuresti / Ilfov,Bragadiru,0729 078 402,1/4/2024,OLX,,"LEI     5,078.00",GARD,MX,MC 105,19.47,7016,0.6mm,Briliant,,,"Casetat, montaj factura Marian Buica",,,Vandut,9/4/2024,LIVRAT,26/4/2024,,1.0%,,,
Leuciuc Marius,Bucuresti / Ilfov,Bucuresti,0731 496 153,2/4/2024,Birou,,"LEI     7,650.00",,MX,,,,,,,,,,,Ofertat,,,,,3.0%,,,
COFFEE ALPIN SRL,Bucuresti / Ilfov,Berceni,0763 973 993,3/4/2024,Client Vechi ( Completare ),,"LEI     13,000.00",,MX,,,,,,,,,,,Follow UP ( Negociere ),,,,,3.0%,,,
Dumitrescu Andrei,Bucuresti / Ilfov,Chitila,0721 213 779,3/4/2024,Telefon,,"LEI     9,860.00",GARD,MX,MX 25 DUO,23.48,7016,0.6mm,Briliant,,,Masuratoare+ montaj Gaju,,,Vandut,15/4/2024,LIVRAT,13/5/2024,,3.0%,,,
Dinu Marius Constantin,Teleorman,Olteni,0723 344 047,3/4/2024,Birou,,"LEI     21,654.00",GARD,MX,MX 25 DUO,44.19,8017,0.6mm,Briliant,,,Masuratoare+montaj Ionut,,,Vandut,7/5/2024,LIVRAT,22/5/2024,,3.0%,,,
Ionel Gramada,Dolj,,0762 140 356,4/4/2024,"OLX, Client Vechi ( Completare )",,"LEI     1,411.00",GARD,MX,MX 25,05.04,7016,0.6mm,Briliant,,,,,,Vandut,9/4/2024,LIVRAT,16/4/2024,,3.0%,,,
Adrian Vutan,Arges,Pitesti,0767 364 849,4/4/2024,OLX,,"LEI     29,000.00",,MX,,,,,,,,,,,Ofertat,,,,,2.0%,,,
Florin Alexe,Prahova,,0744 514 900,5/4/2024,Birou,,"LEI     12,500.00",,MX,,,,,,,10/4/2024,"Promotie 7% pana pe 15 apr. Vrea pret defalcat pe caseta. profil, capac
",,,Ofertat,,,,,3.0%,,,
Sandu,Bucuresti / Ilfov,Cornetu,0769 859 853,8/4/2024,Telefon,,"LEI     8,500.00",,MX,,,,,,,,,,,Ofertat,,,,,3.0%,,,
Anca Liviu Daniel,Bucuresti / Ilfov,Domnesti,0730 708 362,8/4/2024,Birou,,"LEI     4,012.00",,Bilka,,,,,,,,,,,Vandut,8/4/2024,,12/4/2024,,3.0%,,,
Neagu Andrei,Bucuresti / Ilfov,Buftea,,8/4/2024,,,"LEI     7,400.00",,MX,,,,,,,,,,,Ofertat,,,,,3.0%,,,
Iorga Ioana,Bucuresti / Ilfov,Bragadiru,0763 656 076,10/4/2024,Birou,,"LEI     2,093.00",,Fakro,,,,,,,,,,,Vandut,10/4/2024,,12/4/2024,,3.0%,,,
Nicolae Mihai Bogdan,Dolj,Craiova,0742 198 158,10/4/2024,OLX,,"LEI     4,925.00",GARD,MX,,14.70,7016,,,,,,,,Vandut,12/4/2024,,13/6/2024,,3.0%,,,
Olivia Nitu,Bucuresti / Ilfov,Otopeni,0 751 132 187,10/4/2024,"OLX, Client Vechi ( Completare )",,"LEI     7,806.00",,MX,,,,,,,10/4/2024,Masuratoare+ montaj Gaju,,,Follow UP ( Negociere ),,,,,3.0%,,,
Chirieci Sandu,Bucuresti / Ilfov,Magurele,0726 371 128,10/4/2024,Birou,,"LEI     2,511.00",,MX,,,,,,,,,,,Ofertat,,,,,3.0%,,,
Moisa Marius,Bucuresti / Ilfov,,0749 580 002,11/4/2024,,,,,,,,,,,,,,,,,,,,,,,,
IMPACT CONSTRUCT TOTAL S.R.L.,Bucuresti / Ilfov,dARVARI,0768 808 210,12/4/2024,Birou,,LEI     411.00,GARD,MX,MX 25,1.47,7016,0.6mm,Briliant,,,,,,Vandut,12/4/2024,LIVRAT,19/4/2024,,3.0%,,,
DANA TIM EXIM SRL,Olt,VĂDĂSTRIȚA,0764 479 033,12/4/2024,Birou,,"LEI     10,880.00",GARD,MX,MX 25 DUO,27.85,Mesteacan,0.6mm,Lucios DUO,,,,,,Vandut,12/4/2024,LIVRAT,30/4/2024,,2.0%,,,
TINVEST TOP AMBIANCE S.R.L.,Bucuresti / Ilfov,Sect 5,0721 197 096,12/4/2024,,,"LEI     2,215.00",GARD,MX,MX 25 DUO,6.24,8019,0.5mm,Mat,,,,,,Vandut,15/5/2024,LIVRAT,24/5/2024,,3.0%,,,
Garvaneanu Anghel,Bucuresti / Ilfov,Domnesti,0721 370 553,16/4/2024,Birou,,"LEI     4,537.00",GARD,Zebra,Sipca gard,,6020,0.6mm,Briliant,,,,,,Vandut,16/4/2024,LIVRAT,25/4/2024,,2.0%,,,
Slave Dumitru,Bucuresti / Ilfov,Bucuresti,0741 196 060,16/4/2024,Birou,,"LEI     1,510.00",GARD,MX,MX 25,4.73,7016,0.6mm,Briliant,,,,,,Vandut,17/4/2024,LIVRAT,19/4/2024,,3.0%,,,
Bujoreanu Anca,Bucuresti / Ilfov,Domnesti,0740 672 694,16/4/2024,,,,,,,,RAL,,,,,,,,,,,,,,,,
Mirea Stefan,Bucuresti / Ilfov,,0768 049 919,16/4/2024,Client Vechi ( Completare ),,LEI     373.00,GARD,MX,MX 25,0.64,7016,0.5mm,Mat,,,,,,Vandut,22/4/2024,LIVRAT,26/4/2024,,3.0%,,,
Liviu Zaharia,Caras-Severin,,0747 134 409,17/4/2024,OLX,,"LEI     1,008.00",,MX,,,RAL,,,,,In weekend prezinta oferta si video bunicilor,,,Ofertat,,,,,3.0%,,,
Danaila Cornel,Calarasi,Stefan cel Mare,0044 7745 338879,17/4/2024,"CEL.ro, Client Vechi ( Completare )",,"LEI     2,371.00",GARD,MX,MX 25,6.58,9005,0.6mm,Briliant,,,,,,Vandut,17/4/2024,LIVRAT,7/5/2024,,3.0%,,,
STRAM CONSTRUCTII STEEL S.R.L.,Bucuresti / Ilfov,Bucuresti,0729 296 313,17/4/2024,Birou,,LEI     472.00,,Caretta,,,RAL,,,,,,,,Vandut,17/4/2024,,,,3.0%,,,
Voicu Cosmin,Bucuresti / Ilfov,Darasti,0736 865 109,18/4/2024,Birou,,"LEI     1,954.00",GARD,MX,MX 25,6.77,8019,0.6mm,Briliant,,,,,,Vandut,18/4/2024,LIVRAT,29/4/2024,,3.0%,,,
Anca Liviu Daniel,Bucuresti / Ilfov,Domnesti,0730 708 362,19/4/2024,Client Vechi ( Completare ),,"LEI     1,690.00",ELEMENTE SPECIALE,MetallicGroup,,12.88,7016,0.5mm,Mat,,,,,,Vandut,17/4/2024,LIVRAT,19/4/2024,,3.0%,,,
Vestemean Ionut,Sibiu,Talmaciu,0 749 545 412,22/4/2024,"OLX, Client Vechi ( Completare )",,"LEI     1,306.00",GARD,MX,MX 60,05.06,7016,0.6mm,Briliant,,,,,,Vandut,22/4/2024,LIVRAT,24/4/2024,,1.0%,,,
Voicu George,Tulcea,Greci,0740 091 045,22/4/2024,"OLX, Client Vechi ( Completare )",,"LEI     2,680.00",GARD,MX,MX 25,10.29,5008,0.6mm,Briliant,,,,,,Vandut,22/4/2024,LIVRAT,9/5/2024,,2.0%,,,
EUROCONSTRUCT CLIMA S.R.L.,Bucuresti / Ilfov,Bucuresti,0768 808 210,22/4/2024,Client Vechi ( Completare ),,"LEI     1,987.00",GARD,MX,MX 25,7.10,7016,0.6mm,Briliant,,,,,,Vandut,22/4/2024,LIVRAT,29/4/2024,,3.0%,,,
Militaru Cornel Mihai,Bucuresti / Ilfov,Domnesti,0763 409 861,22/4/2024,Birou,,"LEI     15,000.00",,MX,,,RAL,,,,,,,,Follow UP ( Negociere ),,,,,2.0%,,,
Piele Iulian,Dolj,Craiova,0773 878 353,23/4/2024,OLX,,"LEI     6,614.00",,MX,,,RAL,,,,,,,,Ofertat,,,,,3.0%,,,
Eremia Razvan,Bucuresti / Ilfov,Bragadiru,0765 161 214,24/4/2024,Birou,,"LEI     10,000.00",,MX,,,RAL,,,,20/5/2024,"Pret nou, discount 14%, pana la 1 iunie",,,Follow UP ( Negociere ),,,,,1.0%,,,
MOON MEDIA EVENTS S.R.L.,Bucuresti / Ilfov,Bucuresti,0764 200 891,25/4/2024,Birou,,"LEI     2,585.00",GARD,MX,MX 25,9.23,7016,0.6mm,Briliant,,,,,,Vandut,25/4/2024,LIVRAT,30/4/2024,,3.0%,,,
Popa Nicusor,Bucuresti / Ilfov,Cornetu,0765 917 396,25/4/2024,,,"LEI     1,751.00",GARD,MX,MX 25,06.05,7016,0.6mm,Briliant,,,,,,Vandut,16/4/2024,LIVRAT,24/4/2024,,3.0%,,,
Marian & Ben,Bucuresti / Ilfov,,,29/4/2024,,,LEI     538.00,,MX,,,RAL,,,,,,,,Vandut,30/4/2024,,30/4/2024,,1.0%,,,
Centrul Medical P,Bucuresti / Ilfov,,,29/4/2024,,,LEI     259.00,,MX,,,7016,,,,,,,,Vandut,30/4/2024,,30/4/2024,,3.0%,,,
Pavlovici Marcel,Bucuresti / Ilfov,Cornetu,0764 352 503,29/4/2024,,,"LEI     2,961.00",,MX,,8.20,8017,,,,,,,,Vandut,29/4/2024,,,,1.0%,,,
Cotuna Petru,Timis,Obad,,29/4/2024,"OLX, Montatori / Colaboratori",,"LEI     3,140.00",,MX,,8.69,Mahon,,,,,,,,Vandut,,,,,3.0%,,,
ALTACCESS SRL,Cluj,Valea Seaca,0740 663 341,30/4/2024,OLX,,"LEI     3,814.00",GARD,MX,MX 25,19.97,8019,0.6mm,Briliant,,,,,,Vandut,13/3/2024,LIVRAT,12/4/2024,,3.0%,,,
Saragea Ana,Bucuresti / Ilfov,Pantelimon,0761 400 353,7/5/2024,Necesit.ro,,,,MX,,,RAL,,,,,"Buget 5000 lei= beton, stalpi, confectie metalica+ jaluze;le....
13 ml cu o poarta pietonala inaltime gard 1.6/ 1.7 / acum are gard de lemn dar l-a darmat vantul , vrea o varianta ori cu stalpi betoni ori cu stal[i metal, ieftin  dar bun , sa tina , pret estimativ 
redirectionat catre alex
",,,Pierdut,,,,,,,,
Turnea Nicu,Bucuresti / Ilfov,Branesti,0726 285 035,7/5/2024,Necesit.ro,,"LEI     2,621.00",,MX,,,RAL,,,,,Redirectionat catre Alexandru Croitoru,,,Ofertat,,,,,3.0%,,,
Mihai Gabriel,Bucuresti / Ilfov,Mihailesti,0724 222 482,7/5/2024,OLX,,"LEI     2,688.00",GARD,MX,MX 60,8.38,8017,0.6mm,Briliant,,20/5/2024,"Discount 7%, pana la 1 iunie",,,Vandut,15/7/2024,LIVRAT,17/7/2024,,2.0%,,,
Stavar Marius,Galati,,0755 396 511,7/5/2024,Cerere oferta site,,"LEI     4,928.00",,MX,,,RAL,,,,,"Bună ziua. Ma interesează o oferta de preț pt un gard tip jaluzea, model Atlas (care are lățimea profilului U de 35mm), culoare Ral 8019, vopsit pe ambele părți, la dimensiunea de : L 200cm- h 100cm- 4 bucati; L200cm-h 200cm- 2 bucăți și L90- h 200- o bucata.",,,Ofertat,,,,,3.0%,,,
Motoi Antonio,hunedoara,Chindia / HUNEDOARA,0769 585 240,8/5/2024,OLX,,"LEI     2,598.00",GARD,MX,MX 60,8.66,7016,0.6mm,Briliant,,,,,,Vandut,8/5/2024,LIVRAT,22/5/2024,,3.0%,,,
George Bolocan,Timis,Timisoara,0 755 955 655,8/5/2024,"OLX, Montatori / Colaboratori",,"LEI     8,928.00",GARD,MX,MX 60,34.60,8017,0.6mm,Briliant,,,,,,Vandut,8/5/2024,LIVRAT,21/5/2024,,1.0%,,,
Florin Burcea,Bucuresti / Ilfov,Cornetu,0773 787 413,8/5/2024,Birou,,"LEI     4,318.00",,MX,,,RAL,,,,,,,,Ofertat,,,,,3.0%,,,
Voicu Cosmin,Bucuresti / Ilfov,Darasti-Ilfov,0736 865 109,8/5/2024,,,"LEI     1,391.00",GARD,MX,MX 25,4.97,8019,0.6mm,Briliant,,,,,,Vandut,9/5/2024,LIVRAT,14/5/2024,,3.0%,,,
Gadea Cristian,Bucuresti / Ilfov,Bucuresti,0757 450 137,8/5/2024,,,"LEI     1,356.00",,MX,,,RAL,,,,,,,,Ofertat,,,,,3.0%,,,
Tufan Alexandru,Teleorman,Alexandria,0787 658 936,9/5/2024,Client Vechi ( Completare ),,"LEI     13,000.00",,MX,,,RAL,,,,,,,,Ofertat,,,,,3.0%,,,
Dinicica Iosif,Bucuresti / Ilfov,Bucuresti,0720 369 681,9/5/2024,Birou,,"LEI     11,835.00",GARD,MX,MX 25,65.53,7024,0.45mm,Mat,,,Are oferta de 0.6 la 600 lei/ panou =)),,,Vandut,14/5/2024,LIVRAT,4/6/2024,,1.0%,,,
Lautaru,Bucuresti / Ilfov,Bucuresti,0771 047 001,9/5/2024,OLX,,"LEI     12,000.00",,MX,,,RAL,,,,20/5/2024,"Nu raspunde
",,,Ofertat,,,,,3.0%,,,
ROBMERY TRANS,Braila,,,13/5/2024,,,,,,,,RAL,,,,,,,,Ofertat,,,,,,,,
George Buga,Giurgiu,Budeni,0735 246 562 / 0726648288,13/5/2024,Birou,,"LEI     18,477.00",ACOPERIS,Caretta,Daily,245.80,8019,0.5mm,Mat,,,,,,Vandut,13/5/2024,LIVRAT,14/5/2024,,3.0%,,,
Cotuna Petru,Timis,Obad,0 742 309 112,13/5/2024,"OLX, Montatori / Colaboratori",,"LEI     3,491.00",,MX,,,RAL,,,,,,,,Ofertat,13/5/2024,,,,1.0%,,,
Banovici Robert Nicusor,Bucuresti / Ilfov,Bucuresti,0 727 803 481,14/5/2024,Birou,,"LEI     6,226.00",GARD,MX,MX 25,22.24,7016,0.6mm,Briliant DUO,,,,,,Vandut,9/5/2024,LIVRAT,28/5/2024,,3.0%,,,
Calugaru Andrei,NEAMT,Ingaresti,0032 465 663 930,14/5/2024,OLX,,"LEI     6,000.00",GARD,MX,MX 25,26.19,8019,0.5mm,Mat,,,,,,Vandut,14/5/2024,LIVRAT,27/5/2024,,3.0%,,,
Socol Florin,Giurgiu,Budeni,0728 863 415,14/5/2024,Telefon,,"LEI     2,841.00",ACOPERIS,Caretta,Daily,39.73,8017,0.5mm,Mat,,,,,,Vandut,14/5/2024,LIVRAT,14/5/2024,,3.0%,,,
Mlimet,Cluj,Cluj,0751 502 946,14/5/2024,"OLX, Montatori / Colaboratori",,"LEI     2,435.00",GARD,MX,MX 25,12.05,8019,0.5mm,Mat,,,,,,Vandut,14/5/2024,LIVRAT,15/5/2024,,1.0%,,,
Alexandru Ene,Bucuresti / Ilfov,Vidra,0768 600 158,15/5/2024,OLX,,"LEI     7,299.00",,MX,,,RAL,,,,,A luat din alta parte,,,Pierdut,,,,,3.0%,,,
Tudor Confectii Metalice,Bucuresti / Ilfov,Bucuresti,0773 986 054,16/5/2024,Montatori / Colaboratori,,"LEI     3,465.00",GARD,MX,MX 25 DUO,14.36,7016,0.6mm,Briliant,,,,,,Vandut,15/5/2024,LIVRAT,24/5/2024,,1.0%,,,
Ghiulea Ion,Bucuresti / Ilfov,Bucuresti,,17/5/2024,Birou,,"LEI     1,048.00",,Caretta,,,7016,,,,,,,,Vandut,30/4/2024,,24/5/2024,,3.0%,,,
Budi Almos,,Covasna/ Targu Secuiesc,0754 665 645,17/5/2024,OLX,,"LEI     12,000.00",,MX,,,RAL,,,,4/6/2024,,,,Follow UP ( Negociere ),,,,,2.0%,,,
Alton Cristi,Bucuresti / Ilfov,Bucuresti,0723 152 343,20/5/2024,Birou,,LEI     650.00,,MX,,,RAL,,,,,,,,Ofertat,,,,,3.0%,,,
Ioan Mardar,Bucuresti / Ilfov,Magurele,0766 669 072,23/5/2024,Client Vechi ( Completare ),,"LEI     14,434.00",GARD,MX,MX 25 DUO,26.84,7016,0.6mm,Briliant,,,,,,Vandut,3/6/2024,LIVRAT,11/6/2024,,3.0%,,,
Bogdan Andrei,Calarasi,Vasilati,0722 657 170,23/5/2024,,,"LEI     6,754.00",GARD,MX,MX 60,13.37,9002,0.6mm,Briliant,,10/6/2024,"Nu a avut timp sa se ocupe, i-am dat 7% disc.
Inca nu comanda, dar am intrat in linie dreapta =))",,,Vandut,11/6/2024,LIVRAT,11/7/2024,,3.0%,,,
TINVEST,Bucuresti / Ilfov,,,24/5/2024,Client Vechi ( Completare ),,"LEI     1,141.00",,MetallicGroup,,,RAL,,,,,,,,Vandut,13/5/2024,,28/5/2024,,1.0%,,,
Ghiulea Ion,Bucuresti / Ilfov,Bucuresti,,24/5/2024,Client Vechi ( Completare ),,LEI     267.00,,Caretta,,,8017,,,,,,,,Vandut,24/5/2024,,7/6/2024,,3.0%,,,
Toghina Stelian,Bucuresti / Ilfov,Bucuresti,0724 556 368,24/5/2024,"Birou, Client Vechi ( Completare )",,"LEI     10,276.00",GARD,MX,MC 75,20.40,7016,0.6mm,Briliant,,,,,,Vandut,24/5/2024,LIVRAT,27/6/2024,,3.0%,,,
Uta Mihaela Silvia,Bucuresti / Ilfov,Bragadiru,0766 966 091,28/5/2024,Birou,,"LEI     3,838.00",GARD,Zebra,Sipca gard,17.58,1015,0.6mm,Briliant,,,,,,Vandut,28/5/2024,LIVRAT,7/6/2024,,3.0%,,,
Onet Eugenia,Giurgiu,Popesti,0730 977 746,29/5/2024,Birou,,LEI     780.00,,MX,,,RAL,,,,,,,,Ofertat,,,,,3.0%,,,
Molea Cornel,,,,29/5/2024,,,,,,,,RAL,,,,,,,,,,,,,,,,
Stancu Marcel,Calarasi,Oltenita,0 724 629 089,30/5/2024,Birou,,"LEI     2,346.00",GARD,Zebra,,,RAL,0.6mm,Briliant,,,,,,Vandut,30/5/2024,LIVRAT,,,3.0%,,,
SILVER SHIELD SRL,Buzau,Ramnicu Sarat,0786 940 810,30/5/2024,Telefon,,"LEI     3,958.00",,Caretta,,,7016,,,,,,,,Vandut,31/5/2024,,4/6/2024,,3.0%,,,
SC SWW PATROL SRL,Bucuresti / Ilfov,Bragadiru,0752 295 242,30/5/2024,Telefon,,"LEI     7,347.00",ACOPERIS,Caretta,Click,68.04,9005,0.5mm,Mat,,,,,,Vandut,31/5/2024,LIVRAT,6/6/2024,,3.0%,,,
Cotuna Petru,Timis,Obad,0 742 309 112,31/5/2024,"OLX, Montatori / Colaboratori",,"LEI     3,101.00",GARD,MX,MX 25 DUO,6.76,7016,0.6mm,Briliant,,,,,,Vandut,30/5/2024,LIVRAT,31/5/2024,,1.0%,,,
Dan Boaca,Buzau,Dealul Viei,0727 829 028,31/5/2024,OLX,,"LEI     7,994.00",GARD,MX,MX 25,26.18,7016,0.6mm,Briliant,,,,,,Vandut,18/6/2024,LIVRAT,26/6/2024,,3.0%,,,
IT GRUP SRL,Bucuresti / Ilfov,Sect 6,0 749 099 188,3/6/2024,OLX,,"LEI     15,398.00",GARD,MX,MX 25 DUO,33.79,7016,0.6mm,Briliant,,,,,,Vandut,21/5/2024,LIVRAT,4/6/2024,,2.0%,,,
Anita Iulian,Buzau,,0760 910 239,4/6/2024,OLX,,LEI     813.00,,MX,,,RAL,,,,,,,,Ofertat,,,,,3.0%,,,
Ungureanu Florin Daniel,Bucuresti / Ilfov,Bragadiru,0767 517 629,5/6/2024,Birou,,"LEI     5,686.00",GARD,MX,MX 25 DUO,16.56,7016,0.5mm,Mat,,,,,,Vandut,10/6/2024,LIVRAT,18/6/2024,,2.0%,,,
EFECT METAL CONSTRUCT S.R.L.,Bucuresti / Ilfov,Bucuresti,0762 020 622,6/6/2024,Birou,,"LEI     2,842.00",GARD,MX,MX 60 DUO,6.42,7016,0.6mm,Briliant,,,,,,Vandut,6/6/2024,LIVRAT,10/6/2024,,1.0%,,,
Chirieci Sandu,Bucuresti / Ilfov,Bucuresti,0726 371 128,10/6/2024,Telefon,,LEI     658.00,GARD,MX,MX 25,1.60,3005,0.6mm,Briliant,,,,,,Vandut,10/6/2024,LIVRAT,9/7/2024,,3.0%,,,
Nasri Brothers SRL,Bucuresti / Ilfov,Bucuresti,972 53-943-0937,10/6/2024,Birou,,"LEI     10,690.00",GARD,MX,MX 25 DUO,23.46,7016,0.6mm,Briliant,,,,,,Vandut,13/6/2024,LIVRAT,20/6/2024,,2.0%,,,
Gabi Aiacoboaie,Bucuresti / Ilfov,Berceni,0762 918 706,11/6/2024,"Birou, Pliant",,"LEI     19,000.00",,MX,,,RAL,,,,,,,,Follow UP ( Negociere ),,,,,2.0%,,,
PREMIUM IT CONSULTING & SERVICES SRL/Andrei Florin,Bucuresti / Ilfov,Clinceni,0724 029 502,11/6/2024,Birou,,"LEI     4,082.00",GARD,MX,MX 25,12.56,7016,0.6mm,Briliant,,,,,,Vandut,18/6/2024,LIVRAT,25/6/2024,,3.0%,,,
Mircea Magetz,Teleorman,Tarnava,0722 403 013,11/6/2024,,,LEI     610.00,,Wetterbest,,,9002,,,,,,,,Vandut,11/6/2024,,,,3.0%,,,
OTO PARK RESIDENCE S.R.L,Bucuresti / Ilfov,Otopeni,0 773 901 942,13/6/2024,Client Vechi ( Completare ),,"LEI     10,954.00",GARD,MX,MX 25,39.16,1015,0.6mm,Briliant,,,,,,Vandut,12/6/2024,LIVRAT,5/7/2024,,1.0%,,,
Dinicica Iosif,Bucuresti / Ilfov,Bragadiru,0720 369 681,14/6/2024,Client Vechi ( Completare ),,"LEI     4,315.00",GARD,MX,MX 25,20.91,7024,0.5mm,Mat,,,,,,Vandut,13/6/2024,LIVRAT,8/7/2024,,1.0%,,,
Biolan Adrian,Bucuresti / Ilfov,Bragadiru,0 770 329 326,17/6/2024,Client Vechi ( Completare ),,"LEI     2,604.00",GARD,Caretta,Cutata,31.40,7024,0.6mm,Briliant,,,,,,Vandut,12/6/2024,LIVRAT,18/6/2024,,3.0%,,,
PROFFESIONAL MEDICAL CONGRESS ORGANISER SRL Mocanu Alina,Bucuresti / Ilfov,Bucuresti,0761 654 412,18/6/2024,Birou,,"LEI     5,098.00",GARD,MX,MX 25,21.24,9005,0.5mm,Mat,,,,,,Vandut,17/6/2024,LIVRAT,8/7/2024,,3.0%,,,
Pantilimon Nicolae Madalin,Bucuresti / Ilfov,Sector 5,0758 881 412,25/6/2024,Birou,,"LEI     2,857.00",GARD,MX,MX 25 DUO,5.83,7016,0.6mm,Briliant,,,,,,Vandut,25/6/2024,LIVRAT,27/6/2024,,3.0%,,,
Emanoil Morarescu,Bucuresti / Ilfov,Clinceni,0721 586 226,25/6/2024,OLX,,"LEI     5,700.00",,MX,,,RAL,,,,16/7/2024,MOntaj scump,,,Follow UP ( Negociere ),,,,,2.0%,,,
Razvan Ion,Brasov,,0752 453 795,25/6/2024,OLX,,"LEI     7,682.00",,MX,,,RAL,,,,,,,,Ofertat,,,,,3.0%,,,
CPK CARP & MORE SRL,Bucuresti / Ilfov,Dascalu,0 740 370 669,26/6/2024,Telefon,,"LEI     2,169.00",,Bilka,,,7016,,,,,,,,Vandut,26/6/2024,,8/7/2024,,3.0%,,,
Beniamin Tamasan,Maramures,Baia Mare,0049 176 97745925,27/6/2024,OLX,,"LEI     7,500.00",,MX,,,RAL,,,,,A luat sipca,,,Pierdut,,,,,3.0%,,,
Pandele Marcel,Bucuresti / Ilfov,Bragadiru,0765 624 937,27/6/2024,Birou,,"LEI     6,000.00",,MX,,,RAL,,,,16/7/2024,,,,Follow UP ( Negociere ),,,,,2.0%,,,
Olimpia Claudia,Brasov,Zarnesti,0049 15213188043,1/7/2024,OLX,,"LEI     17,000.00",,MX,,,RAL,,,,16/7/2024,,,,Follow UP ( Negociere ),,,,,3.0%,,,
Tabacaru Cristina,Brasov,Sacele,0747 929 358,1/7/2024,"OLX, Client Vechi ( Completare )",,"LEI     5,681.00",GARD,MX,MX 25,20.33,7016,0.6mm,Briliant,,,,,,Vandut,5/7/2024,LIVRAT,9/7/2024,,1.0%,,,
Tudor Andreea,Bucuresti / Ilfov,Ordoreanu,0 742 154 157,2/7/2024,Birou,,"LEI     8,968.00",ACOPERIS,Wetterbest,Clasic,93.91,7016,0.5mm,Mat,,,,,,Vandut,2/7/2024,LIVRAT,4/7/2024,,3.0%,,,
Lungu Marius,Arad,,,2/7/2024,OLX,,,,MX,,,RAL,,,,,S-au hotarat la aluminiu,,,Pierdut,,,,,3.0%,,,
PREMIUM IT CONSULTING & SERVICES SRL/Andrei Florin,Bucuresti / Ilfov,Clinceni,0724 029 502,2/7/2024,Client Vechi ( Completare ),,"LEI     2,428.00",GARD,MX,MX 25,7.47,7016,0.6mm,Briliant,,,,,,Vandut,2/7/2024,LIVRAT,5/7/2024,,3.0%,,,
George Sanda,Bucuresti / Ilfov,,(072) 294-7987,3/7/2024,Client Vechi ( Completare ),,"LEI     1,038.00",,Caretta,,,8017,,,,,,,,Vandut,1/7/2024,,,,3.0%,,,
Ivana Ionut,Bucuresti / Ilfov,Bragadiru,0770 745 789,3/7/2024,Client Vechi ( Completare ),,LEI     911.00,GARD,Wetterbest,Cutata,18.98,7016,0.5mm,Mat,,,,,,Vandut,2/7/2024,LIVRAT,8/7/2024,,3.0%,,,
Feron Styl,,Zalau,0 745 223 927,3/7/2024,OLX,,"LEI     2,893.00",,MX,,,RAL,,,,,,,,Ofertat,,,,,0.0%,,,
Ciobanu Cornel,Bucuresti / Ilfov,Bucuresti,0721 865 650,3/7/2024,Client Vechi ( Completare ),,LEI     846.00,,MX,,,RAL,,,,,,,,Ofertat,,,,,2.0%,,,
Ghencea Ginel,Bucuresti / Ilfov,Bucuresti,0769 283 134,3/7/2024,Birou,,LEI     411.00,,Caretta,,8.94,3011,,,,,,,,Vandut,3/7/2024,,,,3.0%,,,
Adrian Hristache,Bucuresti / Ilfov,Bragadiru,0786 010 001,5/7/2024,Telefon,,"LEI     1,509.00",SISTEM PLUVIAL,Caretta,,,9005,0.5mm,Mat,,,,,,Vandut,5/7/2024,LIVRAT,,,3.0%,,,
Monalisa,NEAMT,Roman,0774 623 884,5/7/2024,,,"LEI     44,000.00",,MX,,,RAL,,,,16/7/2024,A respins,,,Ofertat,,,,,2.0%,,,
George Buga,Giurgiu,Budeni,0735 246 562 / 0726648288,8/7/2024,Client Vechi ( Completare ),,"LEI     2,107.00",SISTEM PLUVIAL,Caretta,,,8017,0.5mm,Mat,,,,,,Vandut,8/7/2024,LIVRAT,10/7/2024,,3.0%,,,
George Buga,Giurgiu,Budeni,0735 246 562 / 0726648288,8/7/2024,Client Vechi ( Completare ),,"LEI     4,838.00",SISTEM PLUVIAL,Caretta,,,8019,0.5mm,Mat,,,,,,Vandut,8/7/2024,LIVRAT,10/7/2024,,3.0%,,,
Vasile Ionut,Bucuresti / Ilfov,Sect 1,0746 681 6817,9/7/2024,"OLX, Birou",,"LEI     1,110.00",GARD,MX,MX 25 DUO,2.64,7016,0.6mm,Briliant,,,,,,Vandut,9/7/2024,LIVRAT,17/7/2024,,3.0%,,,
Lefter Paul,Calarasi,Frasinetul de Jos,0766 804 133,9/7/2024,Client Vechi ( Completare ),,"LEI     5,769.00",GARD,MX,MX 25 DUO,11.77,7016,0.6mm,Briliant,,,,,,Vandut,9/7/2024,LIVRAT,17/7/2024,,3.0%,,,
Cristi,Bucuresti / Ilfov,Bragadiru,0723 300 457,10/7/2024,Client Vechi ( Completare ),,LEI     476.00,,MetallicGroup,,2.96,8017,,,,,,,,Vandut,10/7/2024,,,,3.0%,,,
Boboc Ionel,Ialomita,Slobozia,0722 344 184,15/7/2024,Facebook,,"LEI     5,600.00",,MX,,,RAL,,,,,,,,Ofertat,,,,,2.0%,,,
Luminita Craciun,Buzau,,0757 683 361,15/7/2024,OLX,,"LEI     6,500.00",,MX,,,RAL,,,,,,,,Ofertat,,,,,2.0%,,,
Mircea Magetz,Teleorman,Tarnava,0722 403 013,15/7/2024,Client Vechi ( Completare ),,"LEI     15,597.00",,Wetterbest,,222.26,8004,,,,,,,,Vandut,18/7/2024,,,,1.0%,,,
George Sanda,,,(072) 294-7987,16/7/2024,Montatori / Colaboratori,,LEI     438.00,,Caretta,,,8017,,,,,,,,Vandut,10/7/2024,,16/7/2024,,3.0%,,,
Dragomir Marian,Teleorman,Conțești,0 763 843 162,16/7/2024,Telefon,,"LEI     1,355.00",,Caretta,,14.20,8017,,,,,,,,Vandut,16/7/2024,,,,3.0%,,,
Pantilimon Nicolae Madalin,Bucuresti / Ilfov,Bucuresti,,17/7/2024,Client Vechi ( Completare ),,LEI     635.00,GARD,MX,MX 25 DUO,1.30,7016,0.6mm,Briliant,,,,,,Vandut,16/7/2024,LIVRAT,19/7/2024,,3.0%,,,
Tabacaru Cristina,Brasov,Sacele,0747 929 358,17/7/2024,Client Vechi ( Completare ),,LEI     650.00,,MX,,,7016,,,,,,,,Vandut,,,,,1.0%,,,
Antonio Alexandru,,,0767 536 736,19/7/2024,Birou,,"LEI     5,500.00",,MX,,,RAL,,,,,,,,Ofertat,,,,,3.0%,,,
Moraru Razvan,Prahova,Ploiesti,0744 355 725,19/7/2024,,,"LEI     12,519.00",,,,,RAL,,,,,,,,Ofertat,,,,,,,,
Chirieci,Bucuresti / Ilfov,Bucuresti,0726 371 128,6/8/2024,Montatori / Colaboratori,,LEI     776.00,GARD,MX,MX 25,3.23,7016,0.5mm,Mat,,,,,,Vandut,6/8/2024,LIVRAT,9/8/2024,,3.0%,,,
Berger,Arad,,0257 514 325,7/8/2024,OLX,,"LEI     2,442.00",,MX,,,RAL,,,,,,,,Ofertat,,,,,3.0%,,,
Vasile,Maramures,Baita de sub Codru,0744 756 498,7/8/2024,,,"LEI     14,140.00",,,,,RAL,,,,,,,,Ofertat,,,,,,,,
Romulus Albu,Arad,Arad,0724 284 807,7/8/2024,OLX,,"LEI     2,333.00",GARD,MX,MX 25,7.18,7016,0.6mm,Briliant,,,,,,Vandut,7/8/2024,LIVRAT,13/8/2024,,3.0%,,,
Stefan Saracut,Cluj,Floresti,0790 777 701,7/8/2024,OLX,,"LEI     4,899.00",GARD,MX,MX 25,20.42,7016,0.5mm,Mat,,,,,,Vandut,7/8/2024,LIVRAT,9/8/2024,,3.0%,,,
Rusu Viorel Mihai,Giurgiu,Mihailesti,0721 245 518,8/8/2024,Birou,,"LEI     13,508.00",GARD,MX,MX 60 DUO,28.20,7016,0.6mm,Briliant,,,,,,Vandut,9/8/2024,LIVRAT,18/10/2024,,2.0%,,,
Gelu Neagu,Teleorman,Plosca,0766 534 980,8/8/2024,,,"LEI     1,090.00",,Caretta,,,8017,,,,,,,,Vandut,,,,,,,,
Vestemean Ionut,Sibiu,,,9/8/2024,Montatori / Colaboratori,,"LEI     2,261.00",GARD,MX,MX 60,7.62,7016,0.6mm,Briliant,,,,,,Vandut,9/8/2024,LIVRAT,13/8/2024,,1.0%,,,
Petre Virginia,Bucuresti / Ilfov,,0728 222 225,9/8/2024,Montatori / Colaboratori,,"LEI     3,646.00",ACOPERIS,Caretta,Daily,37.87,8019,0.5mm,Mat,,,,,,Vandut,9/8/2024,LIVRAT,19/8/2024,,3.0%,,,
Carmen Naprusel,Bucuresti / Ilfov,,0745 112 389,9/8/2024,Montatori / Colaboratori,,"LEI     1,434.00",ACOPERIS,Caretta,Daily,9.58,7024,0.5mm,Lucios,,,,,,Vandut,9/8/2024,LIVRAT,19/8/2024,,3.0%,,,
OTO PARK,Bucuresti / Ilfov,Otopeni,,12/8/2024,"Client Vechi ( Completare ), OLX",,"LEI     39,000.00",,MX,,,RAL,,,,,,,,Ofertat,,,,,1.0%,,,
Tapadel Marian,Bucuresti / Ilfov,Bragadiru,0762 964 667,13/8/2024,Birou,,"LEI     6,542.00",GARD,Caretta,Cutata,80.62,8017,0.6mm,Briliant,,,,,,Vandut,13/8/2024,LIVRAT,19/8/2024,,3.0%,,,
Costea Felician,hunedoara,Vata de Jos,0723 733 813,13/8/2024,OLX,,"LEI     9,000.00",,MX,,,RAL,,,,,,,,Ofertat,,,,,3.0%,,,
Cotuna Petru,Timis,Obad,,14/8/2024,Montatori / Colaboratori,,"LEI     3,917.00",GARD,MX,MX 25 DUO,8.61,7016,0.6mm,Briliant,,,,,,Vandut,21/8/2024,LIVRAT,27/8/2024,,1.0%,,,
Rares Dulama,,,0044 7927 420087,14/8/2024,OLX,,"LEI     1,560.00",,MX,,,RAL,,,,,,,,Ofertat,,,,,3.0%,,,
MARIDUM TEHNIC S.R.L.,Bucuresti / Ilfov,Cornetu,0722 900 976,14/8/2024,Birou,,"LEI     9,500.00",,MX,,,RAL,,,,,,,,Ofertat,,,,,3.0%,,,
Mihsor Instal,Giurgiu,Mihailesti,0767 699 183,14/8/2024,Birou,,,,MX,,,RAL,,,,,,,,Ofertat,,,,,3.0%,,,
Viorel Raducanu,Bucuresti / Ilfov,Bucuresti,0044 758 66500 56,14/8/2024,Birou,,"LEI     15,000.00",,MX,,,RAL,,,,,,,,Ofertat,,,,,3.0%,,,
Popescu Alin,Arges,Pietrosani,0740 040 112,16/8/2024,OLX,,"LEI     3,031.00",GARD,MX,MX 25 DUO,6.18,7016,0.6mm,Briliant,,,,,,Vandut,16/8/2024,LIVRAT,20/8/2024,,3.0%,,,
Vasile Niculae Gabriel,Bucuresti / Ilfov,sect 5,0762 731 687,19/8/2024,Birou,,"LEI     1,728.00",ACOPERIS,Wetterbest,Clasic,31.75,8017,0.5mm,Lucios,,,,,,Vandut,19/8/2024,,24/8/2024,,3.0%,,,
Popa Rafael/ Habo Design,Timis,Mosnita Noua,0743 068 898,19/8/2024,Montatori / Colaboratori,,"LEI     20,628.00",GARD,MX,MX 25,77.40,8019,0.6mm,Briliant,,,,,,Vandut,8/10/2024,LIVRAT,14/10/2024,,0.0%,,,
Cristea Florea Constantin,Bucuresti / Ilfov,Magurele,0766 463 436,20/8/2024,Birou,,"LEI     1,400.00",,Caretta,,,8019,,,,,,,,Vandut,20/8/2024,,22/8/2024,,3.0%,,,
Bolocan George,Timis,Timisoara,,20/8/2024,Montatori / Colaboratori,,"LEI     1,106.00",GARD,MX,MX 25,3.96,7016,0.6mm,Briliant,,,,,,Vandut,14/8/2024,LIVRAT,16/8/2024,,1.0%,,,
Mincu Stefan,Dambovita,Baleni,0725 924 171,21/8/2024,OLX,,"LEI     2,779.00",,MX,,,RAL,,,,,,,,Ofertat,,,,,3.0%,,,
Parohia Gurbanesti,Calarasi,Gurbanesti,0722 409 863,21/8/2024,Birou,,"LEI     1,156.00",,MX,,,8017,,,,,,,,Vandut,21/8/2024,,28/8/2024,,3.0%,,,
EFY GROUP SRL,Bucuresti / Ilfov,Bucuresti,0734 829 622,21/8/2024,Birou,,"LEI     4,679.00",GARD,Zebra,Sipca gard,,STEJAR,0.6mm,Lucios DUO,,,,,,Vandut,21/8/2024,LIVRAT,30/8/2024,,3.0%,,,
Todi Andrei,Bucuresti / Ilfov,Bragadiru,0753 222 333,21/8/2024,"OLX, Birou",,"LEI     4,488.00",GARD,MX,MX 60,13.01,7016,0.6mm,Briliant,,,,,,Vandut,21/8/2024,LIVRAT,30/8/2024,,3.0%,,,
Mihalcea Aurel,Bucuresti / Ilfov,Sector 5,0764 389 689,21/8/2024,OLX,,"LEI     4,000.00",,MX,,,RAL,,,,,,,,Ofertat,,,,,3.0%,,,
Florin Adrian,Dambovita,Barbuletu,0770 424 806,22/8/2024,,,"LEI     3,000.00",,,,,RAL,,,,,,,,Ofertat,,,,,,,,
VSM AUTOMOTIVE SOLUTIONS S.R.L.,Bucuresti / Ilfov,Sector 5,0 757 797 777,22/8/2024,Telefon,,"LEI     16,387.00",,MetallicGroup,,,RAL,,,,,,,,Vandut,19/8/2024,,,,,,,
Dan Pauliuc,Giurgiu,,,22/8/2024,,,,,,,,RAL,,,,,,,,,,,,,,,,
Marius Albu,Bucuresti / Ilfov,Bucuresti,0 770 200 691,22/8/2024,Birou,,LEI     615.00,ELEMENTE SPECIALE,MetallicGroup,,05.04,7016,0.5mm,Mat,,,,,,Vandut,19/8/2024,LIVRAT,22/8/2024,,3.0%,,,
Ghita Pasca,Alba,,0753 669 120,22/8/2024,OLX,,"LEI     20,000.00",,MX,,,RAL,,,,,,,,Ofertat,,,,,2.0%,,,
Cretu Gheorghita,Bucuresti / Ilfov,Bucuresti,,23/8/2024,Birou,,LEI     108.00,,Caretta,,,8017,,,,,,,,Vandut,23/8/2024,,,,3.0%,,,
Rolea Mihaela,Bucuresti / Ilfov,Bucuresti,0753 928 696,23/8/2024,Birou,,"LEI     2,447.00",GARD,MX,MX 25,7.53,7024,0.6mm,Briliant,,,,,,Vandut,23/8/2024,LIVRAT,2/9/2024,,3.0%,,,
Maria Laurentiu,Dolj,Bobu,0763 190 808,26/8/2024,OLX,,"LEI     2,558.00",GARD,MX,MX 25,11.46,7016,0.5mm,Mat,,,,,,Vandut,4/9/2024,LIVRAT,10/9/2024,,3.0%,,,
GEAMANU MARILENA,Teleorman,Licuriciu,0722 233 141,26/8/2024,Birou,,"LEI     10,935.00",ACOPERIS,Caretta,Daily,94.16,3005,0.5mm,Mat,,,,,,Vandut,26/8/2024,LIVRAT,28/8/2024,,3.0%,,,
VSM AUTOMOTIVE SOLUTIONS S.R.L.,Bucuresti / Ilfov,Bucuresti,0 757 797 777,27/8/2024,Birou,,"LEI     3,146.00",GARD,Wetterbest,Cutata,64.98,7016,0.5mm,Mat,,,,,,Vandut,23/8/2024,LIVRAT,27/8/2024,,1.0%,,,
VSM AUTOMOTIVE SOLUTIONS S.R.L.,Bucuresti / Ilfov,Bucuresti,0 757 797 777,28/8/2024,Birou,,"LEI     1,900.00",,Wetterbest,,,RAL,,,,,,,,Vandut,,,,,0.0%,,,
Catrina Ionut Bogdan,Gorj,Rosia de Amaradia,0773 364 562,28/8/2024,OLX,,"LEI     1,548.00",GARD,MX,MX 60,6.28,7024,0.5mm,Mat,,,,,,Vandut,28/8/2024,LIVRAT,3/9/2024,,2.0%,,,
Manu Bogdan,Bucuresti / Ilfov,Bucuresti,0770 892 400,29/8/2024,Client Vechi ( Completare ),,"LEI     4,412.00",,Caretta,,51.70,3005,,,,,,,,Pierdut,29/8/2024,,3/9/2024,,2.0%,,,
Dudas Mariana,Calarasi,Fundulea,0741 017 309,29/8/2024,,,,,MX,,,RAL,,,,,,,,,,,,,3.0%,,,
Marin Niculae,Bucuresti / Ilfov,Bucuresti,0766 626 797,29/8/2024,Client Vechi ( Completare ),,"LEI     7,000.00",,MX,,,RAL,,,,,,,,Ofertat,,,,,2.0%,,,
INTELIGENT CARS SRL,Bucuresti / Ilfov,Bragadiru,0 760 023 903,2/9/2024,Montatori / Colaboratori,,"LEI     8,902.00",GARD,MX,MX 25,29.45,7016,0.6mm,Briliant,,,,,,Vandut,2/9/2024,LIVRAT,5/9/2024,,2.0%,,,
Dobre Nicu,Bucuresti / Ilfov,Bragadiru,0733 984 490,2/9/2024,,,"LEI     3,439.00",,Zebra,,,7024,,,,,,,,Vandut,,,,,3.0%,,,
Sovaiala Gheorghe,Giurgiu,Baneasa,0754 914 878,2/9/2024,Telefon,,"LEI     2,513.00",,Caretta,,,3005,,,,,,,,Vandut,2/9/2024,,6/9/2024,,3.0%,,,
Adrian Ciobanu,Bucuresti / Ilfov,Sector 5,0747 133 788,2/9/2024,Birou,,"LEI     1,810.00",GARD,MX,MC 105,5.84,7016,0.5mm,Mat,,,,,,Vandut,5/9/2024,LIVRAT,13/9/2024,,3.0%,,,
Kasefi,Timis,Timisoara,0752 315 315,2/9/2024,,,"LEI     4,000.00",,MX,,,RAL,,,,,,,,Ofertat,,,,,,,,
Pana Elena,Bucuresti / Ilfov,Sector 5,0772 577 883,3/9/2024,,,"LEI     2,500.00",,MX,,,RAL,,,,,,,,Ofertat,,,,,3.0%,,,
Ilie Aurel,Bucuresti / Ilfov,Bragadiru,0770 387 252,4/9/2024,Birou,,"LEI     2,767.00",GARD,MX,MX 25,8.96,7016,0.6mm,Briliant,,,,,,Vandut,3/9/2024,LIVRAT,9/9/2024,,2.0%,,,
Calin Andreea Gabriela,Dambovita,Românesti,0737 131 459,4/9/2024,Montatori / Colaboratori,,"LEI     1,000.00",GARD,Zebra,Sipca gard,,7016,0.6mm,Briliant,,,,,,Vandut,4/9/2024,LIVRAT,12/9/2024,,1.0%,,,
Chirieci Sandu,Bucuresti / Ilfov,Magurele,0726 371 128,4/9/2024,Montatori / Colaboratori,,"LEI     2,161.00",GARD,MX,MX 25,7.15,8017,0.6mm,Briliant,,,,,,Vandut,4/9/2024,LIVRAT,9/9/2024,,2.0%,,,
Tocila Viorel,hunedoara,,0033 669900781,5/9/2024,OLX,,"LEI     15,000.00",,MX,,,RAL,,,,,,,,Ofertat,,,,,2.0%,,,
Dobre Marius,Bucuresti / Ilfov,Bucuresti,0 766 606 202,5/9/2024,Montatori / Colaboratori,,"LEI     2,593.00",ACOPERIS,Caretta,Daily,22.30,8017,0.5mm,Lucios,,,,,,Vandut,9/9/2024,LIVRAT,17/9/2024,,1.0%,,,
Ovidiu Lipan Tandarica,Bucuresti / Ilfov,,,5/9/2024,Facebook,,"LEI     10,000.00",,MX,,,RAL,,,,,,,,,,,,,2.0%,,,
Calin Mihaela,Bucuresti / Ilfov,Sector 5,0732 149 133,5/9/2024,Birou,,"LEI     4,199.00",GARD,MX,MX 25,12.92,8019,0.6mm,Mat,,,,,,Vandut,5/9/2024,LIVRAT,18/9/2024,,3.0%,,,
Barb Ion,Bucuresti / Ilfov,Sector 5,,5/9/2024,Birou,,"LEI     2,600.00",,,,,RAL,,,,,,,,Ofertat,,,,,,,,
Velicu Adrian,Bucuresti / Ilfov,Bragadiru,0767 383 805,6/9/2024,Birou,,"LEI     2,403.00",GARD,Wetterbest,Cutata,46.21,7016,0.5mm,Mat,,,,,,Vandut,4/9/2024,LIVRAT,6/9/2024,,1.0%,,,
Claudiu Mos,,,,6/9/2024,,,,,,,,RAL,,,,,,,,,,,,,,,,
Dumitrescu Gigi,Bucuresti / Ilfov,,,6/9/2024,,,,,,,,RAL,,,,,,,,,,,,,,,,
Dumbravieanu Catalin Florin,hunedoara,Petrosani,0039 327 377 4280,9/9/2024,OLX,,"LEI     6,859.00",GARD,MX,MC 105,22.88,7016,0.5mm,Mat,,,,,,Vandut,9/9/2024,LIVRAT,17/9/2024,,2.0%,,,
Armada,Arad,Arad,0742 565 491,10/9/2024,OLX,,"LEI     5,000.00",,MX,,,RAL,,,,24/10/2024,,,,Follow UP ( Negociere ),,,,,3.0%,,,
Iulian Apreotesei,Bucuresti / Ilfov,Dragomiresti Deal,0743 795 788,10/9/2024,OLX,,"LEI     10,000.00",,MX,,,RAL,,,,,,,,Follow UP ( Negociere ),,,,,1.0%,,,
Bucur Marian,Maramures,Baia Mare,(077) 173-8213,10/9/2024,OLX,,,,,,,RAL,,,,,,,,Ofertat,,,,,,,,
Popescu Alin,Arges,"Pietrosani,",0740 040 112,10/9/2024,OLX,,"LEI     2,391.00",GARD,MX,MX 25 DUO,4.88,7016,0.6mm,Briliant,,,,,,Vandut,10/9/2024,LIVRAT,17/9/2024,,3.0%,,,
Viorel Toader,Cluj,Gilau,0745 158 843,11/9/2024,OLX,,"LEI     2,730.00",,MX,,,RAL,,,,,,,,Ofertat,,,,,3.0%,,,
Stanciulescu Victor,Bucuresti / Ilfov,Bucuresti,0724 234 119,11/9/2024,,,,,MX,,,RAL,,,,,,,,Ofertat,,,,,,,,
Dorobantu Dan,Bucuresti / Ilfov,,0741 975 666,11/9/2024,Birou,,"LEI     14,000.00",,Wetterbest,,,RAL,,,,22/10/2024,Nu raspunde,,,Ofertat,,,,,3.0%,,,
Gheorghe Rebeca,Bucuresti / Ilfov,Mogosoaia,0 770 670 580,13/9/2024,Facebook,,"LEI     7,000.00",,"MX, Zebra",,,RAL,,,,24/10/2024,,3/4/2025,Actualizare oferta noua,Follow UP ( Negociere ),,,,,3.0%,,,
Talpos Claudia,Bucuresti / Ilfov,Bucuresti,0 740 143 452,16/9/2024,Birou,,LEI     790.00,,"Caretta , Bilka",,8.96,8019,,,,,,,,Vandut,11/9/2024,,17/9/2024,,3.0%,,,
MDL SMILE GOLDENBEL S.R.L./,Teleorman,Nanov,0 762 607 286,16/9/2024,Telefon,,"LEI     3,310.00",GARD,MX,MX 60,11.15,7016,0.6mm,Briliant,,,,,,Vandut,17/9/2024,LIVRAT,20/9/2024,,1.0%,,,
Tranca Dumitru,Bucuresti / Ilfov,Cornetu,0735 127 136,17/9/2024,Telefon,,"LEI     1,490.00",,Wetterbest,,,9002,,,,,,,,Vandut,17/9/2024,,20/9/2024,,3.0%,,,
MAZICON SPRINT SRL / Bajenaru Marian,Bucuresti / Ilfov,Bucuresti,0767 265 531,18/9/2024,Birou,,"LEI     6,738.00",GARD,MX,MX 25,20.73,8017,0.6mm,Briliant,,22/10/2024,"Dupa 15 octombrie / Respins
Vine cu cote finale",,,Vandut,18/11/2024,LIVRAT,26/11/2024,,3.0%,,,
Ionel Popa,Bucuresti / Ilfov,Bucuresti,0723 029 276,18/9/2024,Birou,,"LEI     12,400.00",,MX,,,RAL,,,,17/10/2024,Nu raspunde,,,Ofertat,,,,,2.0%,,,
BOUTIQUE MARKET CME SRL,Bucuresti / Ilfov,Bucuresti,0762 748 896,20/9/2024,Montatori / Colaboratori,,"LEI     1,374.00",,Caretta,,,8017,,,,,,,,Vandut,1/10/2024,,7/10/2024,,1.0%,,,
Dragos Scurtulescu,Bucuresti / Ilfov,Sector 5,0 730 304 252,23/9/2024,OLX,,"LEI     2,652.00",,MX,,,RAL,,,,,,,,Pierdut,,,,,3.0%,,,
Florin Maier,Mures,Iermet,(074) 436-7314,23/9/2024,OLX,,"LEI     4,600.00",,MX,,,RAL,,,,,,,,Pierdut,,,,,3.0%,,,
Visan Octavian,Bucuresti / Ilfov,Cornetu,0 767 719 095,23/9/2024,"OLX, Birou",,"LEI     4,632.00",GARD,MX,MX 25,13.88,7016,0.6mm,Briliant,,,,,,Vandut,24/10/2024,LIVRAT,30/10/2024,,3.0%,,,
Cristian Cazacu,Bucuresti / Ilfov,Bucuresti,0727 112 321,23/9/2024,Birou,,"LEI     2,516.00",,"MX, Zebra",,,RAL,,,,3/12/2024,Revine in primavara. I-au cerut pe zidarie si confectie metalica 13000 lei.,,,Follow UP ( Negociere ),,,,,3.0%,,,
Vition Madalin,Bucuresti / Ilfov,Bucuresti,0765 278 792,24/9/2024,Birou,,"LEI     6,224.00",GARD,MX,MX 60 DUO,12.99,7016,0.6mm,Briliant,,8/10/2024,Saptamana viitoare vine cu avans,,,Vandut,11/10/2024,LIVRAT,24/10/2024,,2.0%,,,
Craiu Catalin,Bucuresti / Ilfov,Bragadiru,0770 288 612,25/9/2024,Birou,,"LEI     15,000.00",,MX,,,RAL,,,,,Preluat si vandut de,,,Pierdut,,,,,3.0%,,,
Gheorghe Vaduva,Giurgiu,Prundu,0049 160 92859611,25/9/2024,OLX,,"LEI     8,800.00",,MX,,,RAL,,,,,"A luat mai ieftin
",,,Pierdut,,,,,3.0%,,,
Cucuieteanu Florin,Calarasi,Vasilati,0729 970 170,25/9/2024,Birou,,"LEI     8,780.00",GARD,MX,MX 25 DUO,17.92,8017,0.6mm,Briliant,,,,,,Vandut,25/9/2024,LIVRAT,8/11/2024,,3.0%,,,
Cinaru Mariana,Bucuresti / Ilfov,Bragadiru,0734 328 037,25/9/2024,Birou,,"LEI     6,900.00",,MX,,,RAL,,,,21/10/2024,Nu raspunde,,,Ofertat,,,,,3.0%,,,
Culita Constantin,Constanta,Sinoe,0760 763 851,26/9/2024,OLX,,"LEI     7,586.00",GARD,MX,MX 60 DUO,15.84,7016,0.6mm,Briliant,,21/11/2024,,3/12/2024,,Vandut,6/12/2024,LIVRAT,17/12/2024,,2.0%,,,
Pencu Alin,Bucuresti / Ilfov,Pantelimon,0766 995 835,26/9/2024,OLX,,"LEI     2,844.00",GARD,MX,MX 25,13.78,7016,0.5mm,Mat,,,,,,Vandut,26/9/2024,LIVRAT,3/10/2024,,1.0%,,,
Alexandru Victor,Bucuresti / Ilfov,Sector 5,0774 625 561,26/9/2024,Birou,,"LEI     5,800.00",,MX,,,RAL,,,,,,,,Ofertat,,,,,3.0%,,,
Sin Costel,Bucuresti / Ilfov,Bragadiru,0769 396 530,26/9/2024,Birou,,"LEI     2,613.00",GARD,MX,MX 60 DUO,05.07,7016,0.6mm,Briliant,,,,,,Vandut,26/9/2024,LIVRAT,3/10/2024,,3.0%,,,
Dragos Ciobanu,Bucuresti / Ilfov,Popesti Leordeni,0722 579 893,27/9/2024,"OLX, Birou",,"LEI     13,275.00",GARD,MX,MX 25 DUO,35.91,8017,0.5mm,Mat,,,,,,Vandut,27/9/2024,LIVRAT,21/1/2025,,2.0%,,,
Silviu Moise,Bucuresti / Ilfov,Cornetu,0767 914 777,27/9/2024,Telefon,,"LEI     10,000.00",,MX,,,RAL,,,,22/10/2024,"Montator, confectii Al, vine sa vorbim vineri",,,Ofertat,,,,,1.0%,,,
ON TARGET SRL,Dolj,Murgasi,0727 352 749,7/10/2024,Telefon,,"LEI     14,785.00",GARD,MX,MX 25,66.24,7016,0.5mm,Mat,,,,,,Vandut,7/10/2024,LIVRAT,21/10/2024,,2.0%,,,
Manu Bogdan,Giurgiu,Calugareni,0770 892 400,8/10/2024,Client Vechi ( Completare ),,"LEI     7,711.00",,Caretta,,,RAL,,,,,"A platit Caretta 3005. Nu mai este disponibil, nu a vrut Wetterbest. A facut niste spumite...",,,Pierdut,8/10/2024,,,,3.0%,,,
Chirieci Sandu,Bucuresti / Ilfov,Bucuresti,0726 371 128,9/10/2024,Montatori / Colaboratori,,"LEI     2,350.00",GARD,MX,MX 25,7.50,8017,0.6mm,Briliant,,,,,,Vandut,9/10/2024,LIVRAT,11/10/2024,,2.0%,,,
Sandu Victor,Bucuresti / Ilfov,Domnesti,0726 079 845,9/10/2024,OLX,,"LEI     3,200.00",,MX,,,RAL,,,,,A luat din alta parte,,,Pierdut,,,,,3.0%,,,
Vlaicu Marian,Giurgiu,Gratia,0733  911 457,9/10/2024,Birou,,"LEI     7,615.00",GARD,MX,MX 60 DUO,15.90,9005,0.6mm,Briliant,,,,,,Vandut,15/10/2024,LIVRAT,31/10/2024,,3.0%,,,
Batraneanu Angela,Bucuresti / Ilfov,Bragadiru,0724 091 993,9/10/2024,Birou,,"LEI     2,610.00",ACOPERIS,Caretta,Daily,25.85,7024,0.5mm,Mat,,,,,,Vandut,9/10/2024,LIVRAT,15/10/2024,,3.0%,,,
ALEVA UNIVERSAL SRL,Bucuresti / Ilfov,Sector 6,0726 231 184,10/10/2024,Birou,,"LEI     2,329.00",GARD,MX,MX 25,7.17,7016,0.6mm,Briliant,,,,,,Vandut,10/10/2024,LIVRAT,18/10/2024,,3.0%,,,
Fatih,Brasov,Fagaras,0724 662 597,11/10/2024,OLX,,"LEI     1,872.00",,MX,,,RAL,,,,,Revine saptamana viitoare pentru comanda,,,Ofertat,,,,,3.0%,,,
Hussein Khalaily,Timis,Timisoara,0722 493 054,11/10/2024,OLX,,"LEI     10,670.00",GARD,MX,MX 60,33.26,8017,0.6mm,Briliant,,17/10/2024,"A revenit, dupa ce- Trimis la Bolocan, sa vada modelele. Voia modificari la jaluzele aluminiu",,,Vandut,27/11/2024,LIVRAT,6/12/2024,,2.0%,,,
Stupoare Ionel,Teleorman,Tiganesti,0787 734 800,11/10/2024,OLX,,"LEI     3,000.00",,MX,,,RAL,,,,24/10/2024,"E mult prea scump la noi, a ales alta firma care ii face si zidarie si porti",,,Pierdut,,,,,3.0%,,,
Neagoe Alexandru,Giurgiu,Cartojani,0767 216 336,11/10/2024,Telefon,,"LEI     3,600.00",,MX,,,RAL,,,,15/10/2024,"A pus scandura de lemn...
Oferta Halloween 7 %, bu-hu-hu",,,Pierdut,,,,,2.0%,,,
Petre Adrian,Bucuresti / Ilfov,Clinceni,0764 404 038,14/10/2024,Birou,,"LEI     10,765.00",GARD,MX,MX 25 DUO,25.63,8017,0.6mm,Briliant,,,,,,Vandut,14/10/2024,LIVRAT,23/10/2024,,1.0%,,,
Sandu Daniel,Giurgiu,Mogosesti,(074) 541-4678,14/10/2024,Birou,,"LEI     8,320.00",ACOPERIS,Caretta,Daily,72.74,3005,0.5mm,Mat,,,,,,Vandut,15/10/2024,LIVRAT,24/10/2024,,3.0%,,,
Ionescu Ioan,Bucuresti / Ilfov,Bucuresti,(072) 001-4426,14/10/2024,Birou,,LEI     317.00,,Caretta,,,8004,,,,,,,,Vandut,14/10/2024,,22/10/2024,,2.0%,,,
Nastase Marian,Bucuresti / Ilfov,Sector 5,0768 164 020,14/10/2024,Birou,,"LEI     10,528.00",,Caretta,,,RAL,,,,,A luat beneficiarul din alta parte Bilka,,,Pierdut,,,,,2.0%,,,
Eremia Vasile,Giurgiu,Bulbucata,076 9146 292,16/10/2024,Birou,,"LEI     9,144.00",,Caretta,,,RAL,,,,,"Gaju- masuratoare+ oferta
",,,Ofertat,,,,,3.0%,,,
Radio 101,,,0 735 286 271,17/10/2024,OLX,,"LEI     9,000.00",,MX,,,RAL,,,,,,,,Ofertat,,,,,3.0%,,,
Alexandru Cristi Maruntelu,,,0043 677 64880563,17/10/2024,OLX,,"LEI     1,000.00",,MX,,,RAL,,,,24/10/2024,"Ia in calcul si varianta lemn, inca nu s-a hotarat. Are de turnat stalpii, ne auzim",,,Ofertat,,,,,3.0%,,,
Danila Paul,Braila,Braila,0755 868 296,21/10/2024,"OLX, Client Vechi ( Completare )",,"LEI     1,723.00",GARD,MX,MX 25,6.97,7016,0.5mm,Mat,,,,,,Vandut,21/10/2024,LIVRAT,29/10/2024,,3.0%,,,
TAM TEAM SOLUTIONS SRL,Bucuresti / Ilfov,Ordoreanu,0 763 474 937,21/10/2024,Client Vechi ( Completare ),,LEI     751.00,ELEMENTE SPECIALE,MetallicGroup,,6.16,7016,0.5mm,Mat,,,,,,Vandut,21/10/2024,LIVRAT,29/10/2024,,3.0%,,,
Mircea,Bucuresti / Ilfov,Teghes,0726 352 934,22/10/2024,Telefon,,"LEI     7,000.00",,MX,,,RAL,,,,,,,,Pierdut,,,,,2.0%,,,
Huniadi,,Salaj,0748 070 425,23/10/2024,OLX,,,,MX,,,RAL,,,,,Nu mai face si minte ca o purcea,,,Pierdut,,,,,,,,
Luminita Blagan,Vrancea,,0753 960 808,24/10/2024,OLX,,"LEI     10,000.00",,MX,,,RAL,,,,,"A cerut oferta pe jaluzea si sipca, mai asteapta alte oferte",,,Follow UP ( Negociere ),,,,,2.0%,,,
GDS LEARNING CENTER S.R.L.,Bucuresti / Ilfov,Bragadiru,0721 281 988,24/10/2024,Birou,,"LEI     1,637.00",ACOPERIS,Wetterbest,Cutata,29.81,8004,0.5mm,Mat,,,,,,Vandut,,LIVRAT,,,,,,
Marius Alexe,Dolj,Craiova,0039 351 545 3876 / 0727 986 829,25/10/2024,OLX,,"LEI     5,000.00",,MX,,,RAL,,,,,"Trimis contactul lui Marius serban, montator DJ",,,Follow UP ( Negociere ),,,,,3.0%,,,
Badea Marius Stelica,Teleorman,Nasturelu,0769 882 072,25/10/2024,Telefon,,"LEI     7,410.00",GARD,MX,MX 25,22.80,9005,0.6mm,Briliant,,,,,,Vandut,25/10/2024,LIVRAT,19/11/2024,,3.0%,,,
Alina,Bihor,Oradea,(075) 907-4236,25/10/2024,OLX,,"LEI     5,000.00",,MX,,,RAL,,,,25/10/2024,Respins,,,Ofertat,,,,,3.0%,,,
Tunaru Constantin,Giurgiu,Iepuresti,0723 814 345,28/10/2024,Birou,,"LEI     4,168.00",GARD,MX,MX 25,12.83,8019,0.6mm,Briliant,,,,,,Vandut,28/10/2024,LIVRAT,5/11/2024,,3.0%,,,
Mocanu Ciprian,Bucuresti / Ilfov,,0727 921 576,28/10/2024,Cerere oferta site,,"LEI     18,000.00",,MX,,,RAL,,,,,transmis catre alex,,,Ofertat,,,,,3.0%,,,
Dan,Bucuresti / Ilfov,,0744 362 045,28/10/2024,Cerere oferta site,,,,,,,RAL,,,,,"as dori sa va trimit pe wapp un model de poarta dacă puteți sa îl realizati.
redirectionat catre alex deoarece vrea sa treaca pe la show-room",,,Contactat,,,,,,,,
Marius,Dolj,Craiova,0784 102 888,28/10/2024,,,"LEI     10,000.00",,MX,,,RAL,,,,,,,,Ofertat,,,,,,,,
Cioata Raul,Timis,Remetea Mare,0736 523 609,28/10/2024,,,"LEI     3,000.00",,,,,RAL,,,,,,,,Ofertat,,,,,,,,
BIOFRUCT ZEN SRL panouri casetat,Bucuresti / Ilfov,Vidra,0 734 713 308,29/10/2024,Birou,,"LEI     14,096.00",GARD,MX,MC 105,89.69,7016,0.5mm,Mat,,,"Ofertat 23.10
",,,Vandut,29/10/2024,LIVRAT,19/11/2024,,2.0%,,,
Surmei Stefan,Bacau,Bacau,0747 970 018,29/10/2024,OLX,,,,MX,,,RAL,,,,,,,,Contactat,,,,,,,,
Eremia Sebastian,Bucuresti / Ilfov,Magurele,0762 102 347 / 0764 002 853,29/10/2024,Birou,,"LEI     13,909.00",GARD,MX,MX 15 DUO,33.36,7016,0.5mm,Mat,,,"Ofertat in 15.04, interesat de zEBRA. L-am adus pe calea cea dreapta",,,Vandut,31/10/2024,LIVRAT,26/11/2024,,2.0%,,,
Matache,Bucuresti / Ilfov,,0746 020 080,30/10/2024,Cerere oferta site,,,,MetallicGroup,,,RAL,,,,,transmis catre alexandru,,,,,,,,,,,
Cojocaru Stefan,Bucuresti / Ilfov,Sect 2,0724 600 300,30/10/2024,Birou,,"LEI     5,316.00",,MX,,,9002,,,,,"2.12- Ne are pe agenda, momentan termina acoperisul si dupa aceea se ocupa de panourile de gard pt magazie",,,Vandut,1/11/2024,,,,3.0%,,,
BEST CONSTRUCTII EDITOR S.R.L. /Slavu Catalin,Bucuresti / Ilfov,Magurele,0770 495 850,30/10/2024,Birou,,"LEI     3,151.00",ACOPERIS,Wetterbest,Cutata,62.00,8017,0.5mm,Mat,,,,,,Vandut,31/10/2024,LIVRAT,19/12/2024,,3.0%,,,
Vodislav Cristian,Gorj,Targu Jiu,0727 886 655,30/10/2024,OLX,,"LEI     4,100.00",,MX,,,RAL,,,,13/12/2024,A facut in alta parte,,,Pierdut,,,,,2.0%,,,
Dorita Eugen,Bucuresti / Ilfov,Bucuresti,0 760 712 617,31/10/2024,Client Vechi ( Completare ),,"LEI     1,832.00",,Wetterbest,,,8019,,,,,Ofertat pe 28,,,Vandut,31/10/2024,,,,2.0%,,,
Ionel Nita,Bucuresti / Ilfov,Domnesti,0 729 688 708,31/10/2024,,,"LEI     9,000.00",,MX,,,RAL,,,,8/11/2024,Oferta Black Friday 14%😱,13/12/2024,Amana pe perimavara,Informatii,,,,,1.0%,,,
Coman Laurentiu,Bucuresti / Ilfov,Sector 1,0 737 113 435,31/10/2024,,,"LEI     7,487.00",GARD,MX,MX 60 DUO,15.63,7016,0.6mm,Briliant,,,,,,Vandut,1/11/2024,LIVRAT,14/11/2024,,2.0%,,,
Cosmin Pop,Bucuresti / Ilfov,UK,0771 0861 506,1/11/2024,Birou,,"LEI     14,508.00",GARD,MX,MX 25,40.30,7016,0.5mm,Mat,,,Ofertat 31.10,,,Vandut,1/11/2024,LIVRAT,6/11/2024,,3.0%,,,
Caloian Vasile,Galati,,0740 466 085,1/11/2024,OLX,,"LEI     5,000.00",,MX,,,RAL,,,,,,,,Ofertat,,,,,3.0%,,,
MATTGLADI COM S.R.L.,Bucuresti / Ilfov,Domnesti,0767 002 820,4/11/2024,Birou,,"LEI     13,973.00",GARD,MX,MX 25,67.70,7024,0.5mm,Mat,,,Ofertat 17.10,,,Vandut,4/11/2024,LIVRAT,18/11/2024,,1.0%,,,
Ardelean Ioan,Arad,Curtici,0727 051 406,4/11/2024,,,"LEI     2,000.00",,,,,RAL,,,,,,,,Ofertat,,,,,,,,
Alt Alexandru Croitoru,Bucuresti / Ilfov,Bragadiru,0729 102 955,5/11/2024,OLX,,"LEI     9,965.00",GARD,MX,MX 60,28.88,7016,0.6mm,Briliant,,,Ofertat 16.09,,,Vandut,5/11/2024,LIVRAT,11/11/2024,,3.0%,,,
Chiriac Matilda,Bucuresti / Ilfov,Domnesti,0 726 944 738,6/11/2024,Birou,,"LEI     3,635.00",GARD,MX,MX 25 DUO,07.09,7024,0.6mm,Briliant,,,Ofertat 18.10,,,Vandut,6/11/2024,LIVRAT,29/11/2024,,3.0%,,,
Prodesk,Bucuresti / Ilfov,,,6/11/2024,,,,,Bilka,,,RAL,,,,,,,,Vandut,,,,,,,,
Albei Cristian,Bucuresti / Ilfov,Bucuresti,0767 321 751,7/11/2024,Birou,,"LEI     2,150.00",GARD,MX,MX 25,6.62,7024,0.6mm,Briliant,,,,,,Vandut,18/11/2024,LIVRAT,28/11/2024,,3.0%,,,
Apart Domesticis SRL/ Cosmin Marginean,Sibiu,Cisnadie,0741 939 945,7/11/2024,Cerere oferta site,,"LEI     1,329.00",GARD,MX,MX 60 DUO,2.47,7016,0.6mm,Briliant,,,,,,Vandut,7/11/2024,LIVRAT,12/11/2024,,3.0%,,,
Robert Raducanu,Bucuresti / Ilfov,Sector 5,0785 749 898,8/11/2024,Birou,,"LEI     5,000.00",,MX,,,RAL,,,,2/12/2024,Inca e la fundatie,10/12/2024,Discount 7%,Follow UP ( Negociere ),,,,,2.0%,,,
Trandafir Viorel,Teleorman,CIOLANESTI DEAL,0 769 237 227,8/11/2024,Birou,,"LEI     8,531.00",ACOPERIS,Caretta,Daily,158.26,7024,0.5mm,Mat,,,Ofertat long time ago,,,Vandut,8/11/2024,LIVRAT,21/11/2024,,1.0%,,,
Negreanu Liviu,Salaj,Ciocmani,0742 633 257,11/11/2024,OLX,,"LEI     20,000.00",,MX,,,RAL,,,,,"A luat din alta parte, cu 6000 mai ieftin",,,Pierdut,,,,,3.0%,,,
Flori Boiangiu,Mehedinti,Drobeta-Turnu Severin,0752 072 008,11/11/2024,OLX,,"LEI     2,500.00",,MX,,,RAL,,,,,,,,Pierdut,,,,,3.0%,,,
Niculae Gheorghe,Calarasi,Razvani,0784 776 810,12/11/2024,Telefon,,"LEI     1,921.00",ACOPERIS,Caretta,,,8017,,,,,,,,Vandut,12/11/2024,LIVRAT,19/11/2024,,2.0%,,,
Craita Gabriel,Bucuresti / Ilfov,Sect 2,0724 040 765,13/11/2024,Birou,,"LEI     2,208.00",GARD,MX,MX 25,9.20,7016,0.5mm,Mat,,,Ofertat de mult,,,Vandut,13/11/2024,LIVRAT,14/12/2024,,3.0%,,,
Cosmin Tunari,Bucuresti / Ilfov,Tunari,0 731 924 293,13/11/2024,Client Vechi ( Completare ),,"LEI     10,000.00",,MX,,,RAL,,,,,,,,Ofertat,,,,,1.0%,,,
HABO DESIGN S.R.L.,Timis,Timisoara,0 755 955 655,13/11/2024,Montatori / Colaboratori,,"LEI     2,267.00",GARD,MX,MX 60,08.01,7016,0.6mm,Briliant,,,,,,Vandut,13/11/2024,LIVRAT,3/12/2024,,0.0%,,,
SC ASCENSORUL COMPANY SERVICE SRL Iancu Cristina,Bucuresti / Ilfov,Eroii Revolutiei,0 745 140 501,13/11/2024,Telefon,,"LEI     5,836.00",GARD,MX,MX 60 DUO,11.33,8017,0.6mm,Briliant,,,,,,Vandut,15/11/2024,LIVRAT,3/12/2024,,3.0%,,,
Hristea Daniela Maruta,Bucuresti / Ilfov,Bucuresti,0723 910 419,14/11/2024,Telefon,,LEI     280.00,,Caretta,,,7016,,,,,"Ofertat, vandut si livrat 8.11",,,Vandut,14/11/2024,,14/11/2024,,3.0%,,,
HABO DESIGN S.R.L.,Bucuresti / Ilfov,Timisoara,0 755 955 655,14/11/2024,Montatori / Colaboratori,,LEI     500.00,,,,,RAL,,,,,,,,Vandut,,,,,,,,
Lamba Viorica,Bucuresti / Ilfov,Varteju,0773 304 753/ 0771 396 524,15/11/2024,Birou,,"LEI     4,903.00",GARD,MX,MC 75,10.43,8019,0.6mm,Briliant,,,Ofertat 11.11,,,Vandut,15/11/2024,LIVRAT,3/12/2024,,3.0%,,,
Melinte Irina,Bucuresti / Ilfov,Bragadiru,0 735 928 385,15/11/2024,Birou,,LEI     443.00,,Caretta,,,7016,,,,,,,,Vandut,15/11/2024,,21/11/2024,,3.0%,,,
Cotuna Petru,Timis,Obad,0742 309 112,18/11/2024,Montatori / Colaboratori,,"LEI     3,424.00",GARD,MX,MX 25 DUO,7.46,7016,0.6mm,Briliant,,,,,,Vandut,22/11/2024,LIVRAT,5/12/2024,,1.0%,,,
Dragos Diaconu,Bucuresti / Ilfov,Sector 5,0722 503 837,18/11/2024,OLX,,"LEI     3,643.00",GARD,MX,MX 25 DUO,7.24,8017,0.6mm,Briliant,,,Ofertat 14.11.,,,Vandut,15/11/2024,LIVRAT,27/11/2024,,3.0%,,,
VENEO.RO TRADING S.R.L.,Teleorman,Rosiori,0722 377 375,19/11/2024,Birou,,"LEI     3,078.00",GARD,MX,MX 60 DUO,8.42,7016,0.5mm,Mat,,,Ofertat mai demult,,,Vandut,19/11/2024,LIVRAT,11/12/2024,,1.0%,,,
Tanase Traian,Bucuresti / Ilfov,Bucuresti,0723 012 527,19/11/2024,Birou,,"LEI     2,075.00",GARD,MX,MX 15,6.97,7016,0.5mm,Mat,,,,,,Vandut,19/11/2024,LIVRAT,10/12/2024,,3.0%,,,
Vrabie Gelu,Olt,Izbiceni,0735 026 074,19/11/2024,Birou,,LEI     605.00,,MX,,,RAL,,,,,,,,Ofertat,,,,,2.0%,,,
Cutuca Ionut,Bucuresti / Ilfov,,0735 836 585,20/11/2024,Birou,,LEI     94.00,,Caretta,,,8017,,,,,,,,Vandut,20/11/2024,,22/11/2024,,3.0%,,,
Constantin Stefan,Giurgiu,Popesti,0762 882 874,20/11/2024,Birou,,"LEI     7,000.00",,MX,,,RAL,,,,,,,,Ofertat,,,,,3.0%,,,
CONTUR SYSTEM S.R.L.,Bucuresti / Ilfov,Sector 4,0 723 574 118,20/11/2024,Telefon,,"LEI     2,454.00",GARD,MX,MX 25,9.21,7016,0.6mm,Briliant,,,,,,Vandut,20/11/2024,LIVRAT,4/12/2024,,0.0%,,,
Clima Air,Bucuresti / Ilfov,Clinceni,0765 348 695,21/11/2024,Client Vechi ( Completare ),,"LEI     1,670.00",ELEMENTE SPECIALE,MX,,13.69,7016,0.5mm,Mat,,,,,,Vandut,21/11/2024,LIVRAT,17/12/2024,,3.0%,,,
Sili Laurentiu,Bucuresti / Ilfov,Bucuresti,0745 304 797,21/11/2024,Birou,,LEI     176.00,,Caretta,,,8017,,,,,,,,Vandut,21/11/2024,,27/11/2024,,3.0%,,,
Toth Peter-Gabor,Bihor,Salonta,0740 675 609,21/11/2024,OLX,,"LEI     2,525.00",GARD,MX,MX 25,7.77,8017,0.6mm,Briliant,,,"Ofertat 30.09
",,,Vandut,21/11/2024,LIVRAT,5/12/2024,,3.0%,,,
Andreea Tudor,Bucuresti / Ilfov,Bucuresti,0728 800 358,22/11/2024,Telefon,,LEI     158.00,,Caretta,,,7016,,,,,,,,Vandut,22/11/2024,,27/11/2024,,3.0%,,,
Palacean Alexandru-Viorel,Bucuresti / Ilfov,Bucuresti,0721 786 416,29/11/2024,OLX,,"LEI     2,326.00",GARD,MX,MX 25,7.16,7016,0.6mm,Briliant,,,,,,Vandut,29/11/2024,LIVRAT,6/12/2024,,3.0%,,,
BIOFRUCT ZEN SRL,Bucuresti / Ilfov,,0 734 713 308,2/12/2024,Client Vechi ( Completare ),,"LEI     19,036.00",GARD,MX,MC 105,66.03,7016,0.5mm,Mat,,,,,,Vandut,2/12/2024,LIVRAT,14/1/2025,,2.0%,,,
BIOFRUCT ZEN SRL,Bucuresti / Ilfov,,0 734 713 308,2/12/2024,Client Vechi ( Completare ),,"LEI     4,028.00",GARD,Caretta,Traforat,,3005,3mm,Mat,,,,,,Vandut,2/12/2024,LIVRAT,14/1/2025,,2.0%,,,
Palacean Alexandru-Viorel,Bucuresti / Ilfov,Bucuresti,0721 786 416,2/12/2024,OLX,,"LEI     1,976.00",,MX,,,RAL,,,,,,,,Vandut,2/12/2024,,6/12/2024,,3.0%,,,
Albu Leonard Daniel,Prahova,Ploiesti,0721 577 530,2/12/2024,OLX,17.42,"LEI     2,916.00",GARD,MX,MX 25 DUO,8.00,8019,0.5mm,Mat,,6/12/2024,,,,Vandut,20/1/2025,LIVRAT,3/2/2025,,3.0%,,,
Eduard Potroi,Bucuresti / Ilfov,Bragadiru,0769 807 708,2/12/2024,Birou,,"LEI     6,494.00",,MX,,,RAL,,,,,,,,Pierdut,,,,,3.0%,,,
Munteanu Romeo,Bucuresti / Ilfov,Bragadiru,0733 155 304,2/12/2024,Birou,,"LEI     5,291.00",,MX,,,RAL,,,,,,,,Pierdut,,,,,3.0%,,,
GRINGO CONS INSTAL S.R.L.,Bucuresti / Ilfov,Clinceni,0765 348 695,3/12/2024,Birou,,"LEI     11,613.00",,Wetterbest,,165.78,7024,,,,,,,,Vandut,3/12/2024,,10/12/2024,,3.0%,,,
Stanciu Florin,Bucuresti / Ilfov,Bucuresti,0742 018 555,3/12/2024,Birou,,LEI     296.00,,Caretta,,,8004,,,,,,,,Vandut,3/12/2024,,10/12/2024,,3.0%,,,
Groza Cristina,Bucuresti / Ilfov,Bragadiru,0758 199 199,5/12/2024,Birou,,"LEI     8,749.00",,Caretta,,,RAL,,,,10/12/2024,"Vrea cutata dublu vopsita, dar i se pare foarte scump",,,Pierdut,,,,,3.0%,,,
Balazs Attila,,,0756 481 898,6/12/2024,OLX,,"LEI     10,000.00",,MX,,,RAL,,,,17/12/2024,"Nu mai raspunde vita
",12/3/2025,"Are niste probleme, deocamdata a amanat gardul",Follow UP ( Negociere ),,,,,2.0%,,,
Marius Constantin,Tulcea,Greci,0741 202 721,9/12/2024,OLX,,"LEI     4,200.00",,MX,,,RAL,,,,16/12/2024,"Discount 20%, cu avans 30% pana pe 20 dec
",12/3/2025,"Nu are inca gata stalpii, mai asteapta oferte si revine, eventual",Follow UP ( Negociere ),,,,,0.0%,,,
LAPOSI HAJNAL-REKA,Mures,Targu Mures,0743 910 672,9/12/2024,OLX,39.11,"LEI     5,432.00",GARD,MX,MX 25 DUO,16.23,7016,0.5mm,Mat,,,,,,Vandut,14/1/2025,LIVRAT,17/1/2025,,2.0%,,,
Feron Styl,Salaj,Zalau,0 745 223 927,9/12/2024,Montatori / Colaboratori,,"LEI     3,492.00",GARD,MX,MX 25,17.75,7016,0.5mm,Mat,,,,,,Vandut,13/12/2024,LIVRAT,17/1/2025,,0.0%,,,
Andreea Tudor,Bucuresti / Ilfov,Bucuresti,0728 800 358,12/12/2024,Telefon,,LEI     146.00,,Caretta,,,7016,,,,,,,,Vandut,12/12/2024,LIVRAT,4/2/2025,,3.0%,,,
Palacean Alexandru,Bucuresti / Ilfov,Bucuresti,0721 786 416,12/12/2024,"OLX, Client Vechi ( Completare )",,LEI     283.00,,MX,,,7016,,,,,,,,Vandut,12/12/2024,LIVRAT,17/1/2025,,3.0%,,,
Kocsis Alin Gabriel,Cluj,Floresti,0745 370 452,16/12/2024,OLX,19.88,"LEI     3,875.00",GARD,MX,MX 25,14.90,8019,0.6mm,Briliant,,,"Discount 20%, cu avans 30% pana pe 20 dec
",,,Vandut,19/3/2025,LISTAT,,,0.0%,,,
Andrei Robert,Mehedinti,Drobeta- Turnu Severin,0766 871 863,16/12/2024,OLX,,"LEI     6,600.00",,MX,,,RAL,,,,,"Discount 20%, cu avans 30% pana pe 20 dec
",12/3/2025,Momentan a amanat gardul,Follow UP ( Negociere ),,,,,2.0%,,,
Narcis Codrut,NEAMT,Piatra Neamt,0 752 477 733,18/12/2024,Montatori / Colaboratori,,"LEI     9,000.00",,MX,,,RAL,,,,,,,,Ofertat,,,,,0.0%,,,
Vieru Vasile,Bucuresti / Ilfov,Sector 5,0766 821 382,13/1/2025,Birou,,"LEI     9,227.00",ACOPERIS,Caretta,Daily,174.96,8019,0.5mm,Mat,,,,,,Vandut,13/1/2025,LIVRAT,4/2/2025,,3.0%,,,
Pencu Alin,Bucuresti / Ilfov,,0766 995 835,13/1/2025,Montatori / Colaboratori,,"LEI     3,000.00",,MX,,,RAL,,,,,,,,Ofertat,,,,,1.0%,,,
OTO PARK,Bucuresti / Ilfov,OTOPENI,0 773 901 942,13/1/2025,Client Vechi ( Completare ),120.13,"LEI     26,825.00",GARD,MX,MX 25,95.97,1015,0.6mm,Briliant,,,,,,Vandut,14/1/2025,LIVRAT,30/1/2025,,1.0%,,,
Palacean Alexandru-Viorel,Bucuresti / Ilfov,Bucuresti,0721 786 416,13/1/2025,Client Vechi ( Completare ),20.45,"LEI     4,997.00",GARD,MX,MX 25 DUO,14.71,7016,0.6mm,Briliant,,,,,,Vandut,13/1/2025,LIVRAT,17/1/2025,,3.0%,,,
Cristina Soviani,Bucuresti / Ilfov,,0762 268 959,13/1/2025,Birou,,,,MX,,,RAL,,,,5/2/2025,Nu raspunde,10/2/2025,"Nu raspunde
14.03- nu mai este interesata de oferta",Pierdut,,,,,,,,
Chirieci Sandu,Bucuresti / Ilfov,Magurele,0726 371 128,14/1/2025,Montatori / Colaboratori,12.42,"LEI     1,943.00",GARD,MX,MX 25,9.42,7016,0.5mm,Mat,,,,,,Vandut,14/1/2025,LIVRAT,16/1/2025,,1.0%,,,
Liliana Stan,Bucuresti / Ilfov,Chitila,(074) 070-5839,14/1/2025,Telefon,,,,MX,,,8019,,,,5/2/2025,Nu raspunde,,,Pierdut,,,,,,,,
CULITΑ CONSTANTIN II,Constanta,Sinoe,0760 763 851,14/1/2025,Client Vechi ( Completare ),32.77,"LEI     5,640.00",GARD,MX,MX 60 DUO,11.78,7016,0.6mm,Briliant,,,,,,Vandut,17/2/2025,LIVRAT,17/2/2025,checked,1.5%,,,
Cristi Beicus,Bucuresti / Ilfov,Ordoreanu,0760 763 851,14/1/2025,Birou,,"LEI     4,614.00",GARD,MX,MX 60 DUO,27.60,7016,0.6mm,Briliant,,,,,,Vandut,16/1/2025,LIVRAT,16/1/2025,,3.0%,,,
Levente,Salaj,Sarmasag,0049 172 3730389,14/1/2025,OLX,,,,MX,,,RAL,,,,5/2/2025,"Prin martie vine in tara, o sa aleaga ce e mai ieftin",6/3/2025,"Nu raspunde, nici pe 14.03, NICI PE 19",Pierdut,,,,,,,,
Dima Aurelian,Bucuresti / Ilfov,,0 744 538 487,15/1/2025,Telefon,,"LEI     1,900.00",,Caretta,,,RAL,,,,,,,,Pierdut,,,,,,,,
Gozman Gabriel,Salaj,,0741 532 998,15/1/2025,Montatori / Colaboratori,,,,MX,,,RAL,,,,,,,,Ofertat,,,,,,,,
CLIMA AIR SISTEM SRL,Bucuresti / Ilfov,Clinceni,0 765 348 695,15/1/2025,Client Vechi ( Completare ),,"LEI     1,005.00",ACOPERIS,Wetterbest,Click,10.80,7024,0.5mm,Mat,,,,,,Vandut,15/1/2025,LIVRAT,23/1/2025,,3.0%,,,
Feron Styl,Salaj,Zalau,0 745 223 927,15/1/2025,Montatori / Colaboratori,32.03,"LEI     3,849.00",GARD,MX,MX 25 DUO,12.77,9005,0.5mm,Mat,,,,,,Vandut,15/1/2025,LIVRAT,21/1/2025,checked,0.0%,,,
Dragos Coada,Giurgiu,Roata de Jos,0729 664 388,15/1/2025,Client Vechi ( Completare ),,"LEI     3,900.00",,Caretta,,,7016,,,,,,,,Ofertat,,,,,3.0%,,,
Dragos Ciobanu,Bucuresti / Ilfov,Popesti-Leordeni,0722 579 893,15/1/2025,Client Vechi ( Completare ),,"LEI     3,600.00",GARD,Caretta,Cutata,61.07,8019,0.5mm,Mat,,,,,,Vandut,16/1/2025,LIVRAT,22/1/2025,checked,3.0%,,,
INVERSLUC S.R.L.,Dambovita,Targoviste,0733 189 586,16/1/2025,Telefon,,"LEI     1,531.00",SISTEM PLUVIAL,Caretta,,,7016,0.5mm,Mat,,,,,,Vandut,16/1/2025,LIVRAT,28/1/2025,,1.0%,,,
Nicu,Bihor,Oradea,0745 772 421,16/1/2025,OLX,,,,MX,,,RAL,,,,,,,,Pierdut,,,,,,,,
Nenicons SRL,Bucuresti / Ilfov,Bucuresti,0722 623 103,17/1/2025,Birou,,"LEI     3,462.00",SISTEM PLUVIAL,Caretta,,,8017,0.6mm,Briliant,,,,,,Vandut,20/1/2025,LIVRAT,23/1/2025,,3.0%,,,
Molnar,Salaj,Zalau,0784 456 229,17/1/2025,OLX,,,,MX,,,RAL,,,,21/1/2025,Nu raspunde,5/2/2025,Nici pe 11.02 Nu raspunde,Pierdut,,,,,3.0%,,,
Activ Sud Electric,Giurgiu,Ghimpati,0769 605 235,17/1/2025,Birou,,"LEI     10,000.00",,MX,,,7016,,,,21/1/2025,"21.01 E la fundatie, revine cu cote. I-am dat 7%",10/2/2025,"6.03-Pentru moment nu mai face gardul.
Nu a terminat cu fundatia, a ramas fara meseriasi
",Follow UP ( Negociere ),,,,,2.0%,,,
Aurel,Teleorman,Rosiori,0766 657 959,17/1/2025,OLX,,,,MX,,,RAL,,,,10/2/2025,"Era cu furtunul in mana, revine in 20 min
",14/3/2025,"Nu a ajuns inca la tara, l-am informat ca 7016 mat este acum dublu vopsit
",Follow UP ( Negociere ),,,,,3.0%,,,
GLOBAL ON TARGET SRL,Dolj,Murgasi,0727 352 749,20/1/2025,Client Vechi ( Completare ),,LEI     590.85,GARD,MX,MX 25,4.55,7016,0.5mm,Mat,,,,,,Vandut,20/1/2025,LIVRAT,27/1/2025,checked,3.0%,,,
Cristi Beicus,Bucuresti / Ilfov,Ordoreanu,0722 431 013,20/1/2025,Client Vechi ( Completare ),,LEI     109.00,GARD,MX,MX 60 DUO,20.80,7016,0.6mm,Briliant,,,,,,Vandut,20/1/2025,LIVRAT,20/1/2025,,3.0%,,,
Palacean Alexandru,Bucuresti / Ilfov,Bucuresti,0721 786 416,20/1/2025,Client Vechi ( Completare ),,LEI     108.00,GARD,MX,MX 25,,7016,0.6mm,Briliant,,,,,,Vandut,20/1/2025,LIVRAT,23/1/2025,checked,,,,
Radacovici Mihai,Gorj,Sanatesti,0034 617 855 323,20/1/2025,OLX,,,,MX,,,RAL,,,,14/3/2025,"Nu raspunde
",19/3/2025,Nu raspunde,Ofertat,,,,,3.0%,,,
Stefan Saracut,Cluj,Floresti,0790 777 701,20/1/2025,"OLX, Client Vechi ( Completare )",25.41,"LEI     4,763.00",GARD,MX,MX 25,19.84,7016,0.5mm,Mat,,,,,,Vandut,21/1/2025,LIVRAT,27/1/2025,,3.0%,,,
Catalin Vas,Bucuresti / Ilfov,Voluntari,0 723 886 827,20/1/2025,OLX,,"LEI     5,000.00",GARD,MX,,,RAL,,,,14/3/2025,7% discount,19/3/2025,"Nu s-a hotarat, daca e revine...",Follow UP ( Negociere ),,,,,2.0%,,,
George,Salaj,Tihău,,20/1/2025,OLX,,"LEI     9,000.00",,MX,,,RAL,,,,,,,,Ofertat,,,,,3.0%,,,
URITESCU ADRIAN NICOLAE,hunedoara,Deva,(074) 722-7871,20/1/2025,OLX,,,,MX,,,RAL,,,,,,,,Ofertat,,,,,,,,
Sergiu,Bucuresti / Ilfov,,,20/1/2025,OLX,,,,MX,,,RAL,,,,,,,,Follow UP ( Negociere ),,,,,,,,
Victor,Bucuresti / Ilfov,,0769 661 633,20/1/2025,Google,,,,MX,,,RAL,,,,7/3/2025,"Momentan a renuntat la ideea de a face gardul, i-am trimis totusi video cu modelele noastre",,,Follow UP ( Negociere ),,,,,,,,
Claudia,Timis,Giarmata,0775 131 680,20/1/2025,OLX,,,,MX,,,RAL,,,,14/3/2025,"Nu este interesata de oferta noastra, discount 7%",,,Pierdut,,,,,,,,
Cristian Fotescu,Arad,Horia,0752 658 551,21/1/2025,OLX,,,,MX,,,RAL,,,,14/3/2025,"7% pana la 1 apr, pe whatsapp, tel inchis
",,,Follow UP ( Negociere ),,,,,2.0%,,,
Tudorache Constantin,Bucuresti / Ilfov,Sector 5,0722 418 347,21/1/2025,Birou,107.67,"LEI     23,378.00",GARD,MX,MX 25 DUO,46.52,3005,0.6mm,Briliant,,,,,,Vandut,21/1/2025,LIVRAT,12/3/2025,,3.0%,,,
Andrei,Bucuresti / Ilfov,Domnesti,0733 959 060,22/1/2025,OLX,,,,MX,,,RAL,,,,14/3/2025,"7% pana la 1 apr, pe whatsapp, nu a raspuns tel",,,Pierdut,,,,,2.0%,,,
HABO DESIGN,Timis,Timisoara,0 755 955 655,22/1/2025,Montatori / Colaboratori,13.11,"LEI     2,208.00",GARD,MX,MX 60,7.81,7016,0.6mm,Briliant,,,,,,Vandut,22/1/2025,LIVRAT,27/1/2025,,0.0%,,,
Stefan Mierlaru,Bucuresti / Ilfov,Sector 5,0744 931 060,22/1/2025,OLX,16.05,"LEI     1,166.00",GARD,MX,MX 25 DUO,3.24,9005,0.5mm,Mat,,,,,,Vandut,27/1/2025,LIVRAT,7/2/2025,,3.0%,,,
Tileanu Eugen,Bucuresti / Ilfov,Sector 5,0723 687 099,22/1/2025,Birou,19.02,"LEI     2,561.00",GARD,MX,MX 60 DUO,6.89,8017,0.5mm,Mat,,31/1/2025,In vreo 2 saptamani are gata ramele si vine,,,Vandut,5/3/2025,LIVRAT,6/3/2025,,2.0%,,,
Costica Gheorghe,Galati,Sendreni,0041 77 915 77 13,23/1/2025,OLX,,"LEI     9,000.00",,MX,,,7016,,,,6/3/2025,Nu raspunde,14/3/2025,"Nu s-a apucat de zidarie, nu a avut meseriasull timp.
7% disc, ne auzim luni",Follow UP ( Negociere ),,,,,2.0%,,,
Moisa,Arad,Pohani,0722 782 353,23/1/2025,,,,,MX,,,8017,,,,14/3/2025,A facut din beton 🤢,,,Pierdut,,,,,,,,
Simona Sfasie,Timis,Petroman,0765 816 916,23/1/2025,,,,,MX,,,RAL,,,,27/1/2025,Sambata merge Bolocan la masuratori,,A facut aluminiu,Pierdut,,,,,,,,
Pauna Maria,Dolj,Craiova,0786 135 937,23/1/2025,,,,,MX,,,RAL,,,,14/3/2025,"Nu mai e valabil
",,,Pierdut,,,,,,,,
MDL SMILE GOLDENBEL S.R.L.,Teleorman,Nanov,0762 607 286,27/1/2025,Client Vechi ( Completare ),18.50,"LEI     3,818.00",GARD,MX,MX 60,10.67,7016,0.6mm,Briliant,,,,,,Vandut,27/1/2025,LIVRAT,30/1/2025,,1.0%,,,
Pena Marian,Bucuresti / Ilfov,Branesti,0745 775 202,27/1/2025,Birou,90.36,"LEI     18,960.00",GARD,MX,MC 105,46.20,7024,0.6mm,Briliant,,,,,,Vandut,6/2/2025,LIVRAT,19/2/2025,checked,3.0%,,,
Mihai Mariniuc,Timis,Sacalaz,0726 066 450,27/1/2025,OLX,,,,MX,,,RAL,,,,7/3/2025,"Nu raspunde, Bolocan nu l-a sunat....",14/3/2025,A reconditionat gardul vechi,Pierdut,,,,,3.0%,,,
Marcu Daniela,Cluj,Cojocna,(075) 287-9658,27/1/2025,CEL.ro,,,,MX,,,RAL,,,,31/1/2025,Nu raspunde,11/2/2025,Nu raspunde,Pierdut,,,,,,,,
Valentin Geana,Gorj,Balanesti,0039 320 245 5482,27/1/2025,OLX,,"LEI     4,500.00",,MX,,,RAL,,,,14/3/2025,"7% pana la 1 apr, pe whatsapp, nu a raspuns tel",16/4/2025,"A luat de la cineva cu tot cu montaj, i-a dat 2500 eur",Pierdut,,,,,2.0%,,,
Dan Ionescu,Bucuresti / Ilfov,Balotesti,0722 627 627,28/1/2025,Recomandare,,"LEI     29,000.00",,MX,,,7016,,,,,,,,Pierdut,,,,,1.0%,,,
Dragos Ciobanu,Bucuresti / Ilfov,Popesti Leordeni,0722 579 893,28/1/2025,Client Vechi ( Completare ),,LEI     460.00,GARD,Caretta,Cutata,9.20,8019,0.5mm,Mat,,,,,,Vandut,28/1/2025,LIVRAT,3/2/2025,checked,3.0%,,,
Bogdan Dinu,Bucuresti / Ilfov,Sect 3,0770 619 035,28/1/2025,Birou,,LEI     73.00,SISTEM PLUVIAL,Caretta,,,3005,0.5mm,Lucios DUO,,,,,,Vandut,28/1/2025,LIVRAT,3/3/2025,,3.0%,,,
Andrei,Bistrita,,,28/1/2025,OLX,,,,MX,,,RAL,,,,,,,,Ofertat,,,,,3.0%,,,
Crisu Costinel,Giurgiu,Mihailesti,0766 193 112,29/1/2025,Birou,,"LEI     3,420.00",ACOPERIS,Wetterbest,Cutata,51.57,7016,0.5mm,Mat,,,,,,Vandut,29/1/2025,LIVRAT,31/1/2025,,3.0%,,,
Argesanu Marinel,Bucuresti / Ilfov,Jilava,0735 945 167,29/1/2025,Birou,,"LEI     10,000.00",,MX,,,8019,,,,6/3/2025,Nu raspunde,,,Follow UP ( Negociere ),,,,,2.0%,,,
Marian,Bucuresti / Ilfov,,0724 278 678,29/1/2025,Birou,,,,Caretta,,,RAL,,,,,,,,Ofertat,,,,,3.0%,,,
Neacsu Marian,Bucuresti / Ilfov,Berceni,0 725 218 800,29/1/2025,Birou,,"LEI     14,400.00",,Caretta,,,7016,,,,6/2/2025,"Inca n ue gata acoperisul, ne auzim saptamana viitoare. 
Cere avans pentru pastrare discount",28/2/2025,"Inca nu e gata acoperisul, l-au tot amanat
",Follow UP ( Negociere ),,,,,2.0%,,,
Gabi,,,,29/1/2025,Telefon,,"LEI     4,800.00",,Wetterbest,,,RAL,,,,,,,,Ofertat,,,,,3.0%,,,
Varzaru Victor,Bucuresti / Ilfov,,0723 324 472,30/1/2025,Birou,,"LEI     2,200.00",,Caretta,,,RAL,,,,,,,,Ofertat,,,,,3.0%,,,
Marin Cizmaru,Prahova,Ploiesti,0730 848 612,30/1/2025,OLX,,"LEI     9,800.00",,MX,,,7016,,,,25/2/2025,"Face pentru cineva, doar montaj.",11/4/2025,"A sosit ziua, astazi trimite cotele",Follow UP ( Negociere ),,,,,3.0%,,,
Oprita Marian,Bucuresti / Ilfov,Sect 4,0723 615 518,30/1/2025,Client Vechi ( Completare ),,"LEI     2,846.00",ELEMENTE SPECIALE,MetallicGroup,,,9002,0.6mm,Briliant,,,,,,Vandut,30/1/2025,LIVRAT,12/2/2025,,3.0%,,,
Cristina Dumitrescu,Giurgiu,Mihailesti,0743 511 956,30/1/2025,OLX,,"LEI     5,000.00",,MX,,,7016,,,,6/2/2025,"Maine vine la birou, discount 7% de Ziua Indragostitilor de Garduri
",25/2/2025,"Nu raspunde
I-am dat oferta de Gartisor pe Whatsapp (27.02), dupa ce mi-a respins.
Ulterior mi-a scris ca a rezolvat cu gardul",Pierdut,,,,,2.0%,,,
Butacu Claudiu,Sibiu,,,31/1/2025,OLX,,,,MX,,,RAL,,,,,,,,Informatii,,,,,3.0%,,,
Diana,Arad,United Kingdom,0044 7778 583184,31/1/2025,OLX,,,,MX,,,RAL,,,,,,,,Ofertat,,,,,,,,
Tanase Catalin,,,0 728 448 090,31/1/2025,Cerere oferta site,,,,MX,,,RAL,,,,20/3/2025,Nu raspunde,,,Contactat,,,,,,,,
Antonio Vitca /RENTPLAY SRL,Cluj,Cluj Napoca,0 722588230,31/1/2025,Cerere oferta site,27.12,"LEI     5,040.00",GARD,MX,MX 25,21.00,7016,0.5mm,Mat,,3/2/2025,Maine are cote finale,,,Vandut,4/2/2025,LIVRAT,6/2/2025,checked,3.0%,,,
Haimana Claudiu,Bucuresti / Ilfov,,0771 860 920,31/1/2025,Client Vechi ( Completare ),,LEI     427.00,ELEMENTE SPECIALE,MetallicGroup,,3.50,8019,0.5mm,Mat,,,,,,Vandut,31/1/2025,LIVRAT,11/2/2025,,3.0%,,,
Nicolae Florin,Bucuresti / Ilfov,,0 720 516 758,3/2/2025,OLX,,"LEI     10,000.00",,MX,,,RAL,,,,,"A achizitionat
",,,Pierdut,,,,,,,,
Chirieci Sandu,Bucuresti / Ilfov,,0726 371 128,3/2/2025,Montatori / Colaboratori,,"LEI     3,000.00",,MX,,,RAL,,,,,,,,Ofertat,,,,,1.0%,,,
Mardale,Teleorman,Tiganesti,0763 691 267,3/2/2025,OLX,,"LEI     2,500.00",,MX,,,RAL,,,,,,,,Ofertat,,,,,,,,
Alex Velicu,Bucuresti / Ilfov,Sector 6,0 740 101 438,3/2/2025,Google,,"LEI     9,000.00",,MX,,,7016,,,,28/2/2025,"Gartisor, discount 7%, valabil pana pe 8 martie",7/3/2025,"Nu profita de Gartisor, mai degraba asteapta Craciun. Mai dureaza...",Follow UP ( Negociere ),,,,,2.0%,,,
Petru,Brasov,,,3/2/2025,,,,,,,,RAL,,,,,,,,Ofertat,,,,,,,,
Angheluta Nicolae,Bucuresti / Ilfov,Berceni,0 763 624 818,3/2/2025,,,,,MX,,,RAL,,,,25/2/2025,Nu raspunde,27/3/2025,"Nu a facut gardul, ii vine si lui randul.
Revenire",Ofertat,,,,,3.0%,,,
Popescu Gheorghita,Dambovita,Targoviste,0767 403 457,3/2/2025,Cerere oferta site,,,,MX,,,RAL,,,,,,,,Ofertat,,,,,,,,
Oto Park,Bucuresti / Ilfov,Otopeni,0 773 901 942,3/2/2025,Client Vechi ( Completare ),52.72,"LEI     11,642.00",GARD,MX,MX 25,41.65,1015,0.6mm,Briliant,,,,,,Vandut,3/2/2025,LIVRAT,19/2/2025,checked,1.0%,,,
Paun,Bucuresti / Ilfov,Popesti Leordeni,0728 899 767,4/2/2025,OLX,,,,MX,,,RAL,,,,12/2/2025,,,,Ofertat,,,,,,,,
Francisc,,,,4/2/2025,Cerere oferta site,,,,MX,,,RAL,,,,,,,,Ofertat,,,,,,,,
Daniel Baitan,Satu Mare,Martinesti,0752 833 395,4/2/2025,OLX,,"LEI     25,000.00",,MX,,,RAL,,,,10/2/2025,Nu raspunde,,,Ofertat,,,,,,,,
Manta Marian,Vrancea,,,5/2/2025,OLX,,,,MX,,,RAL,,,,,,,,Contactat,,,,,,,,
Sa traiti,Prahova,,0722 119 865,5/2/2025,OLX,,,,MX,,,RAL,,,,,,,,Ofertat,,,,,,,,
Costin Barbu,Dambovita,Gaesti,0 765 663 535,5/2/2025,,,,,MX,,,RAL,,,,,,,,Ofertat,,,,,,,,
Andrei Georgian Alexandru,Bucuresti / Ilfov,Berceni,0738 210 904,5/2/2025,OLX,50.09,"LEI     7,519.00",GARD,MX,MX 25 DUO,20.72,8017,0.5mm,Mat,,,,,,Vandut,6/2/2025,LIVRAT,12/2/2025,checked,3.0%,,,
Antonio Vitca /RENTPLAY SRL,Cluj,Cluj Napoca,,5/2/2025,Client Vechi ( Completare ),,LEI     243.00,ELEMENTE SPECIALE,MetallicGroup,,1.52,7016,0.5mm,Mat,,,,,,Vandut,5/2/2025,LIVRAT,6/2/2025,checked,3.0%,,,
Sorin,Gorj,,,6/2/2025,OLX,,,,MX,,1.52,7016,,,,,,,,Contactat,,,,,,,,
Mihai Serban,,,,7/2/2025,Cerere oferta site,,,,MX,,,RAL,,,,,,,,Contactat,,,,,,,,
Marian Stanciu,Buzau,,0743 178 954,7/2/2025,OLX,,,,MX,,,7016,,,,10/2/2025,"Oferta de Valentine's 7%
",7/3/2025,"Re-re-re venireSuplimentar 7% peste cei 7, pana la 1 apr
",Follow UP ( Negociere ),,,,,1.0%,,,
PAVONI SERV CONSTRUCT SRL,Bucuresti / Ilfov,Sect 5,0744 931 060,7/2/2025,OLX,,"LEI     1,166.00",GARD,MX,MX 25 DUO,3.24,9005,0.5mm,Mat,,,,,,Vandut,7/2/2025,LIVRAT,7/2/2025,checked,3.0%,,,
Mihai Pricop,Prahova,Potigrafu,,7/2/2025,,,,,MX,,,RAL,,,,,,,,Contactat,,,,,,,,
Doncu Mihai,Bucuresti / Ilfov,,0733 757 185,7/2/2025,Client Vechi ( Completare ),,LEI     106.00,SISTEM PLUVIAL,Caretta,,,8017,0.6mm,Briliant,,,,,,Vandut,7/2/2025,LIVRAT,17/2/2025,checked,3.0%,,,
Szabo,Salaj,,0770 420 132,10/2/2025,,,,,MX,,,RAL,,,,,,,,Ofertat,,,,,3.0%,,,
Gyorfy,hunedoara,,,10/2/2025,,,,,MX,,,RAL,,,,,,,,Contactat,,,,,,,,
Ionut B,,,,10/2/2025,,,,,MX,,,RAL,,,,,,,,Contactat,,,,,,,,
Sorin,,,,10/2/2025,,,,,,,,RAL,,,,,,,,,,,,,,,,
Silviu Deac,Bucuresti / Ilfov,Berceni,0 771 418 386,10/2/2025,Lead Caretta,,,,MX,,,RAL,,,,,,,,Ofertat,,,,,3.0%,,,
Cosmin F,Bucuresti / Ilfov,Sector 5,0727 731 933,11/2/2025,,,,,MX,,,7016,,,,,,,,Ofertat,,,,,,,,
Marin George,Dolj,Isalnita,0764 583 251,11/2/2025,OLX,,,,MX,,,RAL,,,,,,,,Ofertat,,,,,,,,
Iulian Stoica,Bucuresti / Ilfov,,0761 330 212,11/2/2025,Birou,,,,MetallicGroup,,,RAL,,,,12/5/2025,Saptamana viitoare finalizeaza si va avea necesar,,,Follow UP ( Negociere ),,,,,3.0%,,,
Marian Gheorghe,Bucuresti / Ilfov,Otopeni,0723 863 066,12/2/2025,Cerere oferta site,,,,MX,,,RAL,,,,19/2/2025,"Nu raspunde
",28/2/2025,"Oferta 7% Gartisor, nu s-a hotarat daca face cu aluminiu sau otel
",Follow UP ( Negociere ),,,,,3.0%,,,
Mihaela Alecu,Sibiu,Sibiu,0787 252 122,12/2/2025,OLX,64.15,"LEI     8,599.00",GARD,MX,MX 60 DUO,,7016,0.5mm,Mat,,,,,,Vandut,17/2/2025,LIVRAT,20/2/2025,checked,2.0%,,,
Razvan,Timis,Mosnita,0765 515 570,13/2/2025,OLX,,,,MX,,,RAL,,,,,,,,Ofertat,,,,,,,,
Cristian Toma,Giurgiu,Zorile,(072) 088-4056,13/2/2025,Lead Caretta,,,,MX,,,RAL,,,,,,,,Ofertat,,,,,,,,
Ionel Nita,Bucuresti / Ilfov,Domnesti,0 729 688 708,13/2/2025,"OLX, Birou",37.29,"LEI     9,494.00",GARD,MX,MX 15,27.13,8017,0.6mm,Briliant,,12/5/2025,"Maine avem avans, vine la birou. I-am promis si o cafea buna☕",,,Vandut,13/5/2025,LIVRAT,30/5/2025,,3.0%,,,
MIM VISION EXPERT S.R.L.,Bucuresti / Ilfov,Voluntari,0727 277 430,13/2/2025,Telefon,,"LEI     1,105.00",SISTEM PLUVIAL,Caretta,,,8017,0.6mm,Briliant,,,,,,Vandut,14/2/2025,LIVRAT,2/6/2025,checked,3.0%,,,
Peptan Stefan,Bucuresti / Ilfov,Bucuresti,0769 536 623,14/2/2025,Birou,,LEI     80.00,,Caretta,,,7016,,,,,,,,Vandut,14/2/2025,,14/2/2025,checked,3.0%,,,
Petre,Maramures,,0740 503 380,14/2/2025,,,,,,,,RAL,,,,,,,,Ofertat,,,,,,,,
Gavrilescu Dumitru,Giurgiu,Caiseni,0 768 500 669,14/2/2025,,,"LEI     32,000.00",,Caretta,,,9005,,,,,,,,Ofertat,,,,,3.0%,,,
Doncu Mihai,Bucuresti / Ilfov,Sector 6,0733 757 185,17/2/2025,Client Vechi ( Completare ),,LEI     784.00,,Caretta,,,8017,,,,,,,,Vandut,17/2/2025,,,checked,1.0%,,,
Bratu,Brasov,,0745 493 494,17/2/2025,,,,,,,,RAL,,,,,,,,Ofertat,,,,,,,,
Cristi,Dolj,Unirea,,18/2/2025,OLX,,,,MX,,,RAL,,,,,,,,Ofertat,,,,,,,,
Oprea Marian,Bucuresti / Ilfov,Izvorani,0769 333 951,19/2/2025,Facebook,,,,MX,,,RAL,,,,,,,,Ofertat,,,,,3.0%,,,
Monica Duna,Bucuresti / Ilfov,Stefanestii de Jos,(076) 649-3365,19/2/2025,Facebook,,,,MX,,,RAL,,,,,,,,Contactat,,,,,,,,
Gabriela Preda,,,,20/2/2025,Cerere oferta site,,,,MX,,,RAL,,,,,,,,Ofertat,,,,,3.0%,,,
Stelica Militaru,Bucuresti / Ilfov,,0 766 653 914,20/2/2025,Client Vechi ( Completare ),,LEI     52.00,,Caretta,,,3011,,,,,,,,Vandut,20/2/2025,,3/3/2025,checked,3.0%,,,
Alexandru Ciubotariu,Timis,Timisoara,0722 858 579,20/2/2025,OLX,,,,MX,,,RAL,,,,25/2/2025,"Deocamdata nu face gardul, a intervenit altceva.",,,Follow UP ( Negociere ),,,,,3.0%,,,
Dorobantu Aurel,Bucuresti / Ilfov,Bragadiru,0762 857 782,20/2/2025,Birou,,,,Caretta,,,RAL,,,,,,,,Ofertat,,,,,3.0%,,,
Racu Florin,Sibiu,,0743 935 329,21/2/2025,CEL.ro,,,,MX,,,RAL,,,,,,,,Ofertat,,,,,1.0%,,,
Dumitru,Giurgiu,Bolintin Vale,0745 142 268,21/2/2025,OLX,,,,MX,,,RAL,,,,,,,,Ofertat,,,,,,,,
Balasz,Mures,Tarnaveni,0758 614 837,21/2/2025,OLX,,,,MX,,,RAL,,,,,,,,Pierdut,,,,,,,,
Patrianca Dan,Bucuresti / Ilfov,Cornetu,0727 990 642,21/2/2025,Birou,,"LEI     15,633.00",ACOPERIS,Wetterbest,Click,179.20,7016,0.5mm,Mat,,,,,,Vandut,26/2/2025,LIVRAT,3/3/2025,checked,2.0%,,,
George Tibuleac,Bihor,,0743 561 241,24/2/2025,OLX,,,,MX,,,7016,,,,,,,,Ofertat,,,,,1.0%,,,
Renghea Cristian,Dolj,Craiova,0787 374 835,24/2/2025,OLX,,,,MX,,,7016,,,,25/2/2025,"Mic dezvoltator, voia solutia completa. I-am dat 14%, pentru eventuale viitoare proiecte",,,Pierdut,,,,,3.0%,,,
Vieru Vasile,Bucuresti / Ilfov,Sector 5,0766 821 382,24/2/2025,Client Vechi ( Completare ),,LEI     318.00,ACOPERIS,Caretta,Daily,7.76,8019,0.5mm,Mat,,,,,,Vandut,24/2/2025,LIVRAT,5/3/2025,checked,3.0%,,,
Elena Etache,Bucuresti / Ilfov,Peris,0725 543 954,24/2/2025,Facebook,,,,MX,,,RAL,,,,25/2/2025,,,,Follow UP ( Negociere ),,,,,2.0%,,,
Badica,Bucuresti / Ilfov,,0722 586 093,24/2/2025,OLX,,,,MX,,,RAL,,,,,,,,Ofertat,,,,,3.0%,,,
?,,,0736 325 325,24/2/2025,OLX,,,,MX,,,RAL,,,,,,,,Ofertat,,,,,3.0%,,,
RENTPLAY SRL,Cluj,Cluj Napoca,0722 588 230,24/2/2025,Client Vechi ( Completare ),,LEI     314.00,GARD,MX,MX 25,1.10,7016,0.5mm,Mat,,,,,,Vandut,24/2/2025,LIVRAT,2/6/2025,checked,3.0%,,,
Vintila Marius,Maramures,,0753 683 708,24/2/2025,OLX,,"LEI     4,600.00",GARD,MX,,,7016,,,,14/4/2025,"REVENIRE!!! 
A revenit cu cote, face tac-su ramele, i-am transmis oferta si indicatii pentru rectangular",,,Follow UP ( Negociere ),,,,,3.0%,,,
Alin Grama,Timis,Timisoara,0761 872 271,24/2/2025,OLX,,,,MX,,,RAL,,,,,,,,Follow UP ( Negociere ),,,,,3.0%,,,
Elena Baltaretu,Bucuresti / Ilfov,Gruiu,0727 225 522,24/2/2025,OLX,19.55,"LEI     3,012.00",GARD,MX,MX 60 DUO,8.10,7016,0.5mm,Mat,,,,,,Vandut,3/3/2025,LIVRAT,31/3/2025,,3.0%,,,
Menghia Gelu,Galati,,,25/2/2025,OLX,,,,MX,,,RAL,,,,,,,,Ofertat,,,,,3.0%,,,
Adrian Spinu,Bucuresti / Ilfov,Berceni,0723 969 350,25/2/2025,"Recomandare, OLX, Cerere oferta site",37.63,"LEI     5,815.00",GARD,MX,MX 25 DUO,15.99,8017,0.5mm,Mat,,,,,,Vandut,26/2/2025,LIVRAT,4/3/2025,,3.0%,,,
Parvan,Timis,,0740 003 096,25/2/2025,OLX,,,,MX,,,7016,,,,26/2/2025,"Copiii trebuie sa hotarasca, ne anunta

",,,Follow UP ( Negociere ),,,,,2.0%,,,
Claudiu Nitescu,Dolj,Craiova,0742 847 355,25/2/2025,OLX,,,,MX,,,9005,,,,,,,,Ofertat,,,,,3.0%,,,
Avramescu Ion,Gorj,Tg Jiu,0758 909 773,26/2/2025,OLX,,,,MX,,,7016,,,,,,,,Ofertat,,,,,3.0%,,,
Cristu Gabriel,Bucuresti / Ilfov,Sect 3,0722 641 406,26/2/2025,Birou,,,,"MX, Zebra",,,7024,,,,,,,,Ofertat,,,,,3.0%,,,
Codrut Bradin,Arad,Cuvin,0755 410 618,27/2/2025,OLX,,,,MX,,,7016,,,,,,,,Ofertat,,,,,3.0%,,,
Blanaru Dumitru,Bucuresti / Ilfov,Bragadiru,0726 124 443 /0722 515 049,27/2/2025,Birou,59.60,"LEI     11,632.00",GARD,MX,MX 25 DUO,25.53,7016,0.6mm,Briliant,,6/3/2025,"Suna dupa 20.03, gardul in 3 trepte
",,,Vandut,26/3/2025,LIVRAT,15/4/2025,checked,2.0%,,,
Chioveanu Ionut / KEESYSTEMS SRL,Bucuresti / Ilfov,Bragadiru,0 724 248 253,27/2/2025,Birou,,"LEI     2,722.00",,MX,,,8017,,,,,,,,Ofertat,,,,,1.0%,,,
Cirdei Ionut,Timis,Mosnita,,27/2/2025,OLX,,,,MX,,,RAL,,,,,,,,Ofertat,,,,,,,,
Udrescu Petre,Gorj,Tg Jiu,0765 404 399,28/2/2025,OLX,,,,MX,,,8019,,,,,,,,Ofertat,,,,,3.0%,,,
Tarek Kayed,Bucuresti / Ilfov,Bucuresti,0 722 725 725,28/2/2025,Facebook,,,,MX,,,RAL,,,,,,,,Ofertat,,,,,3.0%,,,
David Valentin,Bucuresti / Ilfov,Balotesti,0729 168 613,3/3/2025,Facebook,,,,MX,,,RAL,,,,7/3/2025,"Oferta 14%, valabila pana  la 1 apr, trimis contact domnului 💩ciosu'
",11/3/2025,Oferta pe MX25 0.5,Follow UP ( Negociere ),,,,,1.0%,,,
Univers Grup,Bucuresti / Ilfov,Bucuresti,0740 648 566,3/3/2025,Birou,,"LEI     13,700.00",,"Wetterbest, Caretta",,,RAL,,,,8/4/2025,Nu raspunde,15/4/2025,Nu raspunde,Pierdut,,,,,3.0%,,,
Bianu Traian,Giurgiu,Valter Maracineanu,0726 722 242,3/3/2025,Birou,,"LEI     4,000.00",ACOPERIS,Wetterbest,Clasic,71.23,3005,0.5mm,Mat,,,,,,Vandut,3/3/2025,LIVRAT,5/3/2025,,3.0%,,,
Marian Costin,Giurgiu,Mihailesti,0734 825 594,3/3/2025,Birou,,"LEI     15,000.00",,MX,,,8017,,,,8/4/2025,"Nu raspunde
",9/4/2025,"💩ciosu'  nu a mers sa faca zidarie, zice ca sunt traficanti si mafioti. I-am dat contactul lui Marius- Crai",Pierdut,,,,,3.0%,,,
Mihaela Iacob,Bucuresti / Ilfov,,0771 257 719,4/3/2025,Telefon,,,,Zebra,,,RAL,,,,,,,,Pierdut,,,,,2.0%,,,
Alex,,,,4/3/2025,Montatori / Colaboratori,,,,MX,,,RAL,,,,,,,,Informatii,,,,,,,,
Gheorghiu Cosmin,Timis,Dumbravita,0766 290 447,4/3/2025,OLX,,"LEI     6,000.00",,MX,,,7016,,,,7/3/2025,"Discount 7%, valabil pana la 1 apr",,,Follow UP ( Negociere ),,,,,2.0%,,,
Marga,,,,4/3/2025,OLX,,,,MX,,,RAL,,,,,,,,Informatii,,,,,,,,
Chiriac Constantin,Bucuresti / Ilfov,Bragadiru,0766 290 447,4/3/2025,Birou,,"LEI     9,000.00",,MX,,,7016,,,,,,,,Pierdut,,,,,2.0%,,,
Jean Tantaru,Bucuresti / Ilfov,Bragadiru,0744 312 196,4/3/2025,Birou,,,,MX,,,RAL,,,,15/4/2025,"Scumpa manopera, i-am oferit disc 10%, la avans pana in Iepurila",20/5/2025,Inca nu s-a hotarat daca face aluminiu sau otel,Follow UP ( Negociere ),,,,,1.0%,,,
Bebe,,,,4/3/2025,Montatori / Colaboratori,,,,MX,,,RAL,,,,,,,,Informatii,,,,,,,,
Feron Styl,Salaj,Zalau,0 745 223 927,5/3/2025,Montatori / Colaboratori,11.18,"LEI     1,584.00",GARD,MX,MX 25,7.80,7016,0.5mm,Mat,,,,,,Vandut,5/3/2025,LIVRAT,7/3/2025,,1.0%,,,
Necula Alexandru,Arges,Dobresti,0758 010 168,5/3/2025,Telefon,,,,MX,,,RAL,,,,7/3/2025,"Discount 7%, pana la 1 apr
",8/4/2025,Nu mai face gardul,Pierdut,,,,,2.0%,,,
George Toma,Bucuresti / Ilfov,Sector 4,0724 169 496,5/3/2025,Telefon,,"LEI     7,000.00",,MX,,,RAL,,,,8/4/2025,"REVENIRE! HOT! In mai se apuca de turnat, transmite cote ulterior",20/5/2025,Inca nu s-a apucat de turnat,Follow UP ( Negociere ),,,,,3.0%,,,
Daniel,NEAMT,Irlanda,0035 389 209 4366,5/3/2025,Telefon,,,,"MX, Zebra",,,RAL,,,,16/4/2025,"Gard despartitor, vecinul nu dispune, il tot amana de 2 ani",,,Pierdut,,,,,3.0%,,,
Barbu Tudor,Bucuresti / Ilfov,Sector 5,0760 981 638,5/3/2025,Birou,,LEI     560.00,ACOPERIS,Caretta,Daily,12.17,3005,0.5mm,Mat,,,,,,Vandut,5/3/2025,,11/3/2025,,3.0%,,,
Ionut Balan,Bucuresti / Ilfov,,,5/3/2025,Montatori / Colaboratori,,,GARD,Zebra,Sipca gard,,8019,0.6mm,Briliant,,,,,,Vandut,,,,,0.0%,,,
Gherman Violeta,Arad,,0746 900 910,5/3/2025,OLX,,,,MX,,,RAL,,,,7/3/2025,Nu raspunde,8/4/2025,Nu raspunde,Pierdut,,,,,3.0%,,,
Ghita Tataru,Oradea,,0771 609 607,6/3/2025,OLX,,,,MX,,,RAL,,,,,Astept cote,,,Follow UP ( Negociere ),,,,,,,,
Mihaila Virgil,Bucuresti / Ilfov,Bucuresti,0771 610 645,6/3/2025,Birou,12.70,"LEI     2,260.00",GARD,MX,MX 25,9.42,8017,0.5mm,Mat,,,,,,Vandut,7/3/2025,LIVRAT,10/3/2025,,3.0%,,,
Chiriac Constantin,Bucuresti / Ilfov,,,6/3/2025,Birou,,,,Caretta,,,RAL,,,,,,,,Ofertat,,,,,3.0%,,,
Enache Marius,Giurgiu,Cartojani,0766 960 732,7/3/2025,Birou,,,,Wetterbest,,,RAL,,,,,,,,Pierdut,,,,,2.0%,,,
Ciubotaru Constantin,Constanta,Kogalniceanu,0723 026 905,7/3/2025,OLX,,"LEI     5,314.00",,MX,,,8017,,,,21/3/2025,Suna cand sunt gata stalpii si ne da avansul,15/4/2025,"Nu sunt gata stalpii, au plecat baietii care se ocupau, ne anunta cand sunt gata.",Follow UP ( Negociere ),,,,,3.0%,,,
Patrascu Alexandru,Giurgiu,Ghimpati,0042 0775521882,7/3/2025,Birou,,,,MX,,,RAL,,,,15/4/2025,Nu poate fi contacttat,,,Ofertat,,,,,3.0%,,,
Patrianca Dan,Bucuresti / Ilfov,Bucuresti,0727 990 642,10/3/2025,Client Vechi ( Completare ),,"LEI     1,367.00",,Wetterbest,,,7016,,,,,,,,Vandut,10/3/2025,,,,2.0%,,,
Mihaila Virgil,Bucuresti / Ilfov,Bucuresti,0771 610 645,10/3/2025,Client Vechi ( Completare ),,LEI     191.00,GARD,MX,,0.80,8017,,,,,,,,Vandut,,,,,3.0%,,,
Nenicons,Bucuresti / Ilfov,,,10/3/2025,Client Vechi ( Completare ),,,,Caretta,,,RAL,,,,,,,,Informatii,,,,,3.0%,,,
Tudorete Costica,Teleorman,,0765 677 887,10/3/2025,OLX,,,,Zebra,,,RAL,,,,15/4/2025,Suna cand are cadrul pentru sipca metalica gata,,,Follow UP ( Negociere ),,,,,3.0%,,,
Mihai Costea,Bucuresti / Ilfov,,0744 473 747,10/3/2025,"OLX, Birou",,"LEI     2,998.00",,MX,,,RAL,,,,,Nu raspunde,,,Pierdut,,,,,2.0%,,,
OTO PARK,Bucuresti / Ilfov,Otopeni,0 753 038 899,10/3/2025,Client Vechi ( Completare ),,LEI     203.00,,MX,,,1015,,,,,,,,Vandut,13/3/2025,,13/3/2025,,1.0%,,,
Laurentiu Bogdan,Bucuresti / Ilfov,Bragadiru,0771 738 335,11/3/2025,Birou,,"LEI     6,000.00",,Caretta,,,7016,,,,,,,,Follow UP ( Negociere ),,,,,3.0%,,,
Izabela Marin,,,,11/3/2025,,,,,,,,RAL,,,,,,,,Informatii,,,,,,,,
Ganea Ramona,Dolj,Predesti,0767 376 270,11/3/2025,,,,,MX,,,RAL,,,,,,,,Ofertat,,,,,,,,
Predoi Vasile,Bucuresti / Ilfov,Bucuresti,0726 742 160,11/3/2025,,,,,Caretta,,,8017,,,,,,,,Ofertat,,,,,,,,
Tanasa Cristian,,,,11/3/2025,OLX,,,,,,,RAL,,,,,,,,,,,,,,,,
Mitrica Georgiana,Bucuresti / Ilfov,Domnesti,0765 449 892,11/3/2025,Telefon,,,,"MX, Zebra",,,RAL,,,,,,,,Ofertat,,,,,3.0%,,,
Todi Andrei,Bucuresti / Ilfov,Bragadiru,0753 222 333,12/3/2025,Client Vechi ( Completare ),17.54,"LEI     4,478.00",GARD,MX,MX 60,12.98,7016,0.6mm,Briliant,,,,,,Vandut,12/3/2025,LIVRAT,18/3/2025,,3.0%,,,
Tudorache Constantin,Bucuresti / Ilfov,Bragadiru,0722 418 347,12/3/2025,Client Vechi ( Completare ),,LEI     161.00,ELEMENTE SPECIALE,MetallicGroup,,0.88,3005,0.6mm,Briliant,,,,,,Vandut,12/3/2025,LIVRAT,12/3/2025,,3.0%,,,
Oancea Marian,Braila,Chiscani,0755 957 251,12/3/2025,OLX,,,,MX,,,RAL,,,,,,,,Ofertat,,,,,3.0%,,,
Iurascu Victor,,,0726 775 063,12/3/2025,OLX,,,,MX,,,RAL,,,,,,,,Ofertat,,,,,3.0%,,,
Marin Cristian,,,0725 589 470,12/3/2025,Birou,,,,MX,,,RAL,,,,,,,,Ofertat,,,,,3.0%,,,
Gadea Cristian,Bucuresti / Ilfov,Sector 6,0 757 450 137,12/3/2025,Birou,6.78,"LEI     1,103.00",GARD,MX,MX 60,4.16,8017,0.5mm,Mat DUO,,,,,,Vandut,4/4/2025,LIVRAT,10/4/2025,checked,3.0%,,,
Vladu Florica,Bucuresti / Ilfov,Bragadiru,0745 089 922,12/3/2025,Birou,29.96,"LEI     4,858.00",GARD,MX,MX 15,19.48,8017,0.5mm,Mat DUO,,,,,,Vandut,17/3/2025,LIVRAT,21/3/2025,,1.0%,,,
Tudorache Constantin,Bucuresti / Ilfov,Bragadiru,0722 418 347,12/3/2025,Client Vechi ( Completare ),,LEI     622.00,ELEMENTE SPECIALE,MetallicGroup,,3.76,3005,0.6mm,Briliant,,,,,,Vandut,12/3/2025,LIVRAT,18/3/2025,,3.0%,,,
Marcu Vasile,Constanta,Corabia,0768 001 204,13/3/2025,Facebook,,,,MX,,,9005,,,,,,,,Ofertat,,,,,1.0%,,,
Pitus Nicusor,Giurgiu,Cartojani,0730 923 782,13/3/2025,Client Vechi ( Completare ),,LEI     312.00,,Caretta,,,3005,,,,,,,,Vandut,13/3/2025,,,,3.0%,,,
Sitaru Adrian,Mehedinti,Drobeta Turnu Severin,0 745 776 088,13/3/2025,Cerere oferta site,,,,MX,,,RAL,,,,,,,,Ofertat,,,,,3.0%,,,
Mihai,Bucuresti / Ilfov,Sector 3,0720 917 204,13/3/2025,OLX,,,,MX,,,RAL,,,,,,,,Ofertat,,,,,3.0%,,,
Marius,Giurgiu,Mihailesti,0729 226 710,14/3/2025,Birou,,,,MX,,,7016,,,,,,,,Ofertat,,,,,3.0%,,,
Badica Ion,Giurgiu,Bila,0722 881 345,14/3/2025,Birou,,"LEI     4,125.00",,Zebra,,,8019,,,,,,,,Follow UP ( Negociere ),,,,,3.0%,,,
Constantin,Giurgiu,Baneasa,,14/3/2025,OLX,,,,MX,,,7016,,,,,,,,Ofertat,,,,,3.0%,,,
Adrian,,,,14/3/2025,OLX,,,,MX,,,RAL,,,,,,,,Informatii,,,,,3.0%,,,
Cirstea Titi,Timis,,0770 849 261,14/3/2025,OLX,,,,MX,,,9005,,,,21/5/2025,"Se bazeaza pe finante de la baiatul care lucreaza in Anglia, momentan nu sunt bani.",,,Ofertat,,,,,3.0%,,,
Cristi Bala,Dolj,,0743 818 181,14/3/2025,OLX,,,,MX,,,7016,,,,,,,,Ofertat,,,,,3.0%,,,
Mirea Viorel,Bucuresti / Ilfov,Domnesti,,Alexandru Croitoru,17/3/2025,,,,,MX,,,RAL,,,,,,,,Ofertat,,,,,3.0%,,
Turnea Florin,Caras-Severin,Caransebes,0735 634 028,17/3/2025,OLX,,,,MX,,,RAL,,,,,,,,Ofertat,,,,,3.0%,,,
Oprea Marius Constantin,Bucuresti / Ilfov,,0731 924 293,17/3/2025,Montatori / Colaboratori,18.97,"LEI     2,675.00",GARD,MX,MX 60 DUO,6.99,8017,0.5mm,Mat,,,,,,Vandut,4/4/2025,LIVRAT,9/4/2025,,2.0%,,,
Marian Tanase,Bucuresti / Ilfov,,0 761 668 781,17/3/2025,Birou,,,,Wetterbest,,,RAL,,,,,,,,Ofertat,,,,,3.0%,,,
Pena Marian,Bucuresti / Ilfov,,0745 775 202,17/3/2025,Client Vechi ( Completare ),,LEI     52.00,ELEMENTE SPECIALE,MetallicGroup,,0.38,7024,0.6mm,Briliant,,,,,,Vandut,17/3/2025,LIVRAT,17/3/2025,,3.0%,,,
NENICONS,Bucuresti / Ilfov,,0722 623 103,17/3/2025,Client Vechi ( Completare ),,"LEI     3,262.00",ACOPERIS,Caretta,Daily,18.40,8017,0.6mm,Briliant,,,,,,Vandut,3/4/2025,LIVRAT,9/4/2025,,3.0%,,,
Cristian Necula,Bucuresti / Ilfov,,0735 437 299,17/3/2025,Recomandare,15.13,"LEI     2,781.00",GARD,MX,MX 60 DUO,6.30,7016,0.6mm,Briliant,,,,,,Vandut,24/3/2025,LIVRAT,18/6/2025,,2.0%,,,
Stefan,,,,18/3/2025,OLX,,,,MX,,,RAL,,,,,,,,Informatii,,,,,3.0%,,,
Valentina,,,,18/3/2025,OLX,,,,MX,,,RAL,,,,,,,,Contactat,,,,,,,,
banatanayan,hunedoara,,,18/3/2025,OLX,,,,MX,,,RAL,,,,,,,,Contactat,,,,,,,,
Marius,COVASNA,,0759 157 114,18/3/2025,OLX,,,,MX,,,RAL,,,,,,,,Ofertat,,,,,3.0%,,,
Ladislau,hunedoara,,0758 637 522,18/3/2025,OLX,,,,MX,,,RAL,,,,,,,,Ofertat,,,,,,,,
George Bolocan,Timis,Timisoara,0 755 955 655,18/3/2025,Montatori / Colaboratori,4.15,,GARD,MX,MX 25,2.56,8019,0.6mm,Briliant,,,,,,Ofertat,,LIVRAT,25/3/2025,,1.0%,,,
Gica Rotaru,Mehedinti,Orsova,,18/3/2025,OLX,,,,MX,,,RAL,,,,,,,,Contactat,,,,,,,,
Florea Alexandru,Constanta,Corbu,0744 347 138,18/3/2025,OLX,,,,MX,,,RAL,,,,22/4/2025,"10 % disc, pana la 1 mai. E mai complicat decat a crezut, ii trebuie autorizatii pentru gard.
",,,Follow UP ( Negociere ),,,,,,,,
Danila Bogdan,Bucuresti / Ilfov,,0 726 808 355,18/3/2025,Telefon,,LEI     74.00,GARD,MX,MX 60,0.46,7016,0.6mm,Briliant,,,,,,Ofertat,,,,,3.0%,,,
Voicu Liviu,Bucuresti / Ilfov,,0767 286 852,18/3/2025,Birou,,,,Zebra,,,RAL,,,,,,,,Ofertat,,,,,3.0%,,,
Popa Daniel,Olt,,0766 722 741,18/3/2025,Cerere oferta site,,,,MX,,,RAL,,,,,,,,Ofertat,,,,,2.0%,,,
Robert Dumitrescu,,,,19/3/2025,,,,,MX,,,RAL,,,,,,,,Informatii,,,,,,,,
Eugen,,,0729 603 366,19/3/2025,,,,,MX,,,RAL,,,,,,,,Ofertat,,,,,,,,
ekterynegala,,,,19/3/2025,OLX,,,,MX,,,RAL,,,,,,,,Informatii,,,,,,,,
Nemes,Mures,Targu Mures,0747 771 518,19/3/2025,,,,,,,,RAL,,,,,,,,Ofertat,,,,,,,,
Nica Anghel,Teleorman,Zimnicea,0760 249 438,19/3/2025,Birou,,"LEI     3,000.00",,MX,,,7024,,,,,,,,Follow UP ( Negociere ),,,,,3.0%,,,
Andone Ciprian,,,,19/3/2025,Birou,,,,Caretta,,,RAL,,,,,,,,Pierdut,,,,,,,,
Chelaru George,,,,19/3/2025,OLX,,,,,,,RAL,,,,,,,,,,,,,,,,
Albert Tomasevschi,,,0724 430 177,19/3/2025,Birou,,,,MX,,,RAL,,,,,,,,Pierdut,,,,,3.0%,,,
Deak,,,,20/3/2025,OLX,,,,MX,,,RAL,,,,,,,,Informatii,,,,,3.0%,,,
Radu Balcu,Bucuresti / Ilfov,Otopeni,0 728 877 800,20/3/2025,Recomandare,1.37,LEI     274.00,GARD,MX,MX 25,0.84,1015,0.6mm,Briliant,,,,,,Vandut,24/3/2025,LIVRAT,28/3/2025,,3.0%,,,
Alin Orban,Bihor,Oradea,0745 087 576,20/3/2025,OLX,,,,MX,,,RAL,,,,24/3/2025,"Nu raspunde, i-am trimis oferta cu discount 7%
",,,Ofertat,,,,,2.0%,,,
Claudiu,Bucuresti / Ilfov,Sector 5,0722 121 653,20/3/2025,,,,,MX,,,RAL,,,,,,,,Ofertat,,,,,,,,
Pencu Alin,Bucuresti / Ilfov,,0766 995 835,21/3/2025,,,,,MX,,,RAL,,,,,,,,Ofertat,,,,,,,,
Pencu Alin,Bucuresti / Ilfov,,0766 995 835,21/3/2025,,,,,MX,,,RAL,,,,,,,,Ofertat,,,,,,,,
Ionut Atudosiei,Giurgiu,Mihailesti,0724 610 617,21/3/2025,,,,,MX,,,RAL,,,,,,,,Ofertat,,,,,,,,
Branila Marian,Bucuresti / Ilfov,Sector 5,0724 278 678,24/3/2025,Birou,,"LEI     1,792.00",GARD,Caretta,Cutata,27.95,7016,0.5mm,Mat DUO,,,,,,Vandut,24/3/2025,LIVRAT,27/3/2025,,3.0%,,,
Branila Marian,Bucuresti / Ilfov,Sector 5,0724 278 678,24/3/2025,Birou,,"LEI     1,397.00",GARD,Caretta,Cutata,27.95,7016,0.5mm,Mat,,,,,,Vandut,24/3/2025,LIVRAT,27/3/2025,,3.0%,,,
Calota Ionut,Bucuresti / Ilfov,Bragadiru,0721 077 786,24/3/2025,Birou,,,,MX,,,RAL,,,,,,,,Pierdut,,,,,3.0%,,,
Vasile Avadanei,Maramures,Somcuta Mare,0740 895 032,24/3/2025,OLX,,,,MX,,,RAL,,,,,,,,Ofertat,,,,,3.0%,,,
HABO DESIGN S.R.L.,Timis,Timisoara,0 755 955 655,24/3/2025,Montatori / Colaboratori,16.32,"LEI     3,234.00",GARD,MX,MX 25,12.13,7016,0.6mm,Briliant,,,,,,Vandut,24/3/2025,LIVRAT,1/4/2025,,1.0%,,,
Dorobantu Alexandrina,Teleorman,,,24/3/2025,,,,,MX,,,RAL,,,,,,,,Ofertat,,,,,,,,
Radu Furtuna,Bucuresti / Ilfov,Bragadiru,0 748 452 490,25/3/2025,Teren,,,,,,,RAL,,,,,,,,Pierdut,,,,,,,,
Flavius,Maramures,Sighetu Marmatiei,,25/3/2025,OLX,,"LEI     2,200.00",,MX,,,RAL,,,,,,,,Ofertat,,,,,3.0%,,,
Nelu Slaveanu,,,,25/3/2025,,,LEI     640.00,,MetallicGroup,,,RAL,,,,,,,,,,,,,3.0%,,,
Habo Design,Timis,Timisoara,,25/3/2025,,,LEI     500.00,,MX,,,8019,,,,,,,,Vandut,,,,,,,,
Toma Marius,Bucuresti / Ilfov,Bucuresti,0762 780 830,25/3/2025,,,"LEI     2,300.00",,,,,RAL,,,,,,,,Ofertat,,,,,,,,
Sava Vasile,Bucuresti / Ilfov,Bucuresti,0724 302 663,25/3/2025,,,,,MX,,,RAL,,,,,,,,Ofertat,,,,,,,,
Andrei Filioreanu,Bucuresti / Ilfov,Bragadiru,0722 190 522,25/3/2025,Birou,71.52,"LEI     13,863.00",GARD,MX,MX 25 DUO,31.89,8019,0.6mm,Briliant,,,,28/3/2025,"Am cerut avans, dupa care masuratori. Luni se prezinta, impreuna cu vecinul pentru stabilirea ultimelor detalii: culoare, finisaj",Vandut,31/3/2025,LIVRAT,9/4/2025,,1.0%,,,
Dan Voicu,Bucuresti / Ilfov,Balotesti,0 723 264 345,25/3/2025,,,,,MX,,,RAL,,,,,,,,Ofertat,,,,,,,,
Oana Lungu,Bucuresti / Ilfov,Peris,0 786 572 273,25/3/2025,Facebook,,,,MX,,,RAL,,,,,,,,Ofertat,,,,,3.0%,,,
Cosmin,Bucuresti / Ilfov,,0731 924 293,25/3/2025,Montatori / Colaboratori,,,,MX,,,RAL,,,,,,,,Ofertat,,,,,2.0%,,,
Tony,,,44 7958 100079,26/3/2025,OLX,,,,,,,RAL,,,,,,,,Ofertat,,,,,,,,
Stan Cristina,Gorj,Targu Jiu,0784 220 090,26/3/2025,OLX,,,,,,,RAL,,,,,,,,Ofertat,,,,,,,,
Mihai Costea,Bucuresti / Ilfov,Bragadiru,0744 473 747,26/3/2025,Birou,,,,MX,,,RAL,,,,,,,,Pierdut,,,,,,,,
Mihai Costea,Bucuresti / Ilfov,Bragadiru,0744 473 747,26/3/2025,Birou,,,,Caretta,,,RAL,,,,16/4/2025,Dupa Pasti,,,Follow UP ( Negociere ),,,,,,,,
Horia Indolean,Cluj,Cluj Napoca,(075) 222-2650,26/3/2025,Facebook,,,,MX,,,RAL,,,,,,,,Ofertat,,,,,,,,
Dumitru Nicolae,Giurgiu,Mihailesti,0765 591 565,26/3/2025,Birou,8.51,"LEI     1,458.00",GARD,MX,MX 25,06.08,8017,0.5mm,Mat DUO,,28/3/2025,"A vorbit cu fiica-sa, care e plecata din tara si a zis ca cauta ea",,,Vandut,4/4/2025,LIVRAT,9/4/2025,,3.0%,,,
Dobre Adrian,Gorj,,0039 380 181 0561,26/3/2025,OLX,,,GARD,MX,,,RAL,,,,,,,,Ofertat,,,,,3.0%,,,
Gabi,Maramures,,0764 425 454,26/3/2025,OLX,,,,MX,,,RAL,,,,28/3/2025,"I-am dat 14% si l-am pus in legatura cu Marian Borca, montator MM",,,Pierdut,,,,,1.0%,,,
Silviu Moise,Bucuresti / Ilfov,Cornetu,0 767 914 777,27/3/2025,Montatori / Colaboratori,,,,,,,RAL,,,,,,,,Ofertat,,,,,1.0%,,,
Lincan Constantin,Giurgiu,Bulbucata,0720 824 524,27/3/2025,Client Vechi ( Completare ),,"LEI     13,957.00",ACOPERIS,Caretta,Daily,110.70,3005,0.5mm,Mat,,10/4/2025,"REVENIRE cu discount, zilele astea ar trebui sa vina la sediu
A intrebat pret montaj la 2 ape ( 22 lei/mp)",4/6/2025,Nu raspunde📞,Vandut,25/6/2025,,,,3.0%,,,
Graur Elena,Bucuresti / Ilfov,Sector 2,0724 335 109,27/3/2025,Recomandare,,"LEI     6,000.00",,MX,,,7016,,,,,,,,Follow UP ( Negociere ),,,,,3.0%,,,
Mariana Olteanu,Bucuresti / Ilfov,,0786 834 372,27/3/2025,Client Vechi ( Completare ),,LEI     396.00,SISTEM PLUVIAL,Caretta,,,3005,0.6mm,Briliant,,,,,,Vandut,2/4/2025,LIVRAT,17/9/2025,,3.0%,,,
Florin,,,,28/3/2025,,,,,,,,7024,,,,,,,,Vandut,,,,,,,,
Paul Seica,Bucuresti / Ilfov,,0787 766 755,28/3/2025,Birou,,,,MX,,,RAL,,,,,,,,Ofertat,,,,,3.0%,,,
Alexandru BRICIU,Bucuresti / Ilfov,Sector 3,0724.55.09.88,28/3/2025,Cerere oferta site,,"LEI     1,400.00",,Fakro,,,RAL,,,,,,,,Ofertat,,,,,3.0%,,,
Baraca Iuliana,,,,28/3/2025,,,,,,,,RAL,,,,,,,,Contactat,,,,,,,,
Cosmin,Bucuresti / Ilfov,,,28/3/2025,OLX,,,,MX,,,RAL,,,,,,,,Contactat,,,,,,,,
Alin,,,,28/3/2025,OLX,,,,MX,,,RAL,,,,,,,,Contactat,,,,,,,,
Gageata Doru,Gorj,,,28/3/2025,OLX,,,,MX,,,RAL,,,,,,,,Contactat,,,,,,,,
Braga Laurentiu,Calarasi,Vasilati,0 763 658 453,28/3/2025,Montatori / Colaboratori,17.89,"LEI     2,086.00",GARD,MX,MX 25 DUO,07.07,8017,0.5mm,Mat,,,,,,Vandut,31/3/2025,LIVRAT,4/4/2025,,1.0%,,,
Valentina,,,,28/3/2025,,,,,MX,,,RAL,,,,,,,,,,,,,,,,
Costi,Iasi,Pascani,44 787 564 2002,,,Alexandru Croitoru,28/3/2025,,,,,,MX,,,RAL,,,,,,,,Ofertat,,,,
Emanuela Dumitrache,,,0 731 057 112,31/3/2025,Telefon,,,,MX,,,RAL,,,,,,,,Ofertat,,,,,3.0%,,,
Marin Ionita,Galati,,0 751 183 757,31/3/2025,OLX,,"LEI     13,000.00",,MX,,,7016,,,,31/3/2025,"E in Belgia, studiaza oferta
",,,Ofertat,,,,,2.0%,,,
Lucian,Gorj,Targu Jiu,0764 352 448,31/3/2025,,,,,,,,RAL,,,,,,,,Ofertat,,,,,3.0%,,,
Paraschiv Catalin,Constanta,Cumpana,0760 041 184,31/3/2025,,,"LEI     1,800.00",,,,,RAL,,,,,,,,Ofertat,,,,,3.0%,,,
Cristi Munteanu,,,0723 496 380,31/3/2025,,,"LEI     119,000.00",,,,,RAL,,,,,,,,Ofertat,,,,,1.0%,,,
Razvan Dumitrascu,Teleorman,,0768 927 455,31/3/2025,,,"LEI     2,900.00",,MX,,,RAL,,,,,,,,Ofertat,,,,,3.0%,,,
Sergiu Pavalusca,Iasi,Pascani,34 602 58 96 68,31/3/2025,,,"LEI     6,200.00",,MX,,,7016,,,,,,,,Ofertat,,,,,3.0%,,,
Iuli,Constanta,Lumina,0762 565 416,31/3/2025,Telefon,,"LEI     2,200.00",,MX,,,RAL,,,,,,,,Ofertat,,,,,3.0%,,,
Drugu Maria,,,0770 390 972,31/3/2025,,,LEI     670.00,,MX,,,RAL,,,,,,,,Ofertat,,,,,,,,
Bogdan Rosu,Brasov,Brasov,0 767 074 931,31/3/2025,Telefon,,"LEI     6,800.00",,MX,,,7016,,,,9/4/2025,"I-am retrimis oferta, doar pe MX60. Nu a avut tipm sa stabileasca cu sudorul, dar ar vrea totusi sa vina zilele acestea.",9/4/2025,I-am trimis poze cu MX60 DUO sectiune si montator BV. Are de turnat stalpii si ne auzim la sf saptamanii viitoare,Pierdut,,,,,3.0%,,,
Paraschiv Fanel,Braila,,0 746 285 512,31/3/2025,,,"LEI     1,900.00",,MX,,,RAL,,,,,,,,Ofertat,,,,,,,,
Torcea Lucian,,,,1/4/2025,OLX,,,,MX,,,RAL,,,,,,,,,,,,,,,,
Zanfir Tatiana,Dolj,,,1/4/2025,OLX,,,,MX,,,RAL,,,,,,,,Contactat,,,,,,,,
Olaru,Mehedinti,Drobeta-Turnu Severin,0720 358 564,1/4/2025,OLX,,"LEI     1,200.00",,,,,RAL,,,,,,,,Ofertat,,,,,,,,
Gabi,Ialomita,,,1/4/2025,OLX,,,,MX,,,RAL,,,,,,,,Contactat,,,,,,,,
DAȘ FLOR CONSTRUCT S.R.L.,Bucuresti / Ilfov,Sector 4,0762 908 049,1/4/2025,Client Vechi ( Completare ),,"LEI     1,478.00",ACOPERIS,Caretta,Daily,15.31,7016,0.4mm,Mat,,,,,,Vandut,1/4/2025,LIVRAT,4/4/2025,,1.0%,,,
Honiuc Adrian,,,,1/4/2025,,,,,,,,RAL,,,,,,,,,,,,,,,,
Peptan Stefan,Bucuresti / Ilfov,Sect 4,0769 536 623 /0750 207 089,1/4/2025,Birou,,"LEI     1,337.00",SISTEM PLUVIAL,Caretta,,,7016,,,,,,,,Vandut,1/4/2025,LIVRAT,4/4/2025,,3.0%,,,
Monica,Mehedinti,Orsova,,2/4/2025,OLX,,"LEI     1,000.00",,MX,,,RAL,,,,,,,,Contactat,,,,,3.0%,,,
Marius,Galati,,0 775 643 282,2/4/2025,Facebook,,"LEI     8,600.00",,MX,,,7016,,,,8/4/2025,"REVENIRE ! Dupa sarbatori incepe, are de daramat gard vechi si de scos radacini. I-am trimis oferta simplificata, doar modelele cu o fata si poza cu Briliant/ mat",5/5/2025,"Are niste probleme acum, nu se apuca de constructie. Revine el...",Follow UP ( Negociere ),,,,,3.0%,,,
Aurel Tolea,Bucuresti / Ilfov,Cornetu,0731 731 007,2/4/2025,Client Vechi ( Completare ),,"LEI     1,664.00",ACOPERIS,Caretta,Canto,18.90,7016,0.5mm,Mat,,8/4/2025,"Are un mic proiect, acoperis in 2 ape",,,Vandut,9/4/2025,LIVRAT,17/4/2025,,3.0%,,,
Tunaru Constantin,Giurgiu,Iepuresti,0723 814 345 /0763 693 833,2/4/2025,Client Vechi ( Completare ),,"LEI     3,000.00",,MX,,,8019,,,,,,,,Ofertat,,,,,3.0%,,,
Tunaru Constantin,Giurgiu,Iepuresti,0723 814 345 /0763 693 833,2/4/2025,Client Vechi ( Completare ),,LEI     0.00,,MX,,,8019,,,,,,,,Vandut,,,,,3.0%,,,
Jimi Afumatu,Teleorman,Nanov,0786 046 530,2/4/2025,Birou,,"LEI     3,000.00",,MX,,,8017,,,,15/4/2025,"REVENIRE
Astazi vine un sudor sa ia masurile, ne auzim cand are rama gata.",24/4/2025,"Nu au venit meseriasii, au promis ca vin astazi si/ sau maine",Pierdut,,,,,3.0%,,,
Peptan,,,,2/4/2025,,,,,,,,RAL,,,,,,,,,,,,,,,,
Militaru,Bucuresti / Ilfov,Peris,0 749 188 724,3/4/2025,Telefon,,"LEI     78,000.00",,MX,,,RAL,,,,,,,,Ofertat,,,,,1.0%,,,
Stefan Gagiu,Bucuresti / Ilfov,,0733 715 181,3/4/2025,Cerere oferta site,,"LEI     2,400.00",GARD,MX,,,RAL,,,,9/4/2025,"Extrem de nemultumit de costul confectiei metalice. Dansul face comert, se apucase sa imi explice cat este o bara de rectangular. Am fost profund impresionat, fireste! 🤣",,,Ofertat,,,,,3.0%,,,
Pencu Alin,Bucuresti / Ilfov,Pantelimon,0766 995 835,3/4/2025,Montatori / Colaboratori,63.33,"LEI     10,840.00",GARD,MX,MX 60,45.45,7016,0.5mm,Mat DUO,,,,,,Vandut,4/4/2025,LIVRAT,16/4/2025,,1.0%,,,
Kiss Cristian,Timis,Timisoara,0766 886 543,3/4/2025,OLX,,"LEI     1,600.00",,MX,,,RAL,,,,,,,,Pierdut,,,,,3.0%,,,
Pardut Alexandru,Bucuresti / Ilfov,Bragadiru,0 766 343 633,3/4/2025,Recomandare,,LEI     600.00,,MX,,,RAL,,,,,,,,Pierdut,,,,,3.0%,,,
Giambasu Ionut,Bucuresti / Ilfov,Bucuresti,0 728 895 969,3/4/2025,Birou,,"LEI     1,053.00",ACOPERIS,Caretta,Canto,21.06,7016,0.5mm,Mat,,,,,,Vandut,4/4/2025,LIVRAT,8/4/2025,,3.0%,,,
Dana,,,,4/4/2025,,,,,,,,RAL,,,,,,,,Informatii,,,,,,,,
Virgil Ion,Bucuresti / Ilfov,Peris,0 760 757 150,4/4/2025,Telefon,,"LEI     26,000.00",,MX,,,RAL,,,,8/4/2025,Nu raspunde,5/5/2025,Nu raspunde,Pierdut,,,,,3.0%,,,
Dobre Ion,Gorj,Buduhala,49 172 988 2340,4/4/2025,OLX,,"LEI     4,000.00",,MX,,,RAL,,,,15/4/2025,"Discount 10%, avans pana la Iepuras",17/4/2025,"E in spital,. Nu se grabeste, in vara vine in tara. Ne auzim dupa Pasti, chiar daca nu mai prinde discountul.
",Follow UP ( Negociere ),,,,,1.0%,,,
Teodora,Giurgiu,,,4/4/2025,,,,,,,,RAL,,,,,,,,Contactat,,,,,,,,
Titi Barzu,,Dulcesti,0764 844 448,4/4/2025,OLX,,LEI     540.00,,MX,,,RAL,,,,9/4/2025,"Are de turnat fundatia si de pus boltari, ne auzim dupa Pasti",5/5/2025,"Nu era in tara, ne auzim dupa 15 mai",Follow UP ( Negociere ),,,,,3.0%,,,
Cristi Mihai,,,0 760 399 988,7/4/2025,Telefon,,"LEI     7,300.00",GARD,MX,MC 105,,7016,0.5mm,,,8/4/2025,"I-am dat 5%, am stabilit model, trimis poze cu sectiune caseta si profil MC105",9/4/2025,"Este la munca, il sun la 16:00",Follow UP ( Negociere ),,,,,1.0%,,,
Neagu Valentin Marius,Giurgiu,Buturugeni,0 735 348 696,7/4/2025,Birou,,"LEI     4,230.00",ACOPERIS,Wetterbest,Cutata,49.47,8017,0.5mm,Mat,,10/4/2025,"Maine toarna placa, luni vine dulgherul, spera ca pana in Paste sa aiba cote",15/4/2025,A respins,Vandut,7/7/2025,LIVRAT,9/7/2025,,3.0%,,,
Damian Alexandru Lucian,,,,7/4/2025,,,,,,,,RAL,,,,,,,,Informatii,,,,,,,,
bossss,,,,7/4/2025,,,,,,,,RAL,,,,,,,,Informatii,,,,,,,,
Mihai Constantin,Bucuresti / Ilfov,,0721 247 238,7/4/2025,Facebook,,,GARD,MX,,,RAL,,,,9/4/2025,interesat de porti  vine la show-room Bucuresti sa vada exact,16/4/2025,Dupa Pasti vine sa vada modele garduri,Follow UP ( Negociere ),,,,,,,,
Mihai Draghici,Bucuresti / Ilfov,Sect 1,0722 333 228,7/4/2025,Birou,,LEI     53.00,SISTEM PLUVIAL,Caretta,,,9005,0.5mm,Mat DUO,,,,,,Vandut,7/4/2025,LIVRAT,7/4/2025,,3.0%,,,
Domintean Adriana,Giurgiu,Gorneni,0726 254 556,7/4/2025,Birou,,"LEI     4,473.00",ACOPERIS,Caretta,Nobel,36.97,8019,0.6mm,Briliant,checked,,,,,Vandut,7/4/2025,LIVRAT,9/4/2025,,3.0%,,,
Violeta,Caras-Severin,Caransebes,49 174 9495640,8/4/2025,OLX,,,,MX,,,RAL,,,,9/4/2025,A vorbit cu prietenu' si e scump,,,Pierdut,,,,,3.0%,,,
Istrate Gabriel,Dambovita,Patlagele,0 773 975 779,8/4/2025,TikTok,,"LEI     7,113.00",,MX,,,8019,,,,14/4/2025,"Refacut oferta, vrea cu tot cu montaj, inaltare stalpi de teava, imbracata teava cu profil tabla",16/4/2025,"REVENIRE!!!
Pus in contact cu Mircea Calin, montator DB.
A tot fost plecat, ramane dupa Pasti",Follow UP ( Negociere ),,,,,3.0%,,,
Iloiu Liviu,,,0731 003 456,8/4/2025,OLX,,"LEI     6,000.00",,MX,,,RAL,,,,10/4/2025,Nu raspunde,14/4/2025,"Nu ma face, ne multumeste",Pierdut,,,,,3.0%,,,
Rugu Sanda,Bucuresti / Ilfov,Sector 5,0 723 075 967,8/4/2025,Telefon,,"LEI     8,000.00",,MX,,,RAL,,,,10/4/2025,"Trimite cotele in seara asta daca ajunge pe lumina acasa. Vrea sa vina la masurat, zona Salaj",14/4/2025,Merge Marian Buica la masuratoare si montaj.,Follow UP ( Negociere ),,,,,3.0%,,,
Mitru,Iasi,Cristesti,0 751 492 277,8/4/2025,Telefon,,"LEI     10,700.00",,MX,,,RAL,,,,16/4/2025,"Nu se uitase in WhatsApp, A trimis cote, i-am dat oferta si video. Desigur, vrea si confectie si montaj
",24/4/2025,"L-am pus in legatura cu Tanase Madalin, montator Iasi",Follow UP ( Negociere ),,,,,3.0%,,,
Anisoara Birzu,,,,8/4/2025,Cerere oferta site,,"LEI     10,000.00",,MX,,,RAL,,,,,,,,Informatii,,,,,3.0%,,,
Salonta,,,0757 061 696,9/4/2025,,,"LEI     4,200.00",,,,,RAL,,,,,,,,,,,,,,,,
Jucu Radu,Arad,Vladimirescu,0732 446 666,9/4/2025,OLX,,"LEI     5,700.00",,MX,,,RAL,,,,,,,,Ofertat,,,,,3.0%,,,
Maria,Bucuresti / Ilfov,Bragadiru,0769 824 329,10/4/2025,Teren,,LEI     494.00,ELEMENTE SPECIALE,MetallicGroup,,,7024,0.5mm,Mat,,,,,,Vandut,14/4/2025,LIVRAT,2/6/2025,,1.0%,,,
Robitu Daniel,Bucuresti / Ilfov,Bucuresti,0766 467 521,10/4/2025,Birou,,"LEI     5,580.00",,MX,,,RAL,,,,14/4/2025,"REVENIRE dupa 1 mai. Pretul cam piperat, se mai gandeste.",,,Follow UP ( Negociere ),,,,,1.0%,,,
Robitu Daniel,Bucuresti / Ilfov,Bucuresti,0766 467 521,10/4/2025,Birou,,LEI     89.52,ACOPERIS,Caretta,,,8017,0.5mm,Mat,,,,,,Vandut,10/4/2025,LIVRAT,17/4/2025,,3.0%,,,
Podoiu Mirela,Vrancea,,0724 877 699,10/4/2025,Birou,,"LEI     6,700.00",,MX,,,RAL,,,,14/4/2025,"Tel inchis sau nu se afla in aria de acoperire

",16/4/2025,Nu raspunde,Pierdut,,,,,3.0%,,,
Patulea George,Dambovita,Buftea,0764 130 957,10/4/2025,OLX,,"LEI     6,100.00",,MX,,,RAL,,,,14/4/2025,"Nu raspunde
",16/5/2025,"Nu raspunde
",Pierdut,,,,,3.0%,,,
Lore,,,,10/4/2025,OLX,,,,MX,,,7016,,,,,,,,Informatii,,,,,,,,
CON-PREH HOG S.R.L./ Kosa Arpad,Brasov,Rupea,0 742 528 820,10/4/2025,Montatori / Colaboratori,20.61,"LEI     3,465.00",GARD,MX,MC 105,23.10,3005,0.6mm,Briliant,,,,,,Vandut,10/4/2025,LIVRAT,22/4/2025,,1.0%,,,
Cristea Liviu,Bucuresti / Ilfov,Mihailesti,0 768 295 116,10/4/2025,,,,,MX,,,RAL,,,,,,,,Pierdut,,,,,,,,
Florin Cojocaru,Olt,Caracal,0 765 281 025,10/4/2025,Telefon,,"LEI     2,500.00",,MX,,,RAL,,,,,,,,Ofertat,,,,,3.0%,,,
Calaretu Mihai Constantin,Bucuresti / Ilfov,Teghes,0 758 553 497,11/4/2025,Client Vechi ( Completare ),,LEI     167.00,SISTEM PLUVIAL,Caretta,,,7016,0.5mm,Mat,,,,,,Vandut,11/4/2025,COMANDAT,,,1.0%,,,
Calaretu Mihai Constantin,Bucuresti / Ilfov,Teghes,0 758 553 497,11/4/2025,Client Vechi ( Completare ),,"LEI     4,200.00",,MX,,,RAL,,,,,,,,Follow UP ( Negociere ),,,,,3.0%,,,
Andreea Besliu,Constanta,Navodari,(073) 219-7188,11/4/2025,Cerere oferta site,66.03,"LEI     12,498.00",GARD,MX,MX 60,46.87,7016,0.5mm,Mat DUO,,14/4/2025,"Transmis pret pentru montaj+ confectie metalica pe mail
",5/5/2025,Nu raspunde,Vandut,20/5/2025,LIVRAT,31/5/2025,,3.0%,,,
Gadea Cristian,Bucuresti / Ilfov,Bucuresti,0757 450 137,11/4/2025,Client Vechi ( Completare ),,LEI     993.00,GARD,MX,MX 60,4.16,8019,0.5mm,Mat DUO,,,,,,Pierdut,,,,,1.0%,,,
SKILL PROMO DESIGN S.R.L.,Bucuresti / Ilfov,Bucuresti,0766 528 800,11/4/2025,Birou,,LEI     250.00,ACOPERIS,Caretta,Canto,5.67,7016,0.5mm,Mat,,,,,,Vandut,11/4/2025,LIVRAT,15/4/2025,,1.0%,,,
George Cristache,Bucuresti / Ilfov,Bucuresti,0765 356 322,11/4/2025,Birou,14.85,"LEI     2,462.00",GARD,MX,MX 60 DUO,5.79,7024,0.5mm,Mat DUO,,,,,,Vandut,11/4/2025,LIVRAT,22/4/2025,,3.0%,,,
Gament Nicolae,Bucuresti / Ilfov,Sector 5,0722 283 850,11/4/2025,Birou,16.10,"LEI     3,494.00",GARD,MX,MX 60,12.13,8017,0.6mm,Briliant,,15/4/2025,"Discount 10%, pentru avans pana de Pasti. Vrea sa stie si confectia metalica si montajul cat il costa, asteapta sa il sune Marian Buica",28/4/2025,"Oferta pe cutata, e prea scump",Vandut,29/4/2025,LIVRAT,12/5/2025,,1.0%,,,
Muscalu Gabriel,Bucuresti / Ilfov,Darasti,0723 265 343,11/4/2025,Birou,27.99,"LEI     4,747.00",GARD,MX,MX 25,21.10,7016,0.5mm,Mat DUO,,14/4/2025,"Discount 10%, pret inghetat la avans, vine zilele acestea sa achite",,,Vandut,16/4/2025,LIVRAT,25/4/2025,,1.0%,,,
Domintean Adriana,Giurgiu,Gorneni,0726 254 556,11/4/2025,Client Vechi ( Completare ),,LEI     241.00,SISTEM PLUVIAL,Caretta,,,8019,0.6mm,Briliant,,,,,,Vandut,14/4/2025,LIVRAT,17/4/2025,,3.0%,,,
Mihai Moldovan,Mures,Targu Mures,0755 619 204,11/4/2025,OLX,,"LEI     2,400.00",,MX,,,RAL,,,,27/5/2025,"Cu ploile astea nu a putut sa toarne, ne auzim",,,Ofertat,,,,,3.0%,,,
Andronache Marius,Bucuresti / Ilfov,Sector 5,0 725 222 733,11/4/2025,Birou,,"LEI     5,000.00",,MX,,,RAL,,,,16/5/2025,"Oferta si poze cutata. Este in Sofia, revine peste 2 saptamani",30/5/2025,Nu raspunde📞,Follow UP ( Negociere ),,,,,,,,
Anghel,Caras-Severin,,0 726 718 688,14/4/2025,Telefon,,"LEI     17,000.00",,MX,,,7016,,,,,,,,Ofertat,,,,,3.0%,,,
Adelina,Salaj,,33605939753,14/4/2025,OLX,,,,MX,,,RAL,,,,,,,,Informatii,,,,,,,,
Grad Stefan,Maramures,,0 742 776 512,14/4/2025,Telefon,,"LEI     4,000.00",,MX,,,7016,,,,16/4/2025,"Partenerul a zis ca e foarte scump, a luat altceva",,,Pierdut,,,,,3.0%,,,
Dan Iordache,Bucuresti / Ilfov,Bragadiru,#ERROR!,14/4/2025,Birou,,"LEI     3,300.00",,"MX, Caretta",,,RAL,,,,16/4/2025,Nu poate fi contactat,28/4/2025,"Oferta refacuta dupa masuratori Marian Buica, MX+ cutata",Follow UP ( Negociere ),,,,,3.0%,,,
Belei Cristian,Cluj,Huedin,0761 335 553,14/4/2025,OLX,,"LEI     1,600.00",,MX,,,RAL,,,,,,,,Ofertat,,,,,3.0%,,,
Muntean Marian,Caras-Severin,Caransebes,(076) 890-5304,15/4/2025,OLX,,,,MX,,,RAL,,,,,,,,Informatii,,,,,,,,
Eu,Bucuresti / Ilfov,Bragadiru,(072) 252-4442,15/4/2025,Client Vechi ( Completare ),,LEI     56.00,,Caretta,,,7024,,,,,,,,Vandut,15/4/2025,LIVRAT,2/6/2025,,1.0%,,,
Chirieci Sandu,Bucuresti / Ilfov,Magurele,0726 371 128,15/4/2025,Montatori / Colaboratori,12.54,"LEI     2,068.00",GARD,MX,MX 25,9.19,RAL,0.5mm,Mat DUO,,,,,,Vandut,15/4/2025,LIVRAT,24/4/2025,,1.0%,,,
Vestemean Ionut,Sibiu,Talmaciu,0 749 545 412,15/4/2025,Montatori / Colaboratori,,"LEI     2,700.00",,MX,,,RAL,,,,,,,,Ofertat,,,,,1.0%,,,
Robert Creanga,Bucuresti / Ilfov,Bucuresti,0773 700 302,15/4/2025,OLX,,"LEI     19,000.00",,MX,,,RAL,,,,,,,,Ofertat,,,,,3.0%,,,
Mihai Grigore,,,,15/4/2025,,,,,,,,RAL,,,,,,,,,,,,,,,,
Daniel Pop,Timis,Dudestii Noi,447757224387,15/4/2025,OLX,,"LEI     6,700.00",,MX,,,RAL,,,,,,,,Ofertat,,,,,3.0%,,,
RO UTILAJE SERVICII SRL,Bucuresti / Ilfov,Sect 1,0728 310 310,15/4/2025,Birou,,LEI     160.00,SISTEM PLUVIAL,Caretta,,,7016,0.6mm,Briliant,,,,,,Vandut,15/4/2025,LIVRAT,28/4/2025,,3.0%,,,
Pisica Ana Maria,,,0729 720 160,16/4/2025,Telefon,,"LEI     2,500.00",,MX,,,RAL,,,,,,,,Ofertat,,,,,3.0%,,,
Mitica Ion,Bucuresti / Ilfov,,0749 640 283,16/4/2025,Birou,,"LEI     17,000.00",,Caretta,,,7016,,,,,,,,Ofertat,,,,,3.0%,,,
Manea Valentin,Bucuresti / Ilfov,Sector 5,0763 771 746,16/4/2025,Birou,,"LEI     3,800.00",,MX,,,RAL,,,,,,,,Ofertat,,,,,3.0%,,,
Dragoi Viorel,hunedoara,Deva,0 728 681 960,16/4/2025,Montatori / Colaboratori,,"LEI     13,000.00",,MX,,,RAL,,,,,,,,Ofertat,,,,,,,,
Alexandru Petcu,Teleorman,Frasinet,0 763 058 289,16/4/2025,OLX,,"LEI     5,000.00",,MX,,,RAL,,,,,"Fura curent
E foarte scump. I-am oferit 10%, dar e tot scump.
Anul trecut a facut el un gard de 30 ML, cu 17 milioane!!!",,,Pierdut,,,,,3.0%,,,
Elena,,,,16/4/2025,OLX,,,,MX,,,RAL,,,,,,,,Informatii,,,,,3.0%,,,
Luca Filip,Cluj,Dezmir,(076) 964-6038,17/4/2025,OLX,73.84,"LEI     16,612.00",GARD,MX,MX 60,54.64,8017,0.6mm,Briliant,,17/4/2025,Dupa Pasti,23/4/2025,"REVENIRE dupa 10 mai, va fi in concediu pana atunci",Vandut,12/7/2025,LISTAT,,,2.0%,,,
Romani Bogdan,Vaslui,Barlad,0758 628 116,17/4/2025,OLX,,"LEI     4,700.00",,MX,,,7016,,,,,,,,Follow UP ( Negociere ),,,,,3.0%,,,
Magdolna,,,,17/4/2025,OLX,,,,,,,RAL,,,,,,,,Informatii,,,,,,,,
George,Bucuresti / Ilfov,,0 728 436 938,17/4/2025,Birou,,"LEI     5,600.00",,MX,,,RAL,,,,24/4/2025,Nu raspunde,,,Ofertat,,,,,3.0%,,,
Achim Cosmin,,,,17/4/2025,,,,,,,,RAL,,,,,,,,,,,,,,,,
Elena Stochirlea,Teleorman,Crangu,0 724 388 903,17/4/2025,Telefon,39.28,"LEI     7,574.00",GARD,MX,MX 60 DUO,15.78,7016,0.6mm,Briliant,,12/5/2025,"Transmis contact lui Sandu, pentru confectie metalic si montaj",,,Vandut,27/5/2025,LIVRAT,14/6/2025,,3.0%,,,
OVERLEAP SRL,Arges,Valeni Podgoria,0729 814 683,22/4/2025,OLX,25.04,"LEI     4,299.00",GARD,MX,MX 25,18.10,7016,0.5mm,Mat,,24/4/2025,"I-am dat cotatie pentru confectie si montaj + discount 5%, valabil pana la 1 mai. Intreba de rame vopsite electrostatic, pentru Pitesti sunt fara cost suplimentar",,,Vandut,30/4/2025,LIVRAT,16/5/2025,,2.0%,,,
SKILL PROMO DESIGN S.R.L.,Bucuresti / Ilfov,Sector 5,0766 528 800,22/4/2025,Client Vechi ( Completare ),,LEI     633.00,FATADA,Caretta,Canto,14.37,7016,0.5mm,Mat,,,,,,Vandut,22/4/2025,LIVRAT,29/4/2025,,3.0%,,,
Mircea Calin,Dambovita,,0737 131 459,22/4/2025,Montatori / Colaboratori,,"LEI     8,300.00",GARD,MX,"MX 25 DUO, MX 25, MX 60, MX 60 DUO, MX 15, MX 15 DUO",,7016,"0.5mm, 0.6mm","Mat DUO, Briliant",,,,,,Informatii,,,,,1.0%,,,
DEY METAL CONCEPT S.R.L,Bucuresti / Ilfov,VAnatorii Mici,0 730 421 594,22/4/2025,Montatori / Colaboratori,26.42,"LEI     4,653.00",GARD,MX,MX 25,16.59,7016,0.6mm,Briliant,,,,,,Vandut,28/4/2025,LIVRAT,30/4/2025,,1.0%,,,
Tanase Gheorghe,Bucuresti / Ilfov,Sector 5,0766 819 177,22/4/2025,Birou,,"LEI     9,842.00",ACOPERIS,Caretta,Daily,104.89,8017,0.5mm,Mat,,,,,,Vandut,29/4/2025,LIVRAT,30/4/2025,,3.0%,,,
SKILL PROMO DESIGN S.R.L.,Bucuresti / Ilfov,Sector 5,0766 528 800,22/4/2025,Client Vechi ( Completare ),,LEI     311.00,FATADA,Caretta,Canto,4.32,9002,0.6mm,Briliant,,,,,,Vandut,22/4/2025,LIVRAT,29/4/2025,,3.0%,,,
Crisan Sebastian,Alba,Alba Iulia,0766 618 219,23/4/2025,OLX,,"LEI     5,100.00",GARD,MX,"MX 25, MX 25 DUO, MX 60, MX 60 DUO, MX 15, MX 15 DUO",,RAL,"0.5mm, 0.6mm","Briliant, Mat DUO, Mat",,27/5/2025,Nu raspunde📞,,,Pierdut,,,,,3.0%,,,
Ilie Balan,Bucuresti / Ilfov,,0762 653 138,23/4/2025,Client Vechi ( Completare ),,"LEI     4,266.00",,Caretta,,,6020,,,,,,,,Ofertat,,,,,1.0%,,,
Sorin Vaduva,Olt,Slatina,0726 385 941,23/4/2025,OLX,,"LEI     1,655.00",GARD,MX,"MX 25, MX 25 DUO, MX 60, MX 60 DUO, MX 15, MX 15 DUO",,RAL,"0.5mm, 0.6mm","Briliant, Mat DUO, Mat",,,,,,Ofertat,,,,,3.0%,,,
Mariana Constantin,Bucuresti / Ilfov,Popesti,0762 882 874,23/4/2025,Birou,33.25,"LEI     6,954.00",GARD,MX,MX 60,24.15,7016,0.6mm,Briliant,,,,,,Vandut,23/4/2025,LIVRAT,21/5/2025,,1.0%,,,
Giamidis Georgian,Prahova,Ploiesti,0730 002 990,23/4/2025,OLX,,"LEI     7,000.00",GARD,MX,"MX 25 DUO, MX 60 DUO, MX 15 DUO",,RAL,"0.5mm, 0.6mm","Mat, Briliant, Mat DUO",,,,,,Ofertat,,,,,3.0%,,,
Vladan Marian,Bucuresti / Ilfov,Sector 4,0730 506 369,23/4/2025,Birou,,LEI     360.00,GARD,MX,"MX 25 DUO, MX 60 DUO, MX 15 DUO",,RAL,"0.6mm, 0.5mm","Briliant, Mat, Mat DUO",,14/5/2025,"Iese foarte scump, vreo 100 ml, i-am propus cutata, trimis poze",,,Pierdut,,,,checked,1.0%,,,
Teodor Iordache,Calarasi,Vlad Tepes,44 7460 844566,23/4/2025,OLX,,"LEI     37,000.00",GARD,MX,,,RAL,,,,25/4/2025,"I-am dat cost zidarie, confectie si montaj, fara materiale zidarie, insa....sa ma hotaresc ce model si va sun atunci.",,,Follow UP ( Negociere ),,,,,3.0%,,,
Mihalache Stelian,Teleorman,Tatarasti,,23/4/2025,,,,,,,,RAL,,,,,,,,Pierdut,,,,,,,,
Liliana Popa,Bucuresti / Ilfov,Sector 5,0 766 511 653,24/4/2025,Birou,,"LEI     6,700.00",GARD,MX,,,RAL,,,,28/4/2025,"Vrea si traforat la poarta pietonala, incastrata in cea auto. Marian Buica o sa mearga sa masoare si sa confectioneze",,,Follow UP ( Negociere ),,,,,3.0%,,,
Buliga Emanuel,Bucuresti / Ilfov,Buftea,0732 352 763,24/4/2025,TikTok,66.17,"LEI     11,923.00",GARD,MX,MX 60 DUO,,8017,0.6mm,Briliant,,,,,,Vandut,24/4/2025,LIVRAT,18/7/2025,,1.0%,,,
Gigescu,,Nu se stie,,24/4/2025,,,,GARD,MX,MX 25,,7016,0.5mm,Mat,,,,,,Vandut,,,,,,,,
Lavinia Cornescu,Gorj,,(076) 156-1722,24/4/2025,OLX,,,GARD,MX,,,RAL,,,,,,,,Ofertat,,,,,3.0%,,,
Carmen Tintes,Braila,Ciresu,0723 059 247,24/4/2025,OLX,,"LEI     9,400.00",GARD,MX,,,RAL,,,,,,,,Ofertat,,,,,3.0%,,,
Smarandache Cristi,,,0739 358 951,25/4/2025,Telefon,,,GARD,MX,,,RAL,,,,,,,,Informatii,,,,,,,,
Nicu Stoica,Bucuresti / Ilfov,,0723 214 552,25/4/2025,Facebook,,,GARD,MX,,,RAL,,,,,,,,Ofertat,,,,,3.0%,,,
ALEVA UNIVERSAL SRL,,,,25/4/2025,,,,,,,,RAL,,,,,,,,Ofertat,,,,,,,,
Marian Poenaru,Bucuresti / Ilfov,Clinceni,0763 684 323,25/4/2025,,,,,,,,RAL,,,,,,,,Ofertat,,,,,,,,
Buliga Emanuel,Bucuresti / Ilfov,Buftea,0732 352 763,25/4/2025,,,,,Zebra,,,RAL,,,,,,,,Ofertat,,,,,,,,
Cristina Durdun,Sibiu,,0 746 029 343,25/4/2025,OLX,,,,MX,,,RAL,,,,6/5/2025,"Cam piperat pretul, mai are un gard de facut. Intra intr-o sedinta si nu putea vorbi.
",,,Follow UP ( Negociere ),,,,,3.0%,,,
Bogdan Todea,Bucuresti / Ilfov,Buftea,0745 200 164,25/4/2025,Recomandare,63.78,"LEI     9,988.00",GARD,MX,MX 60 DUO,25.96,7016,0.5mm,Mat DUO,,,,,,Vandut,1/5/2025,LIVRAT,28/5/2025,,1.0%,,,
Cristea Liviu,Bucuresti / Ilfov,Mihailesti,0 768 295 116,25/4/2025,Birou,,"LEI     3,900.00",GARD,Caretta,Cutata,46.58,7016,0.6mm,Briliant,,,,,,Vandut,5/5/2025,LIVRAT,9/5/2025,,3.0%,,,
Mitu Cristian,Bucuresti / Ilfov,,0723 338 239,25/4/2025,Cerere oferta site,,,,MX,,,RAL,,,,,,,,Ofertat,,,,,3.0%,,,
Tangerica Cristinel,Bucuresti / Ilfov,Magurele,0761 715 589,28/4/2025,Birou,,"LEI     16,466.00",ACOPERIS,Caretta,Daily,179.40,7016,0.5mm,Mat,,,,,,Vandut,28/4/2025,LIVRAT,1/5/2025,,2.0%,,,
Clima Air,Bucuresti / Ilfov,Clinceni,0 765 348 695,28/4/2025,Client Vechi ( Completare ),,LEI     169.00,ELEMENTE SPECIALE,MetallicGroup,,1.48,7024,0.5mm,Mat,,,,,,Vandut,28/4/2025,LIVRAT,1/5/2025,,1.0%,,,
Petrachi Neculai,Giurgiu,Uzunu,0 728 201 590,28/4/2025,Telefon,,"LEI     3,165.00",ACOPERIS,Caretta,Daily,36.72,8019,0.5mm,Mat,,,,,,Vandut,28/4/2025,LIVRAT,1/5/2025,,3.0%,,,
Tileanu,Bucuresti / Ilfov,,,28/4/2025,Birou,,,,Wetterbest,,,RAL,,,,,,,,Ofertat,,,,,3.0%,,,
MADALIN & MIREL GROUP SRL,Bucuresti / Ilfov,Magurele,0 747 230 999,29/4/2025,Client Vechi ( Completare ),,,,Caretta,,,RAL,,,,,,,,Ofertat,,,,,3.0%,,,
Popescu Cristy,Dambovita,Gaesti,0 761 349 593,29/4/2025,OLX,28.05,"LEI     6,435.00",GARD,MX,MX 25,21.45,3005,0.6mm,Briliant,,30/4/2025,"Pus in legatura cu Mircea Calin, montator DB",6/5/2025,"Saptamana viitoare ia creditul si achita avans, pentru MX15 
",Vandut,16/5/2025,LIVRAT,23/5/2025,,3.0%,,,
Erol Omer,Bucuresti / Ilfov,Sector 3,0722 638 016,29/4/2025,OLX,,"LEI     1,500.00",,MX,,,RAL,,,,5/5/2025,Nu raspunde,,,Ofertat,,,,,3.0%,,,
Tangerica Cristinel,Bucuresti / Ilfov,Magurele,0761 715 589,29/4/2025,Client Vechi ( Completare ),,"LEI     1,699.00",ELEMENTE SPECIALE,MetallicGroup,,14.85,RAL,0.5mm,Mat,,,,,,Vandut,30/4/2025,LIVRAT,6/5/2025,,1.0%,,,
Kocsis Alin Gabriel,Cluj,Floresti,0745 370 452,30/4/2025,Client Vechi ( Completare ),,LEI     450.00,GARD,MX,MX 25,1.66,8019,0.6mm,Briliant,,,,,,Vandut,30/4/2025,LIVRAT,7/5/2025,,1.0%,,,
Florin Glontaru,Prahova,,0 724 010 957,30/4/2025,Montatori / Colaboratori,,,,MX,,,RAL,,,,,,,,Ofertat,,,,,1.0%,,,
Florin Glontaru,Prahova,,0 724 010 957,30/4/2025,Montatori / Colaboratori,,,,MX,,,RAL,,,,,,,,Ofertat,,,,,1.0%,,,
Florin Glontaru,Prahova,,0 724 010 957,30/4/2025,Montatori / Colaboratori,,,,MX,,,RAL,,,,,,,,Ofertat,,,,,1.0%,,,
Liliana,,,0 741 137 615,30/4/2025,Facebook,,"LEI     15,000.00",,MX,,,RAL,,,,,,,,Pierdut,,,,,3.0%,,,
Tanase Gheorghe,Bucuresti / Ilfov,Sector 5,0766 819 177,30/4/2025,Client Vechi ( Completare ),,LEI     770.00,SISTEM PLUVIAL,Caretta,,,8017,0.6mm,Briliant,,,,,,Vandut,1/5/2025,LIVRAT,5/5/2025,,3.0%,,,
Rusen Cristian,Gorj,,0756 968 937,5/5/2025,OLX,,"LEI     2,000.00",,MX,,,7016,,,,5/5/2025,"L-am pus in legatura cu Popescu Liviu Montator Tg Jiu, sa vada exact despre ce este vorba, nu a putut sa imi dea pret estimativ.",,,Follow UP ( Negociere ),,,,,3.0%,,,
Daniel Stingu,Sibiu,,,5/5/2025,,,,,,,,RAL,,,,,,,,Informatii,,,,,,,,
Patrianca Dan,Bucuresti / Ilfov,Cornetu,0727 990 642,5/5/2025,Client Vechi ( Completare ),,"LEI     3,500.00",,"Wetterbest, MetallicGroup",,,7016,,,,6/5/2025,"gasit de la bilka tabla t8 de 0.5 mm la 37 ron, de 0.4 la 33 ron",,,Pierdut,,,,,2.0%,,,
Puiu,Bucuresti / Ilfov,,,5/5/2025,,,,,,,,RAL,,,,,,,,Informatii,,,,,,,,
George Bedreag,Bucuresti / Ilfov,Bragadiru,0773 729 543,5/5/2025,Birou,,"LEI     6,700.00",,Fakro,,,RAL,,,,,,,,Pierdut,,,,,2.0%,,,
Socol Cristian,Bucuresti / Ilfov,Bragadiru,0760 927 397,5/5/2025,Birou,,"LEI     6,230.00",,Fakro,,,RAL,,,,,,,,Pierdut,,,,,2.0%,,,
Grigore Daniela,Bucuresti / Ilfov,Sector 3,0 725 238 546,5/5/2025,Recomandare,17.94,"LEI     3,446.00",GARD,MX,MX 15 DUO,8.10,8017,0.6mm,Briliant,,,,,,Vandut,6/5/2025,LIVRAT,15/5/2025,,3.0%,,,
Rusu Andrei,Buzau,,0785 164 589,5/5/2025,OLX,,"LEI     3,000.00",,MX,,,RAL,,,,6/5/2025,⬅️ Idem Obs client,16/5/2025,Nu raspunde,Pierdut,,,,,3.0%,,,
EFY GROUP SRL,,,,5/5/2025,,,"LEI     10,000.00",,,,,RAL,,,,,,,,Ofertat,,,,,,,,
Bogdan Todea,Bucuresti / Ilfov,Buftea,0745 200 164,6/5/2025,Client Vechi ( Completare ),,"LEI     11,331.00",GARD,Zebra,Sipca gard,,7016,0.5mm,Mat,,,,,,Follow UP ( Negociere ),,,,,1.0%,,,
VINO RESORT INVEST S.R.L. /Zoltan Pilecki,Bucuresti / Ilfov,Corbeanca,0744 682 856,6/5/2025,Telefon,15.13,"LEI     3,197.00",GARD,MX,MC 105,6.54,8019,0.6mm,Briliant,,7/5/2025,"Trimis si retrimis oferta, lamurit de ce e mai scump cu distantare mai mica",,,Vandut,7/5/2025,LIVRAT,12/5/2025,,3.0%,,,
Marius Marancea,Bucuresti / Ilfov,Sect 6,0 746 166 316,6/5/2025,OLX,35.07,"LEI     6,334.00",GARD,MX,MX 60 DUO,14.52,8019,0.6mm,Briliant,,7/5/2025,"A trimis cote, i-am trimis oferte si video cu modelele, fireste
",30/5/2025,Nu raspunde📞,Vandut,2/7/2025,LIVRAT,18/7/2025,,1.0%,,,
Christian,,,0725 037 697,6/5/2025,OLX,,,,MX,,,RAL,,,,27/6/2025,Nu raspunde📞,,,Pierdut,,,,,3.0%,,,
Anghelescu Florian,Bucuresti / Ilfov,Bragadiru,GRESIT!!!,6/5/2025,Birou,,,,MX,,,RAL,,,,,,,,Contactat,,,,,,,,
Musat Ionut,Bucuresti / Ilfov,Sect 5,(077) 051-8779,7/5/2025,Montatori / Colaboratori,,"LEI     1,718.00",ELEMENTE SPECIALE,MetallicGroup,,13.44,8017,0.5mm,Mat,,,,,,Vandut,7/5/2025,LIVRAT,12/5/2025,,2.0%,,,
Marcu Catalina,Bucuresti / Ilfov,,0724 913 001,7/5/2025,,,,,,,,RAL,,,,,,,,Informatii,,,,,,,,
Georgian,,,44 7375 996313,7/5/2025,Telefon,,"LEI     10,000.00",,MX,,,RAL,,,,2/6/2025,Nu raspunde📞,,,,,,,,3.0%,,,
NACIU COSTINEL,Bucuresti / Ilfov,Bragadiru,,7/5/2025,Client Vechi ( Completare ),,,,Caretta,,,RAL,,,,,,,,Informatii,,,,,1.0%,,,
Modul City Construct,Bucuresti / Ilfov,,0721 740 697,7/5/2025,Birou,38.62,"LEI     7,016.00",GARD,MX,MX 60 DUO,16.24,7016,0.6mm,Briliant,,9/5/2025,Discount 10%. Transmite cote finale,16/5/2025,"Maine face plata, trimite OP",Vandut,21/5/2025,LIVRAT,20/6/2025,,1.0%,,,
HOLY STORE & MEDIA S.R.L. Razvan Retevoescu,Bucuresti / Ilfov,Bragadiru,0743 814 744,7/5/2025,Recomandare,16.41,"LEI     2,882.00",GARD,MX,MX 60 DUO,5.91,7016,0.6mm,Briliant,,27/5/2025,Dupa 10 iunie achita proforma,,,Vandut,10/6/2025,LIVRAT,9/7/2025,,3.0%,,,
Viorel Ungureanu,,,0 727 930 780,7/5/2025,,,,,MX,,,7016,,,,,,,,Ofertat,,,,,3.0%,,,
Marius Florentin Ciobanu,,,,7/5/2025,OLX,,,,MX,,,RAL,,,,,,,,Informatii,,,,,,,,
Marius,,,0760 767 252,7/5/2025,OLX,,,,MX,,,RAL,,,,,,,,,,,,,,,,
Alexandru Manea,Dambovita,Ghirdoveni,0 734 498 922,7/5/2025,Telefon,,"LEI     2,800.00",,MX,,,RAL,,,,13/5/2025,"REVENIRE !!!Trimis poze cu diferenta MX25 si MX60, discuta cu sotia maine.",15/5/2025,"Nu intelesese treaba cu confectia metalica, desi i-am scris si explicat ca pentru prosti. Trimis si video cu MX60, din nou",Follow UP ( Negociere ),,,,,3.0%,,,
Marian Petcu,,,0764 472 851,7/5/2025,Telefon,,"LEI     1,815.00",,Caretta,,,7016,,,,,,,,Pierdut,,,,,3.0%,,,
Cristina,Prahova,Gornet,0 722 563 596,8/5/2025,Telefon,,"LEI     6,000.00",,MX,,,RAL,,,,20/5/2025,"Persoana interesata de gard nu este in tara, i-a trimis oferta mai departe. vrea si montaj.
",27/6/2025,"A inchis, dupa care nu raspunde. O nesimtita, daca ma intrebati. Chiar si daca nu ma intrebati, tot o nesimtita este!",Ofertat,,,,,3.0%,,,
Caslariu Iulian,Bucuresti / Ilfov,,0722 122 630,8/5/2025,Birou,,"LEI     10,000.00",,MX,,,7016,,,,6/8/2025,"Vine cu cote finale si avans, Autoportanta 6/2.1- 10800",,,Follow UP ( Negociere ),,,,,3.0%,,,
Ionita Iulian,Giurgiu,Sabareni,0 760 296 134,8/5/2025,Telefon,,"LEI     6,000.00",,MX,,,7016,,,,,,,,Ofertat,,,,,3.0%,,,
Alex,Dambovita,Targoviste,44 7473 868926,8/5/2025,OLX,,"LEI     6,700.00",,MX,,,RAL,,,,,,,,Ofertat,,,,,,,,
MEIN RESIDENCE CONCEPT S.R.L.,Bucuresti / Ilfov,Sector 4,0787 705 600,8/5/2025,Birou,,"LEI     2,051.00",ELEMENTE SPECIALE,MetallicGroup,,15.04,7016,0.5mm,Mat,,,,,,Vandut,8/5/2025,,,,3.0%,,,
Carmen Neprusel,Bucuresti / Ilfov,Bragadiru,0745 112 389,8/5/2025,Client Vechi ( Completare ),,"LEI     8,949.00",GARD,Zebra,Sipca gard,,7016,0.6mm,Briliant,,12/5/2025,"Sa stabileasca cu constructorul partea de stalpi rectangular, vor lua gardul. Pacat ca e sipca, dar e vanzare, totusi.
",,,Vandut,14/5/2025,LIVRAT,22/5/2025,,3.0%,,,
Tangerica Cristinel,Bucuresti / Ilfov,Sector 5,0761 715 589,8/5/2025,Client Vechi ( Completare ),,LEI     593.00,,Caretta,,6.31,7016,,,,,,,,Vandut,8/5/2025,,15/5/2025,,2.0%,,,
Geani,Braila,Vadeni,44 7301 134098,9/5/2025,TikTok,,"LEI     7,600.00",,MX,,,RAL,,,,12/5/2025,Nu raspunde,28/5/2025,Nu raspunde📞,Pierdut,,,,,3.0%,,,
Tuia Carmen,Tulcea,,0 743 649 816,9/5/2025,Telefon,,,,MX,,,RAL,,,,,,,,Informatii,,,,,,,,
EFECT METAL CONSTRUCT S.R.L.,Bucuresti / Ilfov,,0762 020 622,9/5/2025,Client Vechi ( Completare ),,"LEI     2,200.00",,MX,,,7016,,,,,,,,Informatii,,,,,3.0%,,,
EFECT METAL CONSTRUCT S.R.L.,Bucuresti / Ilfov,,0762 020 622,9/5/2025,Client Vechi ( Completare ),39.94,"LEI     7,422.00",GARD,MX,MX 60 DUO,17.18,7016,0.6mm,Briliant,,,,,,Vandut,22/5/2025,LIVRAT,31/5/2025,,1.0%,,,
APICELLA ALBA S.R.L.,Bucuresti / Ilfov,Sector 5,0720 394 251,9/5/2025,Birou,,"LEI     1,237.00",GARD,Caretta,Cutata,23.00,7016,0.5mm,Mat,,,,,,Vandut,9/5/2025,LIVRAT,15/5/2025,,3.0%,,,
Oprita Marian,Bucuresti / Ilfov,Sect 4,0723 613 518,9/5/2025,Client Vechi ( Completare ),,LEI     232.00,ELEMENTE SPECIALE,MetallicGroup,,1.45,9002,0.6mm,Briliant,,,,,,Vandut,9/5/2025,LIVRAT,22/5/2025,,3.0%,,,
Dinita Aurel,Bucuresti / Ilfov,Sector 2,0 721 878 615,9/5/2025,OLX,10.30,"LEI     1,770.00",GARD,MX,MX 25,07.08,8017,0.5mm,Mat DUO,,19/5/2025,"Maine dimineata, dupa 7:59 transmite cote",,,Vandut,23/5/2025,LIVRAT,11/6/2025,,3.0%,,,
VITION MADALIN,Bucuresti / Ilfov,Sector 5,0765 278 792,9/5/2025,Client Vechi ( Completare ),5.96,LEI     895.00,GARD,MX,MX 60 DUO,1.87,7016,0.6mm,Briliant,,,,,,Vandut,9/5/2025,LIVRAT,14/5/2025,,3.0%,,,
GRAMM LICOS SRL/ Ionut Grama,Bucuresti / Ilfov,Bragadiru,0766 305 837,9/5/2025,Telefon,19.14,"LEI     3,340.00",GARD,MX,MX 25,14.31,8019,0.5mm,Mat DUO,,9/5/2025,"Intrebari despre TVA montaj, face consiliu de familie si se hotaraste",16/5/2025,Nu raspunde,Vandut,26/5/2025,LIVRAT,3/6/2025,,1.0%,,,
Florin Balan,Arges,Rucar,0 745 017 006,12/5/2025,Telefon,,,,MX,,,RAL,,,,,,,,Informatii,,,,,,,,
Varga,,,,12/5/2025,OLX,,,,MX,,,RAL,,,,,,,,Informatii,,,,,,,,
Stanciulescu Dan,Gorj,Novaci,0767 004 093,12/5/2025,,,"LEI     2,500.00",,MX,,,RAL,,,,23/5/2025,"Are si 10 panouri de gard, dar multe cheltuieli. I-am facut oferta doar pe porti, confectia o face dansul",2/6/2025,"Dupa 15 monteaza panourile de beton, isi face singur ramele",Pierdut,,,,,,,,
Moca Raluca,Bihor,Oradea,0752 617 246,12/5/2025,OLX,,"LEI     4,000.00",,MX,,,RAL,,,,17/6/2025,"Nu a facut inca zidaria, eventual ne contacteaza cand termina",,,Follow UP ( Negociere ),,,,,3.0%,,,
Ciprian Trofin,Bucuresti / Ilfov,Bragadiru,0741 267 578,12/5/2025,Telefon,,"LEI     10,000.00",,MX,,,RAL,,,,23/5/2025,"Foarte scump, i-am propus cutata, dar e prea opaca?! Haha
Isi face el ceva",,,Pierdut,,,,,3.0%,,,
Vasile Zota,Bacau,Beresti Bistrita,0752 762 948,12/5/2025,OLX,,"LEI     2,025.00",,MX,,,9005,,,,13/5/2025,A gasit mai ieftin la Bacau,,,Pierdut,,,,,3.0%,,,
Marian Roman,Bucuresti / Ilfov,Cojasca,0 770 295 690,13/5/2025,Facebook,,"LEI     7,000.00",,MX,,,7016,,,,14/5/2025,Nu raspunde,3/6/2025,Nu raspunde📞,Pierdut,,,,,3.0%,,,
Lucian Tamas,Bihor,Oradea,0741 927 339,13/5/2025,OLX,,"LEI     2,200.00",,MX,,,7016,,,,3/6/2025,Nu raspunde📞,,,Pierdut,,,,,3.0%,,,
Jean Murtaza,Dolj,,(073) 331-7535,13/5/2025,OLX,,,,,,,RAL,,,,,,,,Informatii,,,,,,,,
Vio,,,,14/5/2025,OLX,,,,MX,,,RAL,,,,,,,,Informatii,,,,,,,,
Marian Mustaciosu',Bucuresti / Ilfov,,0 763 266 943,14/5/2025,Montatori / Colaboratori,,"LEI     1,140.00",,MetallicGroup,,,7016,,,,,,,,Informatii,,,,,2.0%,,,
Pop Dan,Satu Mare,,(074) 805-4727,14/5/2025,Telefon,,"LEI     4,600.00",,MX,,,RAL,,,,,,,,Pierdut,,,,,,,,
Gadea Cristian,Bucuresti / Ilfov,Sector 6,0757 450 137,14/5/2025,Client Vechi ( Completare ),,LEI     25.00,,MX,,0.16,8019,,,,,,,,Vandut,,,,,3.0%,,,
Alin Acatrinei,Arad,,(075) 711-2729,14/5/2025,OLX,,LEI     950.00,,MX,,,8017,,,,,,,,Ofertat,,,,,3.0%,,,
Ionel,Bucuresti / Ilfov,Bragadiru,0 721 558 367,14/5/2025,Birou,,,,,,,RAL,,,,,,,,Informatii,,,,,,,,
Popescu Liviu,Gorj,,0 761 643 856,14/5/2025,Montatori / Colaboratori,,"LEI     1,600.00",,MX,,,7016,,,,,,,,Ofertat,,,,,1.0%,,,
Pencu Alin,Bucuresti / Ilfov,Pantelimon,0766 995 835,14/5/2025,Montatori / Colaboratori,,"LEI     1,500.00",,MX,,,RAL,,,,,,,,Ofertat,,,,,1.0%,,,
Iulian Radu,Bucuresti / Ilfov,Bragadiru,0726 231 834,14/5/2025,Birou,9.89,"LEI     1,689.00",GARD,MX,MX 25,6.75,7016,0.5mm,Mat DUO,,,,,,Vandut,15/5/2025,LIVRAT,2/6/2025,,3.0%,,,
Gheorghe Cristian Florin,Bucuresti / Ilfov,Cornetu,0761 879 543,14/5/2025,Birou,,"LEI     8,400.00",,MX,,,RAL,,,,16/5/2025,"A fost Marian Buica la masuratori, posibil sa faca pentru inceput doar portile, ulterior si gardul",22/5/2025,"Nu i-au terminat stalpii, s-a cam saturat si nu vrea sa dea avans pana nu vede stalpii gata. Nu l-a speriat nici o eventuala scumpire.",Follow UP ( Negociere ),,,,,3.0%,,,
Mano Metal,Cluj,Campia Turzii,0 773 791 236,15/5/2025,Telefon,,"LEI     2,500.00",,MX,,,RAL,,,,23/5/2025,"Se face sigur, beneficiarul vrea 5008",,,Informatii,,,,,1.0%,,,
Nicu Topea,Sibiu,,0744 926 069,15/5/2025,OLX,,"LEI     4,700.00",,MX,,,RAL,,,,20/5/2025,"Renunta, este foarte scump!",,,Pierdut,,,,,3.0%,,,
Visan Nastase,Bucuresti / Ilfov,Sector 5,0723 318 368,15/5/2025,Birou,,"LEI     4,818.00",,Wetterbest,,,RAL,,,,,,,,Pierdut,,,,,3.0%,,,
Ghiorghes Cosmin,Arad,Ineu,0751 432 743,15/5/2025,OLX,,"LEI     4,000.00",,MX,,,RAL,,,,20/5/2025,Nu raspunde,,,Pierdut,,,,,3.0%,,,
Adi Dan Vit,Prahova,Ploiesti,0 727 348 593,15/5/2025,,,,,,,,RAL,,,,,,,,,,,,,,,,
Alecu Isabela,Bucuresti / Ilfov,Domnesti,0762 438 069,15/5/2025,Birou,,"LEI     2,500.00",,MX,,,RAL,,,,,,,,Ofertat,,,,,3.0%,,,
Costin,,,,15/5/2025,OLX,,,,MX,,,RAL,,,,,,,,Informatii,,,,,,,,
Cruceru Dumitru,Bucuresti / Ilfov,MAgurele,0771 322 173,15/5/2025,Telefon,39.58,"LEI     7,152.00",GARD,MX,MX 60,29.99,8019,0.5mm,Mat DUO,,20/5/2025,Nu raspunde,21/5/2025,"Sta cam prost cu finantele, i-am oferit discount 10%, conditie avans pana la 31 mai",Vandut,2/6/2025,LIVRAT,20/6/2025,,1.0%,,,
Simion Stefan,Bucuresti / Ilfov,Darasti,0785 654 033,15/5/2025,Birou,,"LEI     12,000.00",,MX,,,7016,,,,19/5/2025,"Foarte scumpa confectia si montajul, l-am sfatuit sa isi faca dansul. Maine dimineata trece pe la birou. De ce? Vom afla in curand. Totul e sa lase avans 💰",,,Follow UP ( Negociere ),,,,,3.0%,,,
@#$%^&,Bihor,Oradea,0721 617 122,15/5/2025,OLX,,,,MX,,,7016,,,,,,,,Informatii,,,,,,,,
Cristian Minca,Timis,Timisoara,0740 779 579,16/5/2025,OLX,,"LEI     3,500.00",,MX,,,RAL,,,,20/5/2025,Trimis contact lui Bolocan,22/5/2025,"Bolocan nu i-a raspuns, a gasit pe cineva sa ii faca confectia",Pierdut,,,,,3.0%,,,
Simulescu Simona,Bucuresti / Ilfov,Sector 5,(076) 881-1662,16/5/2025,Recomandare,16.92,"LEI     3,668.00",GARD,MX,MX 25 DUO,7.20,7016,0.6mm,Briliant,,,,,,Vandut,16/5/2025,LIVRAT,2/6/2025,,3.0%,,,
OVERLEAP S.R.L,Arges,Topoloveni,0729 814 683,16/5/2025,Client Vechi ( Completare ),,LEI     320.00,,MX,,2.00,7016,,,,,,,,Vandut,16/5/2025,,,,3.0%,,,
Gheorghe Florin,Bucuresti / Ilfov,Sector 5,0760 905 392,19/5/2025,Birou,11.74,"LEI     2,253.00",GARD,MX,MX 25 DUO,4.90,7024,0.6mm,Briliant,,,,,,Vandut,19/5/2025,LIVRAT,29/5/2025,,3.0%,,,
Ali,Bucuresti / Ilfov,Domnesti,0 720 255 214,19/5/2025,Birou,,,,,,,RAL,,,,27/5/2025,Nu raspunde📞,19/6/2025,Nu raspunde📞,Pierdut,,,,,3.0%,,,
Anca Liviu Daniel,Bucuresti / Ilfov,Domnesti,0730 708 362,19/5/2025,Client Vechi ( Completare ),,"LEI     1,596.00",ACOPERIS,Bilka,Cutata,27.52,7016,0.5mm,Mat,,,,,,Vandut,19/5/2025,LIVRAT,21/5/2025,,3.0%,,,
Gainaru Nicu,Bucuresti / Ilfov,Varteju,0 744 614 948,19/5/2025,Client Vechi ( Completare ),,LEI     465.00,FERESTRE MANSARDA,Fakro,,,RAL,,,,,,,,Vandut,29/5/2025,LIVRAT,1/6/2025,,3.0%,,,
APICELLA ALBA S.R.L.,Bucuresti / Ilfov,Sector 5,0721 575 540,19/5/2025,Client Vechi ( Completare ),,LEI     90.00,ELEMENTE SPECIALE,MetallicGroup,,0.66,7016,0.5mm,Mat DUO,,,,,,Vandut,19/5/2025,LIVRAT,13/6/2025,,3.0%,,,
Puscas Marius Catalin,Cluj,Luna de Sus,0 745 238 724,19/5/2025,Cerere oferta site,58.67,"LEI     10,577.00",GARD,MX,MC 105,27.28,7016,0.5mm,Mat DUO,,20/5/2025,"Trimis oferta si poze cu diferenta si sectiune MC-uri.
Revine cu cote finale.
Vrea distanta de 1cm",27/5/2025,"Nu are inca gardul gata, mai lucreaza.",Vandut,12/6/2025,LIVRAT,26/6/2025,,3.0%,,,
George Raducan,Bucuresti / Ilfov,Pantelimon,44 7442 534440,20/5/2025,OLX,,"LEI     3,400.00",,MX,,,RAL,,,,,,,,Ofertat,,,,,3.0%,,,
EXPERT ACCOUNTING SOLUTIONS SRL,Bucuresti / Ilfov,,0723 300 457,20/5/2025,Montatori / Colaboratori,,"LEI     1,732.00",ELEMENTE SPECIALE,MetallicGroup,,11.87,8017,0.6mm,Briliant,,,,,,Vandut,20/5/2025,LIVRAT,4/6/2025,checked,2.0%,,,
George Juca,Bucuresti / Ilfov,Sector 2,0765 404 141,20/5/2025,Telefon,28.70,"LEI     4,284.00",GARD,MX,MX 25 DUO,11.73,7016,0.5mm,Mat DUO,,27/5/2025,"Merge Marian Buica la masurat, clientul ar fi preferat sa mai scada pretul cu vreo 200 lei. Se va intampla, datorita cotelor finale.",29/5/2025,"E intr-o sedinta, i-am dat pe WhatsApp oferta actualizata",Vandut,29/5/2025,LIVRAT,23/6/2025,,3.0%,,,
Feron Styl,Salaj,Zalau,0 745 223 927,20/5/2025,Montatori / Colaboratori,,LEI     620.00,,MX,,,5008,,,,,,,,Informatii,,,,,1.0%,,,
Chirieci Sandu,Bucuresti / Ilfov,Darasti,0726 371 128,20/5/2025,Montatori / Colaboratori,12.34,"LEI     2,362.00",GARD,MX,MX 25,8.75,7016,0.6mm,Briliant,,,,,,Vandut,20/5/2025,LIVRAT,27/5/2025,,1.0%,,,
Emil Pipa,Bucuresti / Ilfov,Sector 5,0722 587 285,20/5/2025,,,,,,,,RAL,,,,,,,,Ofertat,,,,,,,,
Balas,Bihor,Oradea,0771 593 032,20/5/2025,OLX,,,,MX,,,RAL,,,,,,,,Informatii,,,,,,,,
Bircoci Vasile,Bucuresti / Ilfov,Clinceni,0721 627 044,20/5/2025,Birou,,"LEI     18,000.00",,MX,,,7016,,,,22/5/2025,"E mult mai mult decat se astepta, deocamdata nu face",,,Ofertat,,,,,3.0%,,,
Alin Grigore,Bucuresti / Ilfov,Voluntari,40 784 096 208,21/5/2025,OLX,18.15,"LEI     2,984.00",GARD,MX,MX 60 DUO,07.02,7016,0.5mm,Mat DUO,,23/5/2025,"Iam trimis poze si cu lucrari MX25 7016 mat, cum ar vrea, dar si cu MX15, care ii place mai mult",27/5/2025,"A fost in weekend si a a vazut expozoarele, incantat de DUO, nu ii place cum se vad clemele, insa. Ramane sa transmita cotele finale.",Vandut,11/6/2025,LIVRAT,18/6/2025,,3.0%,,,
Soare Nicusor,Teleorman,Botoroga,0727 667 406,21/5/2025,OLX,,"LEI     2,000.00",,MX,,,RAL,,,,22/5/2025,"A dat curs chemarii la showroom, l-am sfatuit sa isi faca singur rama poarta, transmis indicatii despre dispunerea rectangular",,,Ofertat,,,,,3.0%,,,
Matei Apetrica,Bucuresti / Ilfov,Sector 6,0766 237 926,21/5/2025,Birou,,"LEI     2,000.00",,MX,,,7016,,,,3/6/2025,Nu raspunde📞,28/7/2025,Are cote finale poarta,Follow UP ( Negociere ),,,,,3.0%,,,
Andrei Rusanu,Teleorman,Crangu,0 722 448 672,21/5/2025,OLX,,"LEI     2,400.00",,MX,,,RAL,,,,27/5/2025,Nu raspunde📞,3/6/2025,Nu raspunde📞,Ofertat,,,,,3.0%,,,
Alexandru Sidor,Bistrita,,0 786 635 416,21/5/2025,OLX,,"LEI     5,300.00",GARD,MX,,,7016,,,,23/5/2025,Nu raspunde📞,26/5/2025,"Calitate number one, frumoase, dar prea scumpe pentru ce ii trebuia dansului. A ales ieftin",Pierdut,,,,,3.0%,,,
Bor Grigore,Bistrita,,0751 264 073,22/5/2025,OLX,,"LEI     4,000.00",,MX,,,RAL,,,,23/5/2025,"Pana la urma, isi face dansul ramele",17/6/2025,A luat de la Bistrita,Pierdut,,,,,3.0%,,,
Marian Buica,Bucuresti / Ilfov,,0 742 026 510,22/5/2025,,,,,,,,RAL,,,,,,,,Informatii,,,,,,,,
Moraru Catalin,Arges,Vine ursu' in curte,0724 241 726,22/5/2025,Birou,,"LEI     16,000.00",,"Caretta , Wetterbest",,,RAL,,,,30/5/2025,"I-am dat 32%, in weekend e posibil sa ajunga la locatie, sa ia masuratorile. Sper sa fie atent la 🐻",,,Follow UP ( Negociere ),,,,,1.0%,,,
Tangerica Cristinel,Bucuresti / Ilfov,Magurele,0761 715 589,22/5/2025,Client Vechi ( Completare ),,LEI     267.00,ACOPERIS,Caretta,,,7016,0.5mm,Mat,,,,,,Vandut,22/5/2025,LIVRAT,29/5/2025,,2.0%,,,
GHERGHE FLORIN,Gorj,Bustuchin,(076) 777-6565,22/5/2025,CEL.ro,18.88,"LEI     3,523.00",GARD,MX,MX 15,12.23,7016,0.5mm,Mat DUO,,23/5/2025,Are si oferta TPS. Am vb cu dl director si i-am acordat 10%. Vorbeste cu sotia si revine.,,,Vandut,23/5/2025,LIVRAT,3/6/2025,,1.0%,,,
Andrei,Bihor,,,23/5/2025,OLX,,"LEI     1,800.00",,MX,,,RAL,,,,,,,,Ofertat,,,,,3.0%,,,
Stanescu Mihail,Bucuresti / Ilfov,,0740 330 003,23/5/2025,Telefon,,"LEI     14,000.00",,MX,,,RAL,,,,,,,,Ofertat,,,,,3.0%,,,
Nemes Ioan,Bucuresti / Ilfov,,George Cosbuc,23/5/2025,Client Vechi ( Completare ),,LEI     184.00,SISTEM PLUVIAL,Caretta,,,8017,0.5mm,Lucios,,,,,,Vandut,2/6/2025,LIVRAT,28/7/2025,,2.0%,,,
IGHAZBAU SRL,Timis,Dumbrava,0 720 198 998,26/5/2025,CEL.ro,50.78,"LEI     8,800.00",GARD,MX,MX 25 DUO,22.00,8017,0.5mm,Mat DUO,,26/5/2025,Vorbeste cu sotul si avem avans👍🏻,,,Vandut,26/5/2025,LIVRAT,5/6/2025,,3.0%,,,
Bejinaru Delia,Gorj,,0 724 070 503,26/5/2025,OLX,,"LEI     4,600.00",,MX,,,RAL,,,,2/6/2025,Nu raspunde📞,3/6/2025,Nu raspunde📞,Pierdut,,,,,3.0%,,,
Bortun Mircea,Timis,Timisoara,0740 137 655,26/5/2025,OLX,,"LEI     16,000.00",,MX,,,7016,,,,29/5/2025,"Strange mai multe oferte, pana saptamana viitoare are un raspuns. I-am dat 10% pana pe 15 iunie",12/6/2025,"A ales oferta cu 160 lei/mp, avand suprafata mare...",Pierdut,,,,,1.0%,,,
Catalin Malaescu,Prahova,Ploiesti,0 726 105 055,26/5/2025,Telefon,,"LEI     1,200.00",,MX,,,7016,,,,,,,,Ofertat,,,,,3.0%,,,
Maverick,Bucuresti / Ilfov,Sector 2,0722 641 800,26/5/2025,OLX,,"LEI     3,600.00",,MX,,,RAL,,,,,,,,Ofertat,,,,,3.0%,,,
Cristian Strugari,Mures,Târgu Mureș,0 748 479 403,27/5/2025,OLX,,"LEI     14,000.00",,MX,,,RAL,,,,29/5/2025,Nu raspunde📞,2/6/2025,Nu raspunde📞,Ofertat,,,,,3.0%,,,
Petre Vasile,Bucuresti / Ilfov,Sector 5,0728 689 253,27/5/2025,,,"LEI     2,600.00",,,,,RAL,,,,,,,,Ofertat,,,,,,,,
Lazar Ionut,Giurgiu,Bolintin,0 769 111 694,27/5/2025,Recomandare,,"LEI     15,000.00",,MX,,,8017,,,,,,,,Pierdut,,,,,3.0%,,,
Keoo Vip Salon,,,0 731 526 958,27/5/2025,OLX,,"LEI     2,000.00",,MX,,,RAL,,,,,,,,Ofertat,,,,,3.0%,,,
Sorin,,,,27/5/2025,,,,,,,,RAL,,,,,,,,Informatii,,,,,,,,
Stan Marian,Bucuresti / Ilfov,Vanatori,0769 529 414,27/5/2025,Client Vechi ( Completare ),,"LEI     12,000.00",ACOPERIS,Caretta,,,7016,,,,30/5/2025,Nu raspunde📞,3/6/2025,Nu raspunde📞,Follow UP ( Negociere ),,,,,3.0%,,,
Catalin,Valcea,Berbesti,0743 919 190,27/5/2025,OLX,,"LEI     4,500.00",,MX,,,7016,,,,28/5/2025,"I-am cerut nr meseriasului care ii va face portile, sa ii dau indicatii. Montaj panouri 200 lei/ buc",2/6/2025,"Nu are gata stalpii, din cauza vremii. Ma contacteaza cand are cote",Follow UP ( Negociere ),,,,,3.0%,,,
Boteanu Aurel,Bucuresti / Ilfov,Sector 3,0724 659 738,28/5/2025,OLX,,LEI     750.00,,MX,,,RAL,,,,3/6/2025,"Nu mai face, momentan, a intervenit altceva si e investitia prea mare",,,Pierdut,,,,,1.0%,,,
Adrian Dumitras,Bucuresti / Ilfov,Sector 5,0735 389 939,28/5/2025,Birou,,"LEI     4,500.00",,MX,,,RAL,,,,30/5/2025,"Mai amana putin, nu ne auzim saptamana viitoare",17/6/2025,"A respins, sms automat ca  revine el",Follow UP ( Negociere ),,,,,3.0%,,,
Leu Mihai,Bucuresti / Ilfov,Voluntari,0726 714 426,28/5/2025,"TikTok, Birou",,LEI     800.00,,MX,,,7016,,,,12/6/2025,"nu avea gata stalpii,",7/8/2025,A rezolvat cu altcineva,Pierdut,,,,,3.0%,,,
Fan,Bucuresti / Ilfov,,,28/5/2025,,,,,,,,RAL,,,,,,,,Informatii,,,,,,,,
Dragoiu Ion,Buzau,Siriu,0751 393 258,28/5/2025,OLX,,,,MX,,,RAL,,,,12/6/2025,Respins,,,Ofertat,,,,,3.0%,,,
Tanase Gheorghe,Bucuresti / Ilfov,Sect 5,0766 819 177,29/5/2025,Client Vechi ( Completare ),,LEI     78.00,SISTEM PLUVIAL,Caretta,,,8017,0.6mm,Briliant,,,,,,Vandut,29/5/2025,COMANDAT,11/6/2025,,3.0%,,,
CRIBO METAL CONFEX SRL,Maramures,Sarasau,0 747 896 194,29/5/2025,Google,,,,MX,,,RAL,,,,,,,,Informatii,,,,,,,,
Radovici Adrian,Bucuresti / Ilfov,Bragadiru,0768 181 883,29/5/2025,Birou,,"LEI     1,500.00",,MX,,,RAL,,,,3/6/2025,"Vine maine la sediu, la ora 11. Cel mai probabil va alege cutata",,,Ofertat,,,,,3.0%,,,
Orzan Marian,Bucuresti / Ilfov,Buda,0724 342 926,29/5/2025,Birou,,"LEI     5,300.00",,MX,,,RAL,,,,3/6/2025,"Cum dom'le sa ii ceara pe confectie metalica atat?! Pai e teava goala, el o ia la 1200 lei 😂
I-am dat 10%, pana la 30.06, sa nu mai planga",26/6/2025,Nu raspunde📞,Pierdut,,,,,1.0%,,,
ERBASU EDIL CONSTRUCT SA /Rodica Smolenschi,Bucuresti / Ilfov,Sector 5,(076) 794-8676,29/5/2025,OLX,28.70,"LEI     4,925.00",GARD,MX,MX 15 DUO,10.94,7016,,,,30/5/2025,"Interesata si de boltari, i-am trimis foto si ceva info+ locatie, sa vina sa vada",,,Vandut,8/10/2025,LIVRAT,7/11/2025,,3.0%,,,
Gabi Vartopeanu,Bucuresti / Ilfov,,0 770 518 779,30/5/2025,Montatori / Colaboratori,,,,MetallicGroup,,,RAL,,,,,,,,Informatii,,,,,,,,
Oancea Gabriela,Vaslui,Husi,0 761 988 104,30/5/2025,Facebook,,"LEI     25,000.00",,MX,,,RAL,,,,,,,,Ofertat,,,,,3.0%,,,
PHOENIX CONSTRUCȚII ȘI FINISAJE SRL,Bucuresti / Ilfov,Magurele,0746 131 889,2/6/2025,Birou,,"LEI     1,595.00",SISTEM PLUVIAL,Caretta,,,8004,0.6mm,Briliant,,,,,,Vandut,2/6/2025,LIVRAT,11/6/2025,,3.0%,,,
Zamfirescu Radu,Bihor,Oradea,0 766 180 350,2/6/2025,,,"LEI     3,870.00",,,,,RAL,,,,,,,,Ofertat,,,,,,,,
Soare Niculae,Bucuresti / Ilfov,,0721 222 111,2/6/2025,Lead Caretta,,"LEI     2,100.00",,MX,,,RAL,,,,,,,,Ofertat,,,,,3.0%,,,
Adrian,Bihor,Oradea,0 742 785 071,2/6/2025,,,,,MX,,,RAL,,,,,,,,Follow UP ( Negociere ),,,,,,,,
Dana C,Bihor,,0745 426 924,2/6/2025,,,,,,,,RAL,,,,,,,,Contactat,,,,,,,,
ACTIVECONSTRUCT TAU S.R.L.,Bucuresti / Ilfov,Sector 5,0733 494 537,2/6/2025,Birou,,LEI     900.00,ELEMENTE SPECIALE,MetallicGroup,,6.60,8017,0.5mm,Mat,,,,,,Vandut,2/6/2025,LIVRAT,10/6/2025,,3.0%,,,
Iulian Radu,Bucuresti / Ilfov,Bragadiru,0726 231 834,3/6/2025,Client Vechi ( Completare ),9.89,LEI     510.00,GARD,MX,MX 25,02.04,7016,0.5mm,Mat DUO,,,,,,Vandut,3/6/2025,LIVRAT,3/6/2025,,3.0%,,,
Iacob Alexandru Trifan,Cluj,Campia Turzii,0 773 791 236,3/6/2025,Montatori / Colaboratori,15.39,"LEI     2,685.00",GARD,MX,MX 25,11.19,5008,0.6mm,Briliant,,,,,,Vandut,3/6/2025,LIVRAT,12/6/2025,,1.0%,,,
Petcu Emilia,Bucuresti / Ilfov,,0767 225 878,3/6/2025,Birou,,"LEI     3,000.00",,"Metigla, Caretta",,,9005,,,,,,,,Ofertat,,,,,3.0%,,,
Marius Marcu,Dolj,Pielesti,0 767 598 879,3/6/2025,OLX,,,,MX,,,RAL,,,,,,,,Ofertat,,,,,3.0%,,,
Nastase Marian,Arges,Mozoceni,0723 567 636,4/6/2025,Birou,73.93,"LEI     12,579.00",GARD,MX,MX 25 DUO,31.45,8017,0.5mm,Mat DUO,,10/6/2025,,11/7/2025,"Portile le face cu Ovidiu,",Vandut,12/7/2025,LIVRAT,29/7/2025,,3.0%,,,
Raluca Olteanu,Buzau,,0 765 624 803,4/6/2025,OLX,,"LEI     10,000.00",,MX,,,7016,,,,,,,,Ofertat,,,,,3.0%,,,
Ciobanu Petrica,Bucuresti / Ilfov,Dascalu,0 754 936 205,4/6/2025,OLX,,"LEI     3,300.00",,MX,,,RAL,,,,,,,,Ofertat,,,,,1.0%,,,
Gheorghita Robert,Bucuresti / Ilfov,Domnesti,0767 209 942,4/6/2025,Birou,9.58,"LEI     1,666.00",GARD,MX,MX 25,6.66,7016,0.5mm,Mat DUO,,,,,,Vandut,6/6/2025,,,,3.0%,,,
Attila,Bihor,Oradea,0 752 450 722,4/6/2025,OLX,,"LEI     1,500.00",,MX,,,RAL,,,,,,,,Ofertat,,,,,3.0%,,,
Croitoru Alexandru,Bucuresti / Ilfov,Bragadiru,(072) 252-4442,5/6/2025,Recomandare,,LEI     94.00,,Caretta,,2.33,7016,,,,,,,,Vandut,5/6/2025,COMANDAT,,,0.0%,,,
Tilea Roxana,Timis,,(077) 399-8107,5/6/2025,OLX,,,,MX,,,RAL,,,,,,,,Ofertat,,,,,3.0%,,,
Mădălina,Bucuresti / Ilfov,Ilfov,0 755 413 138,5/6/2025,Telefon,,"LEI     4,200.00",,MX,,,7016,,,,19/6/2025,Nu raspunde📞,,,Ofertat,,,,,3.0%,,,
Carmen Neprusel,Bucuresti / Ilfov,Bragadiru,0745 112 389,5/6/2025,Client Vechi ( Completare ),,LEI     689.00,GARD,Caretta,,,7016,0.6mm,Briliant,,,,,,Vandut,5/6/2025,LIVRAT,13/6/2025,,3.0%,,,
Nicolae Dinu,Bucuresti / Ilfov,Sector 4,0 771 634 742,5/6/2025,OLX,,"LEI     2,000.00",,MX,,,RAL,,,,,,,,Ofertat,,,,,3.0%,,,
Beniamin,Arad,,0 753 938 582,5/6/2025,OLX,,"LEI     1,500.00",,MX,,,RAL,,,,,,,,Ofertat,,,,,3.0%,,,
Marin Gheorghe,Giurgiu,,0727 206 195,5/6/2025,"Birou, TikTok",,"LEI     3,200.00",,MX,,,7016,,,,,,,,Ofertat,,,,,3.0%,,,
Cristi Top Beton,Bucuresti / Ilfov,,,5/6/2025,Montatori / Colaboratori,,LEI     424.00,ELEMENTE SPECIALE,MetallicGroup,,3.44,7016,0.5mm,Mat,,,,,,Vandut,5/6/2025,LIVRAT,12/6/2025,,2.0%,,,
Dumitrache Florin,Calarasi,Buciumeni,0769 938 098,5/6/2025,Birou,16.24,"LEI     3,603.00",GARD,MX,MX 25,12.01,7016,0.6mm,Briliant,,,,,,Vandut,5/6/2025,LIVRAT,11/6/2025,,3.0%,,,
Ionita Ion,Giurgiu,Bolintin,0 731 061 536,6/6/2025,Telefon,,,,MX,,,RAL,,,,,,,,Informatii,,,,,,,,
Cristi Antonie,Dolj,Craiova,0 732 108 510,6/6/2025,OLX,,"LEI     4,600.00",,MX,,,7016,,,,,,,,Pierdut,,,,,3.0%,,,
Eduard,Timis,,#ERROR!,6/6/2025,OLX,,,,MX,,,RAL,,,,,,,,Informatii,,,,,,,,
Dragomir Ioan,Caras-Severin,Caransebeș,0 745 371 704,6/6/2025,OLX,,"LEI     3,700.00",,MX,,,RAL,,,,,,,,Ofertat,,,,,3.0%,,,
Adrian Chirica,Giurgiu,Mihailesti,0 723 505 497,6/6/2025,Recomandare,,"LEI     10,618.00",GARD,Zebra,Sipca gard,,8004,0.6mm,Briliant,,,,,,Vandut,27/6/2025,,,,1.0%,,,
Trandafir Viorel,Teleorman,CIOLANESTI DEAL,0 769 237 227,6/6/2025,Client Vechi ( Completare ),,LEI     351.00,ACOPERIS,Caretta,,,7024,0.5mm,Mat,,,,,,Vandut,6/6/2025,LIVRAT,17/6/2025,,2.0%,,,
Maria Juruga,,,0 770 195 648,10/6/2025,Telefon,,,,"MX, Caretta",,,RAL,,,,,,,,Ofertat,,,,,3.0%,,,
Dona Gheorghe,Bucuresti / Ilfov,,,10/6/2025,Birou,,,,,,,RAL,,,,,,,,Ofertat,,,,,,,,
Ionut,Giurgiu,Buturugeni,0 790 586 484,10/6/2025,Telefon,,,,MX,,,RAL,,,,,,,,Informatii,,,,,,,,
Aura Ioana,Giurgiu,Vidra,0 760 415 407,10/6/2025,TikTok,,,,MX,,,RAL,,,,,,,,Ofertat,,,,,,,,
Borsan Florentin,Bucuresti / Ilfov,Magurele,0 769 645 157,10/6/2025,Facebook,,"LEI     5,800.00",,MX,,,RAL,,,,,,,,Ofertat,,,,,3.0%,,,
Gheorghe Popovici,Bucuresti / Ilfov,,(072) 072-8787,10/6/2025,Facebook,,,,MX,,,RAL,,,,,,,,Informatii,,,,,,,,
Ionescu Stefan Liviu,Bucuresti / Ilfov,Sector 5,0746 812 068,10/6/2025,,,LEI     800.00,,,,,8017,,,,,,,,Ofertat,,,,,,,,
Sorin Scs,Bucuresti / Ilfov,,,10/6/2025,Facebook,,,,MX,,,RAL,,,,,,,,Pierdut,,,,,,,,
Gheorghe Popovici,Bucuresti / Ilfov,,(072) 072-8787,10/6/2025,Facebook,,"LEI     9,000.00",,MX,,,3005,,,,30/6/2025,"A fost nevoit sa amane proiectul, pana prin octombrie.",10/10/2025,"Nu raspunde📞, dar i-am trimis Gardoween
Nu mai face gardul, are alte prioritati acum",Pierdut,,,,,3.0%,,,
Tudor Sinca,Bucuresti / Ilfov,,0769 558 688,10/6/2025,Facebook,,"LEI     8,700.00",,MX,,,RAL,,,,,,,,Ofertat,,,,,3.0%,,,
Toader Adrian,Bucuresti / Ilfov,,0742 010 820,10/6/2025,Facebook,,"LEI     25,000.00",,MX,,,RAL,,,,7/8/2025,"Ne auzim miercuri, are beton si stalpi rectangular 50/50, deocamdata n uar avea bani de porti",13/8/2025,Nu raspunde📞,Follow UP ( Negociere ),,,,,3.0%,,,
Ionut,Braila,,0 742 603 688,10/6/2025,OLX,,"LEI     4,000.00",,MX,,,RAL,,,,,,,,Ofertat,,,,,3.0%,,,
Stefan Ionut,Dolj,Craiova,0 768 178 493,10/6/2025,OLX,,"LEI     4,600.00",,MX,,,RAL,,,,,,,,Follow UP ( Negociere ),,,,,3.0%,,,
Cata,,,,11/6/2025,OLX,,,,MX,,,RAL,,,,,,,,Informatii,,,,,,,,
Radu Ion,Bucuresti / Ilfov,Bucuresti,0720 541 456,11/6/2025,Birou,,LEI     154.00,ACOPERIS,Caretta,,,7016,0.5mm,Mat DUO,,,,,,Vandut,11/6/2025,LIVRAT,11/6/2025,,3.0%,,,
Mihailescu Marius,Teleorman,,0720 302 189,11/6/2025,Birou,,"LEI     11,000.00",,MX,,,RAL,,,,,,,,Ofertat,,,,,3.0%,,,
Emilian,,,,11/6/2025,OLX,,,,,,,RAL,,,,,,,,,,,,,,,,
Comusi Andra,Bucuresti / Ilfov,,0 728 196 540,11/6/2025,Telefon,,"LEI     8,000.00",,MX,,,7016,,,,11/6/2025,"Pus in legatura cu Marian Buica, vrea si confectie metalica+ montaj",,,Ofertat,,,,,3.0%,,,
Stanciu Monica,Bucuresti / Ilfov,Sector 4,0773 366 310,11/6/2025,Birou,22.73,"LEI     4,271.00",GARD,MX,MX 25 DUO,9.29,7016,0.6mm,Briliant,,,,,,Vandut,11/6/2025,LIVRAT,19/6/2025,,3.0%,,,
Alin Radu,Calarasi,,0 750 435 284,11/6/2025,Telefon,,"LEI     5,600.00",,MX,,,RAL,,,,,,,,Ofertat,,,,,1.0%,,,
ECOLINE STORE SRL,Giurgiu,Buturugeni,,11/6/2025,Client Vechi ( Completare ),6.39,"LEI     1,038.00",GARD,MX,MX 25,4.33,7016,0.6mm,Briliant,,,,,,Vandut,11/6/2025,LIVRAT,25/6/2025,,0.0%,,,
Vasile Ioan,Vrancea,Focsani,0752 326 168,11/6/2025,OLX,,"LEI     20,000.00",,MX,,,7016,,,,13/6/2025,Nu mai face gardul,,,Pierdut,,,,,3.0%,,,
Stroescu Gheorghe,Giurgiu,Bacu,0745 072 043,11/6/2025,Birou,,"LEI     8,000.00",,MX,,,8017,,,,13/6/2025,Nu raspunde📞,16/6/2025,Discount 10% pana la 30 iun,Ofertat,,,,,1.0%,,,
ECOLINE STORE SRL,Giurgiu,Buturugeni,,11/6/2025,Client Vechi ( Completare ),15.36,"LEI     2,226.00",GARD,MX,MX 25,11.13,7016,0.5mm,Mat DUO,,,,,,Vandut,11/6/2025,LIVRAT,25/6/2025,,0.0%,,,
Andrei Gaman,Constanta,Valu,(076) 770-2612,11/6/2025,OLX,,"LEI     2,200.00",,MX,,,RAL,,,,,,,,Ofertat,,,,,3.0%,,,
Angela Tudorache,Bucuresti / Ilfov,Sector 5,0 721 368 336,11/6/2025,OLX,9.54,"LEI     1,745.00",GARD,MX,MX 25,07.02,7024,0.6mm,Briliant,,13/6/2025,"Au acceptat invitatia la birou, isi fac ei ramele portilor. Au primit toate indicatiile necesare, pentru ca sunt consultant, nu doar agent vanzari",5/8/2025,"Oferta refacuta, maine vine sotul cu avans",Vandut,6/8/2025,LIVRAT,20/8/2025,,1.0%,,,
Dan Arsenie,Bucuresti / Ilfov,Bragadiru,0766 641 519,11/6/2025,Facebook,,"LEI     13,000.00",,MX,,,7016,,,,13/6/2025,"Trimite cote, dar l-am chemat luni la showroom sa ii prezint minnunile noastre de modele",23/6/2025,Vine joi sau vineri la showroom,Follow UP ( Negociere ),,,,,3.0%,,,
Ciprian,Arad,,,12/6/2025,OLX,,,,MX,,,RAL,,,,,,,,Informatii,,,,,,,,
chiuzbaiandorel,,,,12/6/2025,OLX,,,,MX,,,9005,,,,,,,,Informatii,,,,,,,,
GRAMM LICOS SRL,Bucuresti / Ilfov,,,12/6/2025,Client Vechi ( Completare ),,LEI     60.00,GARD,Caretta,,,8019,,,,,,,,Vandut,12/6/2025,LIVRAT,12/6/2025,,3.0%,,,
Lazici,Sibiu,Saliste,0749 246 622,12/6/2025,OLX,,,,,,,RAL,,,,,,,,Ofertat,,,,,3.0%,,,
Dumitru Donea,Giurgiu,Gostinari,0 787 376 698,12/6/2025,OLX,,"LEI     2,200.00",,,,,RAL,,,,,,,,Ofertat,,,,,,,,
Zoltan Ionut Alin,Sibiu,Satul Nou,49 1575 2445330,12/6/2025,OLX,70.15,"LEI     13,236.00",GARD,MX,MX 25 DUO,30.29,7016,0.6mm,Briliant,,,,,,Vandut,12/6/2025,LIVRAT,18/7/2025,,2.0%,,,
Ionut Pascalau,Bihor,Oradea,0 752 066 123,12/6/2025,OLX,,"LEI     6,200.00",,MX,,,7016,,,,13/6/2025,E plecat in weekend,17/6/2025,"A ales a;ta oferta, grosime 1.5",Pierdut,,,,,3.0%,,,
Florin Dobsa,Bihor,Voivozi,0 740 902 221,13/6/2025,OLX,,"LEI     1,500.00",,MX,,,7016,,,,17/6/2025,"Nu are turnat, abia dupa aceea ne auzim",,,Ofertat,,,,,3.0%,,,
Vio termopane,Bucuresti / Ilfov,,0 724 950 611,13/6/2025,Montatori / Colaboratori,,LEI     783.00,,MetallicGroup,,6.00,9002,,,,,,,,Vandut,13/6/2025,,,,1.0%,,,
Banovici Robert Nicusor,Bucuresti / Ilfov,,0727 803 481,13/6/2025,Client Vechi ( Completare ),8.89,"LEI     2,160.00",GARD,MX,MX 25,7.20,7016,0.6mm,Briliant,,,,,,Vandut,13/6/2025,LIVRAT,28/10/2025,,3.0%,,,
Barta Ikdiko,Cluj,,0 745 563 933,13/6/2025,Facebook,,"LEI     5,000.00",,MX,,,7016,,,,17/6/2025,Nu raspunde,,,Pierdut,,,,,3.0%,,,
Dutu,,,0 756 861 469,13/6/2025,Facebook,,"LEI     2,300.00",,MX,,,RAL,,,,,,,,Ofertat,,,,,3.0%,,,
Client,Braila,,0 726 002 733,13/6/2025,Telefon,,,,MX,,,RAL,,,,,,,,Informatii,,,,,,,,
Stanciu Monica,Bucuresti / Ilfov,,0773 366 310,13/6/2025,Client Vechi ( Completare ),,"LEI     1,419.00",ELEMENTE SPECIALE,MetallicGroup,,8.80,9002,0.6mm,Briliant,,,,,,Vandut,13/6/2025,LIVRAT,1/7/2025,,3.0%,,,
Gemma Iosip,Bucuresti / Ilfov,Sector 5,0724 393 909,13/6/2025,Telefon,,"LEI     3,000.00",,MX,,,,,,,24/6/2025,A luat ieftin,,,Pierdut,,,,,3.0%,,,
Cristian,Galati,,0 764 548 174,16/6/2025,OLX,,"LEI     40,000.00",,MX,,,RAL,,,,23/6/2025,Nu raspunde📞,,,Ofertat,,,,,1.0%,,,
Dorin,Bihor,,,16/6/2025,OLX,,"LEI     4,700.00",,MX,,,RAL,,,,,,,,Informatii,,,,,3.0%,,,
Costica Popa,Tulcea,,0 744 481 865,16/6/2025,Google,,"LEI     4,800.00",,MX,,,RAL,,,,,,,,Pierdut,,,,,,,,
Narcis Codrut,NEAMT,,,16/6/2025,Montatori / Colaboratori,,,,MX,,,RAL,,,,,,,,Informatii,,,,,,,,
Bochis Ioan,Bucuresti / Ilfov,Tunari,0767 843 303,16/6/2025,Telefon,,"LEI     6,000.00",,MX,,,RAL,,,,,,,,Ofertat,,,,,3.0%,,,
Ileana Piperca,Dolj,Craiova,0 745 043 395,16/6/2025,OLX,37.26,"LEI     6,609.00",GARD,MX,MC 105,18.36,7016,0.5mm,Mat DUO,,18/6/2025,"A fost Nedelcu Daniel la masurat, astept confirmare distanta intre casete, maine",,,Vandut,23/6/2025,LIVRAT,26/6/2025,,3.0%,,,
Florin Olteanu,Bucuresti / Ilfov,,0723 620 130,16/6/2025,Birou,,"LEI     7,594.00",,MX,,,9005,,,,24/6/2025,Nu raspunde📞,,,Ofertat,,,,,3.0%,,,
Marius C,Constanta,,,16/6/2025,,,,,MX,,,RAL,,,,,,,,Ofertat,,,,,3.0%,,,
Toader Georgica,Bucuresti / Ilfov,,0736 761 928,17/6/2025,Birou,,LEI     277.00,SISTEM PLUVIAL,Caretta,,,8019,0.6mm,Briliant,,,,,,Vandut,17/6/2025,COMANDAT,24/6/2025,,3.0%,,,
Trandafir Viorel,Bucuresti / Ilfov,,,17/6/2025,Birou,,LEI     100.00,,MetallicGroup,,,7016,,,,,,,,Vandut,17/6/2025,,17/6/2025,,3.0%,,,
Fratila Vlad,Ialomita,Slobozia,0 721 492 557,17/6/2025,Telefon,,,,MX,,,7016,,,,,,,,Informatii,,,,,1.0%,,,
George Oprea,Calarasi,Vasilati,0766 956 443,17/6/2025,Facebook,,"LEI     4,000.00",,MX,,,RAL,,,,24/6/2025,Nu raspunde📞,,,Ofertat,,,,,,,,
Gabriela Ion,Arges,,0 748 522 997,17/6/2025,OLX,,,,MX,,,RAL,,,,19/6/2025,,,,Pierdut,,,,,3.0%,,,
Musat Emilian,Olt,Corabia,0 787 705 944,17/6/2025,OLX,,"LEI     2,250.00",,MX,,,7016,,,,,,,,Ofertat,,,,,3.0%,,,
Selea Ionut,Bucuresti / Ilfov,Sector 5,0728 832 027,17/6/2025,Birou,,"LEI     11,000.00",,Caretta,,,7016,,,,24/6/2025,"A intervenit ceva, momentan nu mai face acoperisul",,,Ofertat,,,,,3.0%,,,
Talpos,Bucuresti / Ilfov,,0740 142 179,17/6/2025,Client Vechi ( Completare ),,LEI     307.00,,"Caretta , MetallicGroup",,,8019,,,,,,,,Ofertat,,,,,3.0%,,,
Orzan Robert,Brasov,Brasov,0 756 040 091,17/6/2025,TikTok Campanie,,"LEI     5,000.00",,MX,,,7016,,,,24/6/2025,"Pus in legatura cu Kosa Arpad, pentru confectie poarta autoportanta si montaj",,,Ofertat,,,,,3.0%,,,
Dragan Viorel,Bucuresti / Ilfov,Cornetu,0722 454 852,18/6/2025,Birou,,"LEI     4,697.00",,MX,,,7016,,,,24/6/2025,Nu raspunde📞,,,Ofertat,,,,,3.0%,,,
Oprea Catalin,Giurgiu,,0724 114 814,18/6/2025,Birou,,"LEI     2,070.00",,MX,,,8019,,,,,,,,Ofertat,,,,,3.0%,,,
Nedelcu Daniel,Dolj,,0 735 815 862,18/6/2025,Montatori / Colaboratori,,,,MX,,,RAL,,,,,,,,Informatii,,,,,,,,
Iacob Ionela,,,0 756 273 017,18/6/2025,Facebook,,,,MX,,,RAL,,,,24/6/2025,"Nu, nu, ne contacta ea daca era cazul. A vorbit si cu sotul si nu",,,Pierdut,,,,,,,,
Ene Marinela,hunedoara,Deva,0 745 511 598,18/6/2025,Lead WTB,,"LEI     45,500.00",,MX,,,RAL,,,,,,,,Ofertat,,,,,3.0%,,,
Muntenia Vision,,,0 763 099 610,19/6/2025,OLX,,"LEI     12,000.00",,MX,,,RAL,,,,,,,,Pierdut,,,,,3.0%,,,
Nita Jenica,Bucuresti / Ilfov,Cernica,0 766 664 733,19/6/2025,,,LEI     900.00,,MX,,,RAL,,,,,,,,Ofertat,,,,,3.0%,,,
LUMBERSTEEL,,,0 735 815 862,19/6/2025,Montatori / Colaboratori,,,,MX,,,RAL,,,,,,,,Informatii,,,,,1.0%,,,
Ganea Claudia,Bucuresti / Ilfov,Sector 3,0 721 790 539,19/6/2025,OLX,,,,MX,,,6005,,,,23/6/2025,Nu raspunde📞,24/6/2025,Nu raspunde📞,Pierdut,,,,,3.0%,,,
Dumitrache Florin,Calarasi,Buciumeni,0769 938 098,19/6/2025,Client Vechi ( Completare ),10.50,"LEI     2,353.00",GARD,MX,MX 25,7.84,7016,0.6mm,Briliant,,,achitat de pe negoi maria denisa,,,Vandut,12/7/2025,LIVRAT,29/7/2025,,3.0%,,,
Iordache Gabriel,Bucuresti / Ilfov,Bragadiru,0744 805 219,19/6/2025,Birou,18.42,"LEI     3,401.00",GARD,MX,MC 105,07.08,6020,0.6mm,Briliant,,26/6/2025,"Maine vine la birou, sa dea comanda",,,Vandut,26/6/2025,LIVRAT,11/7/2025,,3.0%,,,
Viorel Ignat,Prahova,Floresti,0 787 516 056,20/6/2025,OLX,,,,MX,,,RAL,,,,,,,,Ofertat,,,,,3.0%,,,
Breazu Mihai,Bucuresti / Ilfov,Bragadiru,,20/6/2025,,,,,Metigla,,,RAL,,,,,,,,Informatii,,,,,,,,
Ponea Adrian,Bucuresti / Ilfov,Sector 5,0764 195 744,20/6/2025,Birou,,LEI     880.00,SISTEM PLUVIAL,Caretta,,,3005,0.6mm,Briliant,,,,,,Vandut,20/6/2025,LIVRAT,26/6/2025,,3.0%,,,
LUMBERSTEEL,Dolj,Craiova,0 735 815 862,20/6/2025,Montatori / Colaboratori,,,,MX,,,RAL,,,,,,,,Informatii,,,,,,,,
Gigolea Stefan,Bucuresti / Ilfov,Clinceni,0774 670 035,20/6/2025,Birou,,"LEI     2,873.00",ACOPERIS,Caretta,Daily,13.20,6020,0.5mm,Mat,,,,,,Vandut,20/6/2025,LIVRAT,25/6/2025,,3.0%,,,
Florin,,,0 724 709 124,20/6/2025,OLX,,,,MX,,,RAL,,,,26/6/2025,"Daca nu a revenit inseamna ca nu isi permite.
Cum de nu mi-am dat seama oare?! 😂",,,Pierdut,,,,,3.0%,,,
Catu Stefan,Bucuresti / Ilfov,,0 722 570 139,20/6/2025,Client Vechi ( Completare ),,,,MX,,,RAL,,,,,,,,Informatii,,,,,3.0%,,,
Velici,Bacau,,0049 1521 5179682,23/6/2025,OLX,,"LEI     8,000.00",,MX,,,RAL,,,,,,,,Ofertat,,,,,3.0%,,,
Vestemean Ionut,Sibiu,Talmaciu,0 749 545 412,23/6/2025,Montatori / Colaboratori,36.29,"LEI     5,738.00",GARD,MX,MX 25 DUO,15.59,9005,0.6mm,Briliant,,,,,,Vandut,24/6/2025,LIVRAT,18/7/2025,,1.0%,,,
Raicu Florin,Bucuresti / Ilfov,Bragadiru,0721 260 419,23/6/2025,Teren,,,,MX,,,RAL,,,,,,,,Informatii,,,,,3.0%,,,
Xulescu,Bucuresti / Ilfov,,0762 424 594,23/6/2025,Telefon,,,,Zebra,,,RAL,,,,,,,,Ofertat,,,,,,,,
Cernea Ovidiu,Bucuresti / Ilfov,,0758 055 555,23/6/2025,Birou,,"LEI     9,570.00",,MX,,,7016,,,,26/6/2025,"Nu s-a hotarat ce vrea exact sa faca cu gardul, nu are zidaria terminata, i-am oferit discount 10%, sa dea un avans!",,,Follow UP ( Negociere ),,,,,1.0%,,,
Alexandru Miroiu,Prahova,Ploiesti,0 726 550 950,23/6/2025,OLX,,"LEI     18,000.00",,MX,,,7016,,,,26/6/2025,"A cerut mai multe oferte, pana la urma gardul din sppate de 19 m il vrea din cutata. I-am transmis oferta cutata+ restul jaluzea. Gardul vechi il vinde inapoi dezvoltatorului. L-a mai ofertat cineva din Campina, care a zis ca lucreaza cu Metallic Group.",7/8/2025,"99% face cu noi, trebuie sa dezafecteze gardul vechi. Actualizam oferta, sa vedem cu TVA",Follow UP ( Negociere ),,,,,3.0%,,,
Liviu Pop,Mures,Tragu Mures,0 742 753 946,23/6/2025,OLX,,"LEI     6,000.00",,MX,,,RAL,,,,24/6/2025,Nu raspunde📞,26/6/2025,Nu raspunde📞,Pierdut,,,,,3.0%,,,
Musca,harghita,Toplita,0 744 988 156,23/6/2025,OLX,,"LEI     4,000.00",,MX,,,9005,,,,27/6/2025,"Vine un mester care sa ii faca rame porti, va trimite cotele cu totul. I-am trimis ce rectangular ii trebuie si dispunerea",,,Ofertat,,,,,3.0%,,,
Oprita Marian,Bucuresti / Ilfov,Sector 4,0723 613 518,23/6/2025,Client Vechi ( Completare ),6.48,"LEI     1,181.00",GARD,MX,MX 60 DUO,2.46,6005,,,,,,,,Vandut,23/6/2025,LIVRAT,9/7/2025,,3.0%,,,
LUMBERSTEEL,Dolj,Craiova,0 735 815 862,23/6/2025,Montatori / Colaboratori,,,,MX,,,RAL,,,,,,,,Informatii,,,,,1.0%,,,
Bosancu Petru,Iasi,Iasi,0 741 657 640,24/6/2025,OLX,,"LEI     1,600.00",,MX,,,8017,,,,27/6/2025,Nu raspunde📞,1/7/2025,"Inca nu sunt gata masuratorile, ne auzim",Follow UP ( Negociere ),,,,,3.0%,,,
LUMBERSTEEL,Dolj,Craiova,0 735 815 862,24/6/2025,,,,,MX,,,RAL,,,,,,,,Informatii,,,,,,,,
Ganea Marian,Prahova,Valeni,0 751 850 944,24/6/2025,OLX,,"LEI     3,465.00",,MX,,,7016,,,,30/6/2025,Trimis cote pentru MX25,1/8/2025,"Nu mai face, ne auzim pe viitor, daca e.",Follow UP ( Negociere ),,,,,1.0%,,,
Cristi,Bucuresti / Ilfov,Bragadiru,0723 300 457,25/6/2025,Montatori / Colaboratori,,LEI     252.00,,MetallicGroup,,02.04,8019,,,,,,,,Vandut,1/7/2025,LIVRAT,4/7/2025,,2.0%,,,
VBS Construct SRL,Bucuresti / Ilfov,Sector 5,0766 690 470,25/6/2025,Birou,21.58,"LEI     3,989.00",GARD,MX,MX 60 DUO,8.31,7016,0.6mm,Briliant,,,,,,Vandut,29/7/2025,LIVRAT,27/8/2025,,3.0%,,,
VBS Construct SRL,Bucuresti / Ilfov,Sector 5,0766 690 470,25/6/2025,Birou,,"LEI     17,000.00",,Caretta,,,7016,,,,,,,,Ofertat,,,,,3.0%,,,
Stanescu Ionut,Bucuresti / Ilfov,Bragadiru,0 784 438 374,25/6/2025,OLX,,"LEI     18,000.00",,MX,,,RAL,,,,1/7/2025,Discount 10% pana pe 11 iulie,,,Follow UP ( Negociere ),,,,,1.0%,,,
Sorin Minga,Bucuresti / Ilfov,Magurele,0 744 578 677,25/6/2025,Google,,"LEI     23,000.00",,MX,,,7016,,,,30/6/2025,"Voia un gard de cutata, dar l-am cucerit cu DUO😉
La strada vrea din rectangulara sudata oblic, l-am pus in legatura cu Marian Buica.
",,,Pierdut,,,,,3.0%,,,
GRAMM LICOS SRL,Bucuresti / Ilfov,Bragadiru,0766 305 837,26/6/2025,Client Vechi ( Completare ),18.26,"LEI     2,942.00",GARD,MX,MX 25,13.08,8019,0.5mm,Mat DUO,,,,,,Vandut,27/6/2025,LIVRAT,11/7/2025,,1.0%,,,
Alt Xulescu,,,0 744 347 138,26/6/2025,CEL.ro,,"LEI     26,000.00",,MX,,,RAL,,,,,,,,Ofertat,,,,,3.0%,,,
Nelu Ciobanu,Bucuresti / Ilfov,Darasti,(074) 430-4403,26/6/2025,Lead Caretta,,"LEI     22,534.00",GARD,Caretta,Cutata,322.00,9005,0.6mm,Briliant,,27/7/2025,"Venit la birou, prezentat produs, convins pe Briliant",1/7/2025,"Discount 2 lei/mp, dupa ce am ""discutat"" cu dl director,astept cote si date pentru proforma.",Vandut,12/7/2025,LIVRAT,23/9/2025,,1.0%,,,
Avram Nicoleta,Dambovita,,0 786 499 528,26/6/2025,OLX,,"LEI     15,000.00",,MX,,,7016,,,,1/7/2025,"Nu vrea, au aparut si alte probleme, ne suna daca e. Daca e ce? Ar fi trebuit sa o intreb...",,,Pierdut,,,,,3.0%,,,
Bogdan,,,,26/6/2025,OLX,,,,MX,,,RAL,,,,,,,,Informatii,,,,,,,,
Negut Marius,Bucuresti / Ilfov,Sector 5,0773 974 275,26/6/2025,Birou,,LEI     236.00,SISTEM PLUVIAL,Caretta,,,3005,0.5mm,Briliant,,,,,,Vandut,26/6/2025,LIVRAT,26/6/2025,,3.0%,,,
Petre Catalin,Bucuresti / Ilfov,Bragadiru,0755 135 039,26/6/2025,Birou,,"LEI     2,900.00",,MX,,,7016,,,,,,,,Ofertat,,,,,3.0%,,,
Alin Surcan,Bucuresti / Ilfov,Sector 5,0 744 309 447,27/6/2025,Telefon,,"LEI     1,117.00",ACOPERIS,Caretta,Daily,17.64,9005,0.5mm,Mat,,,,,,Vandut,27/6/2025,LIVRAT,2/7/2025,,3.0%,,,
Stefan Caldare,Vaslui,Barlad,0 747 192 603,27/6/2025,OLX,,,,MX,,,RAL,,,,,,,,Informatii,,,,,,,,
Bogdan Negoescu,Bucuresti / Ilfov,Branesti,(072) 233-4852,27/6/2025,Facebook,,"LEI     16,000.00",,MX,,,RAL,,,,1/7/2025,"Discount 10%, pana la 11 iulie",,,Ofertat,,,,,3.0%,,,
LogInvest,Maramures,,0 747 974 797,27/6/2025,,,,,,,,RAL,,,,,,,,Informatii,,,,,,,,
Mano MetaL,Cluj,Campia Turzii,0 773 791 236,30/6/2025,Montatori / Colaboratori,,"LEI     1,000.00",,MX,,,RAL,,,,,,,,Ofertat,,,,,1.0%,,,
Nedelcu Daniel,Dolj,Craiova,0 735 815 862,30/6/2025,Montatori / Colaboratori,30.36,"LEI     4,077.00",GARD,MX,MX 25 DUO,12.74,7016,0.5mm,Mat DUO,,,,,,Vandut,2/7/2025,LIVRAT,16/7/2025,,1.0%,,,
Aurel Dejescu,Gorj,,49 1512 7946371,30/6/2025,OLX,,"LEI     5,000.00",,MX,,,RAL,,,,1/7/2025,"Nu a apucat sa vada oferta si videouri, a fost foarte ocupat",25/7/2025,Nu raspunde,Ofertat,,,,,3.0%,,,
Sarbu Gabriel,Iasi,Ciurea,0 756 010 008,30/6/2025,Telefon,,"LEI     15,000.00",,"Caretta , Wetterbest",,,8004,,,,1/7/2025,"REVINO! 
Trimis oferta si pe Wtb, domnul e plecat pana sambata la Focsani, studiaza ofertele. ",8/7/2025,"Nu raspunde

",Pierdut,,,,,2.0%,,,
Matasescu Narcis,Timis,Timisoara,0 733 210 868,30/6/2025,OLX,,LEI     900.00,,MX,,,9005,,,,,,,,Ofertat,,,,,3.0%,,,
LOAGTHAN INVESTMENT S.R.L.,Maramures,Baia Mare,0 747 974 797,30/6/2025,Telefon,20.59,"LEI     3,494.00",GARD,MX,MC 105,10.92,9005,0.6mm,Briliant,,,,,,Vandut,1/7/2025,LIVRAT,7/7/2025,,1.0%,,,
Ivanus George,Bucuresti / Ilfov,,0746 293 426,30/6/2025,Birou,,LEI     200.00,SISTEM PLUVIAL,Caretta,,,8017,0.6mm,Briliant,,,,,,Vandut,30/6/2025,LIVRAT,2/7/2025,,3.0%,,,
Lumbersteel,Dolj,,,30/6/2025,Montatori / Colaboratori,,,,MX,,,RAL,,,,,,,,Informatii,,,,,1.0%,,,
Rad Nicolae,Salaj,Valcau de Jos,0 774 577 001,30/6/2025,OLX,20.81,"LEI     5,837.00",GARD,MX,MX 25,19.46,7016,0.6mm,Briliant,,7/7/2025,"Disount 10%, astept date proforma",,,Vandut,8/7/2025,LIVRAT,11/7/2025,,1.0%,,,
Mihai Stefan Bratu,Teleorman,Turnu Magurele,0 765 845 031,30/6/2025,OLX,,"LEI     7,600.00",,MX,,,,,,,,,,,Ofertat,,,,,3.0%,,,
Zoto,,,0 742 171 384,30/6/2025,,,"LEI     1,500.00",,,,,RAL,,,,,,,,Ofertat,,,,,,,,
Ion,Cluj,,0 753 788 294,1/7/2025,OLX,,LEI     850.00,,MX,,,7016,,,,,,,,Ofertat,,,,,3.0%,,,
Dumitru Florin-Mateus,Dolj,Craiova,44 7375 708582,1/7/2025,OLX,,"LEI     2,508.00",,MX,,,7016,,,,,,,,Ofertat,,,,,3.0%,,,
Oana Benghe,Bucuresti / Ilfov,Cornetu,0730 157 618,1/7/2025,Birou,,LEI     234.00,,Caretta,,,8019,,,,,,,,Vandut,1/7/2025,LIVRAT,13/8/2025,,3.0%,,,
Costi Naon,Dolj,Craiova,0 741 140 666,2/7/2025,OLX,,"LEI     6,000.00",,MX,,,7016,,,,3/7/2025,A luat din alta parte,,,Pierdut,,,,,3.0%,,,
Safta Adi,SUCEAVA,Falticeni,0 725 728 119,2/7/2025,OLX,,"LEI     2,500.00",,MX,,,7016,,,,,,,,Ofertat,,,,,3.0%,,,
Baicu Petru,Bucuresti / Ilfov,Sector 5,(076) 525-4351,2/7/2025,Birou,,,,MX,,,RAL,,,,3/7/2025,"E prea deschis 7001, o sa treaca maine pe la birou",,,Ofertat,,,,,3.0%,,,
Barbu Catalin Ionut,Bucuresti / Ilfov,Bragadiru,0 724 333 894,2/7/2025,Telefon,25.07,"LEI     4,456.00",GARD,MX,MC 75,9.43,7001,0.6mm,Briliant,,,,,,Vandut,2/7/2025,LIVRAT,11/7/2025,,1.0%,,,
Vio Termopane,Bucuresti / Ilfov,,,2/7/2025,,,LEI     875.00,,MetallicGroup,,,7016,,,,,,,,Vandut,,,,,,,,
Un nene,Bucuresti / Ilfov,Acasa la el,mobil,3/7/2025,Client Vechi ( Completare ),,LEI     120.00,GARD,Caretta,,,7016,,,,,2 cutii vopsea,,,Vandut,3/7/2025,LIVRAT,3/7/2025,,3.0%,,,
Selaru Virgiliu,Bucuresti / Ilfov,Sector 4,0724 297 738,3/7/2025,Birou,,LEI     785.00,SISTEM PLUVIAL,Caretta,,,8019,0.6mm,Briliant,,,,,,Vandut,3/7/2025,LIVRAT,28/7/2025,,3.0%,,,
Marian Buica,Bucuresti / Ilfov,Domnesti,0 742 026 510,3/7/2025,,,"LEI     3,864.00",,MX,,,RAL,,,,,,,,Ofertat,,,,,,,,
Bogdan Calin,Bucuresti / Ilfov,Bragadiru,0 760 797 310,3/7/2025,Telefon,,"LEI     8,200.00",,MX,,,7016,,,,4/7/2025,"discount 10%,  valabil pana la 11 iulie, aplicabil comenzilor ferme ( sustinute de avans)",9/7/2025,Vorbim,Follow UP ( Negociere ),,,,,1.0%,,,
Vestemean Ionut,Sibiu,Talmaciu,0 749 545 412,3/7/2025,Montatori / Colaboratori,,LEI     910.00,ELEMENTE SPECIALE,MetallicGroup,,7.38,7016,0.5mm,Mat DUO,,,,,,Vandut,4/7/2025,LIVRAT,11/7/2025,,2.0%,,,
Ionescu Victor,Bucuresti / Ilfov,Bragadiru,0 769 041 593,3/7/2025,Birou,,"LEI     28,000.00",,MX,,,7016,,,,,,,,Ofertat,,,,,1.0%,,,
Nicu,Buzau,,34 631 34 26 08,3/7/2025,OLX,,"LEI     5,535.00",,MX,,,RAL,,,,,,,,Ofertat,,,,,,,,
MARGAZIN IMPEX SRL,Bucuresti / Ilfov,Bragadiru,0 770 288 612,4/7/2025,Client Vechi ( Completare ),,"LEI     3,918.00",GARD,Caretta,Cutata,55.26,9005,0.5mm,Mat DUO,,,,,,Vandut,4/7/2025,LIVRAT,14/7/2025,,3.0%,,,
DUȚĂ PROJECT CONSTRUCT SRL,Bucuresti / Ilfov,Magurele,0761 328 340,4/7/2025,Birou,,"LEI     3,420.00",GARD,Caretta,Cutata,51.29,7016,0.5mm,Mat DUO,,,,,,Vandut,4/7/2025,LIVRAT,14/7/2025,,3.0%,,,
DUȚĂ PROJECT CONSTRUCT SR,Bucuresti / Ilfov,Magurele,0761 328 340,4/7/2025,Birou,17.17,"LEI     3,173.00",GARD,MX,MX 25,12.69,7016,0.5mm,Mat DUO,,,,,,Vandut,4/7/2025,LIVRAT,11/7/2025,,3.0%,,,
Ionel Nita,Bucuresti / Ilfov,Domnesti,,4/7/2025,,,LEI     322.00,,MetallicGroup,,,8017,,,,,,,,Ofertat,,,,,,,,
Lupu Aurel,Prahova,Tohani,0 732 674 697,7/7/2025,OLX,,,,MX,,,RAL,,,,,,,,Ofertat,,,,,,,,
Sandu,,,,7/7/2025,OLX,,,,MX,,,RAL,,,,,,,,Informatii,,,,,,,,
Valentina Dana,,,,7/7/2025,OLX,,,,MX,,,RAL,,,,,,,,Informatii,,,,,,,,
CENTRALMAR S.R.L.,Bucuresti / Ilfov,Bragadiru,0762 711 280,7/7/2025,Birou,,"LEI     1,107.00",GARD,Caretta,Sipca gard,,STEJAR AURIU,0.5mm,Lucios DUO,,,,,,Vandut,9/7/2025,LIVRAT,18/7/2025,,3.0%,,,
Lorena Hora,,,0 755 572 733,7/7/2025,,,,,MX,,,RAL,,,,,,,,Informatii,,,,,,,,
Vestemean Ionut,Sibiu,Talmaciu,0 749 545 412,7/7/2025,Montatori / Colaboratori,33.66,"LEI     4,624.00",GARD,MX,MX 25 DUO,14.45,8017,0.5mm,Mat DUO,,,,,,Vandut,7/7/2025,LIVRAT,18/7/2025,,1.0%,,,
ADN COM AUTOSERV SRL,Bucuresti / Ilfov,Cornetu,0724 345 616,7/7/2025,Birou,,LEI     879.00,ACOPERIS,Caretta,Canto,5.98,7016,0.5mm,Mat,,,,,,Vandut,8/7/2025,LIVRAT,11/7/2025,,3.0%,,,
Gabriel,,,,7/7/2025,OLX,,,,MX,,,RAL,,,,,,,,Informatii,,,,,,,,
Lumbersteel,Dolj,Craiova,,8/7/2025,Montatori / Colaboratori,,,,MX,,,RAL,,,,,,,,Ofertat,,,,,1.0%,,,
Serban Marian,Olt,Slatina,0 763 553 076,8/7/2025,Telefon,20.19,"LEI     4,496.00",GARD,MX,MX 25,14.99,9005,0.6mm,Briliant,,,,,,Vandut,8/7/2025,LIVRAT,29/7/2025,,3.0%,,,
Picu Ion,Bucuresti / Ilfov,Bragadiru,0744 834 919,9/7/2025,Birou,,"LEI     1,500.00",,Caretta,,,RAL,,,,,,,,Ofertat,,,,,3.0%,,,
Cristi,Bucuresti / Ilfov,,,9/7/2025,Montatori / Colaboratori,,LEI     180.00,SISTEM PLUVIAL,Caretta,,,7016,,Briliant,,,,,,Vandut,9/7/2025,LIVRAT,9/7/2025,,3.0%,,,
Ozana Adela Benea,hunedoara,Visca,0 735 773 144,9/7/2025,Telefon,,"LEI     22,000.00",,MX,,,RAL,,,,25/7/2025,"Nu s-au hotarat, trebuie sa vorbeasca si cu socrii",,,Ofertat,,,,,3.0%,,,
Vestemean,Sibiu,,,9/7/2025,Montatori / Colaboratori,,LEI     100.00,,Caretta,,,7016,,,,,,,,Vandut,9/7/2025,,9/7/2025,,,,,
Vali Grama,Giurgiu,Bolintin Vale,0765 073 294,9/7/2025,TikTok,,"LEI     6,200.00",,MX,,,8019,,,,,,,,Ofertat,,,,,3.0%,,,
Marius Panait,Bucuresti / Ilfov,Buftea,0 731 304 243,9/7/2025,Telefon,11.99,"LEI     2,414.00",GARD,MX,MX 25,08.05,9005,0.6mm,Briliant,,25/7/2025,"I-am transmis oferta, conform cotelor finale",,,Vandut,5/8/2025,LIVRAT,26/8/2025,,3.0%,,,
Mardale Denisa,Bucuresti / Ilfov,Clinceni,0770 588 710,9/7/2025,Birou,,"LEI     12,000.00",,MX,,,7016,,,,25/7/2025,"Nu are gata stalpii, i-am trimis video cu modelele, sa aleaga modelul",,,Follow UP ( Negociere ),,,,,3.0%,,,
Lumbersteel,,,,11/7/2025,,,,,MX,,,RAL,,,,,,,,,,,,,,,,
Lumbersteel,,,,11/7/2025,,,,,MX,,,RAL,,,,,,,,,,,,,,,,
Dumitrescu Gabriel,Bucuresti / Ilfov,Sector 5,0763 613 740,21/7/2025,Birou,,"LEI     13,621.00",ACOPERIS,Caretta,Daily,124.73,8019,0.5mm,Briliant,checked,,,,,Vandut,22/7/2025,LIVRAT,7/8/2025,,3.0%,,,
Domintean Adriana,Giurgiu,Gorneni,0726 254 556,21/7/2025,Client Vechi ( Completare ),,"LEI     1,926.00",ACOPERIS,Caretta,Nobel,16.50,8019,0.5mm,Mat,,,,,,Vandut,22/7/2025,LIVRAT,25/7/2025,,3.0%,,,
Liviu Sasu,Constanta,Constanta,0 768 919 540,21/7/2025,,,"LEI     6,000.00",,MX,,,7016,,,,,,,,Ofertat,,,,,3.0%,,,
Ciprian Cargo,,,,21/7/2025,,,LEI     136.00,,MetallicGroup,,1.00,RAL,,,,,,,,Vandut,,,,,,,,
CLEAN CAR OZANA SRL,Bucuresti / Ilfov,Sector 3,0 744 482 282,21/7/2025,Telefon,,"LEI     2,671.00",GARD,Wetterbest,Cutata,33.30,7024,0.7mm,Lucios,,,,,,Vandut,23/7/2025,LIVRAT,30/7/2025,,3.0%,,,
EFECT METAL CONSTRUCT,Bucuresti / Ilfov,Bucuresti,0762 020 622,22/7/2025,Montatori / Colaboratori,40.89,"LEI     6,541.00",GARD,MX,MX 60 DUO,17.03,8019,0.6mm,Briliant,,,,,,Vandut,24/7/2025,LIVRAT,11/8/2025,,1.0%,,,
Patru Geta,Bucuresti / Ilfov,Sector 5,,22/7/2025,,,,,,,,RAL,,,,,,,,Ofertat,,,,,,,,
Dediu Traian,,,,22/7/2025,,,,,,,,RAL,,,,,,,,Ofertat,,,,,,,,
Silvia Sandu,,,0 723 131 594,22/7/2025,,,"LEI     2,800.00",,MX,,,RAL,,,,,,,,Ofertat,,,,,,,,
Iolanda Bondina,Prahova,Filipesti de Padure,0 731 842 230,22/7/2025,Telefon,,"LEI     3,700.00",,MX,,,RAL,,,,,,,,Ofertat,,,,,3.0%,,,
Marius,Bucuresti / Ilfov,Sector 5,34 636 77 73 93,22/7/2025,Birou,,"LEI     6,500.00",,MX,,,7024,,,,,,,,Ofertat,,,,,3.0%,,,
Bogdan,,,,23/7/2025,OLX,,,,MX,,,RAL,,,,,,,,Informatii,,,,,,,,
Georgiana,,,,23/7/2025,OLX,,,,MX,,,RAL,,,,,,,,Informatii,,,,,,,,
Aaa,,,,23/7/2025,OLX,,,,MX,,,RAL,,,,,,,,Informatii,,,,,,,,
Stanciu Ancuta,,,,23/7/2025,OLX,,,,,,,RAL,,,,,,,,Informatii,,,,,,,,
srijnita,Gorj,Ticleni,0770 732 557,23/7/2025,OLX,,,,MX,,,RAL,,,,,,,,Informatii,,,,,,,,
Popa Leonard Viorel,Calarasi,Dor Marunt,0 734 312 331,23/7/2025,Client Vechi ( Completare ),,"LEI     4,825.00",ACOPERIS,Caretta,Daily,55.35,3005,0.5mm,Mat,,,,,,Vandut,24/7/2025,COMANDAT,5/8/2025,,3.0%,,,
Forgacs Catalin,,,0 759 675 415,23/7/2025,Telefon,,"LEI     3,000.00",,MX,,,RAL,,,,7/8/2025,Nu raspunde📞,,,Ofertat,,,,,3.0%,,,
Alex Lupascu,Constanta,Palazu,0 723 998 185,24/7/2025,OLX,,"LEI     2,000.00",,"MX, Caretta",,,RAL,,,,,,,,Ofertat,,,,,3.0%,,,
Mihai,,,,24/7/2025,OLX,,,,MX,,,RAL,,,,,,,,Informatii,,,,,,,,
Sorin,Timis,,0737 084 977,24/7/2025,OLX,,,,MX,,,RAL,,,,,,,,Informatii,,,,,,,,
Culcea Mihaela,Bucuresti / Ilfov,Sector 5,0771 231 045,24/7/2025,Birou,,"LEI     2,000.00",,MX,,,7016,,,,,,,,Ofertat,,,,,,,,
Renodec,Bucuresti / Ilfov,Bragadiru,07460 593 681,24/7/2025,Birou,,"LEI     22,000.00",,MX,,,7016,,,,7/8/2025,Nu raspunde📞,,,Follow UP ( Negociere ),,,,,2.0%,,,
Nastasiu,,,,24/7/2025,OLX,,,,MX,,,RAL,,,,,,,,Informatii,,,,,,,,
Ana,,,,24/7/2025,OLX,,,,MX,,,RAL,,,,,,,,Informatii,,,,,,,,
Akg,SUCEAVA,,,24/7/2025,OLX,,,,MX,,,RAL,,,,,,,,Informatii,,,,,,,,
LUMBERSTEEL,Dolj,,40 735 815 862,24/7/2025,Montatori / Colaboratori,,,,MX,,,RAL,,,,,,,,Informatii,,,,,,,,
Iordache Grigore,Braila,Cazasu,0 744 440 310,24/7/2025,Telefon,31.94,"LEI     6,058.00",GARD,MX,MX 25,24.23,8017,0.5mm,Mat DUO,,,"Nu voia fara confectie metalica si montaj, l-am gasit pe Alin Vasile, pe care l-am trimis la masuratori",,,Vandut,20/8/2025,LIVRAT,29/8/2025,,3.0%,,,
Patrascu Sorin,Dolj,Bailesti,0 764 445 372,24/7/2025,OLX,,"LEI     10,000.00",,MX,,,7016,,,,,,,,Ofertat,,,,,3.0%,,,
Sieva Goup,,,0740 222 680,24/7/2025,,,,,,,,RAL,,,,,,,,Ofertat,,,,,,,,
Sanda George,Bucuresti / Ilfov,Sector 5,0722 947 987,24/7/2025,Montatori / Colaboratori,,,,MetallicGroup,,2.30,8017,,,,,,,,Vandut,24/7/2025,LIVRAT,1/8/2025,,1.0%,,,
Dragos Savoiu,,,#ERROR!,25/7/2025,OLX,,,,MX,,,RAL,,,,,,,,Informatii,,,,,,,,
ALX METAL DECOR S.R.L.,Teleorman,Rosiori,0 763 195 444,25/7/2025,Montatori / Colaboratori,10.16,"LEI     1,749.00",GARD,MX,MX 25,7.29,7016,0.6mm,Briliant,,,,,,Vandut,25/8/2025,LIVRAT,31/7/2025,,1.0%,,,
Ionela,,,0 784 879 414,25/7/2025,,,"LEI     5,000.00",,,,,RAL,,,,,,,,Ofertat,,,,,,,,
Cristian,Bucuresti / Ilfov,Varteju,40736941220,25/7/2025,Telefon,,"LEI     186,000.00",,MX,,,RAL,,,,,,,,Ofertat,,,,,1.0%,,,
ANA ONLINE SOLUTIONS SRL,Bucuresti / Ilfov,Bragadiru,0766 641 519,25/7/2025,Facebook,52.39,"LEI     8,859.00",GARD,MX,MC 75,20.70,8017,0.5mm,Mat DUO,,,,,,Vandut,1/8/2025,LIVRAT,15/10/2025,,1.0%,,,
Decu Sorin,Bucuresti / Ilfov,,0 766 480 915,25/7/2025,Client Vechi ( Completare ),,LEI     73.00,ACCESORII,Caretta,,,8004,,,,,,,,Vandut,1/8/2025,LIVRAT,6/8/2025,,1.0%,,,
ANA ONLINE SOLUTIONS SRL,Bucuresti / Ilfov,Bragadiru,0766 641 519,25/7/2025,Facebook,94.02,"LEI     15,851.00",GARD,MX,MC 75,36.94,7016,0.5mm,Mat DUO,,,,,,Vandut,1/8/2025,LIVRAT,29/9/2025,,1.0%,,,
ANA ONLINE SOLUTIONS SRL,Bucuresti / Ilfov,Bragadiru,0766 641 519,25/7/2025,Facebook,,"LEI     3,242.00",GARD,Caretta,Cutata,63.11,7016,0.5mm,,,,,,,Vandut,1/8/2025,,15/10/2025,,3.0%,,,
Mihai Balea,Bucuresti / Ilfov,Buftea,0785 310 044,25/7/2025,Birou,,,,MX,,,RAL,,,,,,,,Pierdut,,,,,3.0%,,,
Mihai Radoi,,,(072) 120-6867,28/7/2025,,,,,,,,RAL,,,,,,,,Informatii,,,,,,,,
Lumbersteel SRL,Dolj,Craiova,0 735 815 862,28/7/2025,Montatori / Colaboratori,,"LEI     5,000.00",,MX,,,RAL,,,,,,,,Informatii,,,,,1.0%,,,
Vlaicu Marian,Teleorman,Gratia,0733  911 457,28/7/2025,Client Vechi ( Completare ),32.84,"LEI     6,047.00",GARD,MX,MX 60 DUO,13.26,9005,0.6mm,Briliant,,10/9/2025,💰💰💰 In jurul pranzului soseste cu avans,,,Vandut,10/9/2025,LIVRAT,1/10/2025,,2.0%,,,
MARGAZIN IMPEX SRL,Bucuresti / Ilfov,,,28/7/2025,Client Vechi ( Completare ),,LEI     87.00,,Caretta,,,9005,,,,,,,,Vandut,5/8/2025,,5/8/2025,,3.0%,,,
Chirieci,,,,28/7/2025,,,,,,,,RAL,,,,,,,,Informatii,,,,,,,,
Chirieci,,,,28/7/2025,,,,,,,,RAL,,,,,,,,Informatii,,,,,,,,
GATTOPARDO COMPANY SRL,Bucuresti / Ilfov,Varteju,0729 793 024,28/7/2025,Birou,,"LEI     22,742.00",ACOPERIS,Caretta,Nobel,237.82,7016,0.5mm,Mat,checked,30/7/2025,"Amenintarea TVA-ului cel mare+ discount 24, urmat de 32 pentru inchidere",,,Vandut,30/7/2025,LIVRAT,7/8/2025,,1.0%,,,
EFECT METAL CONSTRUCT,Bucuresti / Ilfov,Bucuresti,0 762 020 622,29/7/2025,Montatori / Colaboratori,63.62,"LEI     10,213.00",GARD,MX,MX 60 DUO,26.60,7016,0.6mm,Briliant,,,,,,Vandut,30/7/2025,LIVRAT,22/8/2025,,1.0%,,,
Carbune,,,,29/7/2025,OLX,,,,MX,,,RAL,,,,,,,,Informatii,,,,,,,,
George Stratulat,Bucuresti / Ilfov,Pantelimon,0766 696 606,29/7/2025,Recomandare,18.87,"LEI     2,493.00",GARD,MX,MX 25 DUO,7.60,7016,0.5mm,Mat DUO,,,,,,Vandut,25/8/2025,LIVRAT,5/9/2025,,1.0%,,,
SOLARIS GRAFX S.R.L.,Bucuresti / Ilfov,Sector 5,0722 587 285,29/7/2025,OLX,16.25,"LEI     2,718.00",GARD,MX,MX 15 DUO,6.36,Stejar Goldeniu,0.5mm,Lucios,,,,,,Vandut,22/8/2025,LIVRAT,25/9/2025,,2.0%,,,
Cristi constructor,Bucuresti / Ilfov,,0 723 300 457,29/7/2025,Montatori / Colaboratori,,LEI     268.00,ACCESORII,Caretta,,,8019,0.5mm,Mat,,,,,,Vandut,1/9/2025,LIVRAT,9/9/2025,,2.0%,,,
MARGAZIN IMPEX SRL,Bucuresti / Ilfov,Bragadiru,#ERROR!,29/7/2025,Client Vechi ( Completare ),,LEI     981.00,GARD,Caretta,Cutata,15.10,9005,0.5mm,Mat DUO,,,,,,Vandut,29/7/2025,LIVRAT,5/8/2025,,3.0%,,,
Sali Gheorghe,Bucuresti / Ilfov,Magurele,0034641308 692,30/7/2025,Birou,53.27,"LEI     10,397.00",GARD,MX,MC 75,22.24,7016,0.6mm,Briliant,,,,,,Vandut,1/8/2025,LIVRAT,13/8/2025,,2.0%,,,
Bogdan Munteanu,Gorj,Radinesti,0 766 299 160,30/7/2025,OLX,36.00,"LEI     6,712.00",GARD,MX,MX 25,21.89,7016,0.5mm,Mat DUO,,,,,,Vandut,31/7/2025,LIVRAT,25/8/2025,,3.0%,,,
Croitoru Gabriel,Bucuresti / Ilfov,Sector 5,0761 693 293,30/7/2025,Birou,,LEI     834.00,GARD,Caretta,Cutata,11.50,7016,0.5mm,Mat DUO,,,,,,Vandut,31/7/2025,LIVRAT,5/8/2025,,3.0%,,,
GATTOPARDO COMPANY SRL,Bucuresti / Ilfov,Varteju,0729 793 024,30/7/2025,Birou,,"LEI     15,704.00",FERESTRE MANSARDA,Fakro,,,RAL,,,,,,,,Vandut,30/7/2025,LIVRAT,7/8/2025,,2.0%,,,
Badea Cornel,,,,30/7/2025,,,,,,,,RAL,,,,,,,,,,,,,,,,
Razvan Badea,Bucuresti / Ilfov,Sector 4,0 766 294 284,31/7/2025,Telefon,,LEI     547.00,SISTEM PLUVIAL,Caretta,,,3005,0.6mm,Briliant,,,,,,Vandut,31/7/2025,COMANDAT,,,3.0%,,,
Butuc Ionut,Bucuresti / Ilfov,Bragadiru,0744 174 078,31/7/2025,Birou,91.36,"LEI     17,722.00",GARD,MX,MX 25 DUO,38.29,8019,0.6mm,Briliant,,,,,,Vandut,31/7/2025,LIVRAT,28/8/2025,,3.0%,,,
Chirieci Sandu,Bucuresti / Ilfov,Magurele,0726 371 128,31/7/2025,Montatori / Colaboratori,10.80,"LEI     1,590.00",GARD,MX,MX 25,6.62,9005,0.6mm,Briliant,,,,,,Vandut,31/7/2025,LIVRAT,18/8/2025,,1.0%,,,
Alexandru Ionita,Constanta,Valu lui Traian,0 769 977 668,1/8/2025,OLX,,"LEI     2,600.00",,MX,,,7016,,,,,,,,Ofertat,,,,,3.0%,,,
Stancu Mihai,Dambovita,Targoviste,0043 664 99421733,1/8/2025,OLX,,"LEI     4,000.00",,MX,,,RAL,,,,,,,,Ofertat,,,,,3.0%,,,
MARDALE MARCEL,Bucuresti / Ilfov,Clinceni,40 741 408 387,1/8/2025,Birou,,"LEI     20,000.00",,,,,8004,,,,17/9/2025,📞 Nu raspunde,,,Ofertat,,,,,,,,
Gabriel,Bucuresti / Ilfov,,0765 046 580,1/8/2025,Telefon,,,,MX,,,RAL,,,,,,,,Ofertat,,,,,3.0%,,,
Dragomir Marian,,,0 763 843 162,5/8/2025,Telefon,,"LEI     4,500.00",,Bilka,,,8017,,,,,,,,Ofertat,,,,,3.0%,,,
Gorneanu Costel,Bucuresti / Ilfov,Sector 5,0727 890 331,5/8/2025,Birou,,LEI     973.00,GARD,Caretta,Cutata,12.20,7016,0.6mm,Briliant,,,,,,Vandut,6/8/2025,COMANDAT,,,3.0%,,,
Ioan,Caras-Severin,,0 771 044 583,5/8/2025,OLX,,"LEI     2,300.00",,,,,RAL,,,,,,,,Ofertat,,,,,,,,
Black Skull Custom,Bucuresti / Ilfov,Tunari,0 733 778 326,5/8/2025,Recomandare,15.41,"LEI     2,700.00",GARD,MX,MX 15 DUO,6.00,9005,0.5mm,Mat,,15/9/2025,"Proforma. Nemultumire fata de cele 3 saptamani de productie. I-am promis ca daca sunt gata mai devreme, in anunt. Haha
",,,Vandut,15/9/2025,LIVRAT,25/9/2025,,3.0%,,,
Marian Buica,Bucuresti / Ilfov,Domnesti,0 742 026 510,5/8/2025,Montatori / Colaboratori,3.64,LEI     250.00,GARD,MX,MC 105,0.86,7016,0.5mm,Mat DUO,,,,,,Vandut,5/8/2025,LIVRAT,9/8/2025,,1.0%,,,
Neagoe Ion,Dambovita,,0 766 227 908,5/8/2025,Montatori / Colaboratori,,,,MX,,,RAL,,,,,,,,Informatii,,,,,2.0%,,,
Dragos Gama,Bucuresti / Ilfov,Bragadiru,0 723 848 733,5/8/2025,Recomandare,,LEI     720.00,,MX,,,7016,,,,,,,,Ofertat,,,,,3.0%,,,
Gabi Duta,Dolj,Craiova,0 731 322 254,5/8/2025,,,,,MX,,,RAL,,,,,,,,Ofertat,,,,,,,,
HGM,Bucuresti / Ilfov,,0765 763 792,6/8/2025,OLX,,,,MX,,,RAL,,,,,,,,Informatii,,,,,,,,
,,,0761 156 664,6/8/2025,OLX,,,,MX,,,RAL,,,,,,,,Informatii,,,,,,,,
Sebastian,,,,6/8/2025,OLX,,,,MX,,,RAL,,,,,,,,Informatii,,,,,,,,
Mehdi Chanchian,Bucuresti / Ilfov,Sector 5,0766 492 150,6/8/2025,Birou,46.23,"LEI     8,466.00",GARD,MX,MX 60 DUO,18.57,7016,0.6mm,Briliant,,,,,,Vandut,6/8/2025,LIVRAT,22/8/2025,,2.0%,,,
Elena Maria Oprea,Bucuresti / Ilfov,Otopeni,(072) 658-5531,6/8/2025,Google,,"LEI     18,000.00",,MX,,,1015,,,,,,,,Pierdut,,,,,3.0%,,,
Florin Glontaru,Prahova,Campina,0 724 010 957,6/8/2025,Montatori / Colaboratori,,,,MX,,,1015,,,,,,,,Informatii,,,,,1.0%,,,
Lincan Constantin,,,,6/8/2025,,,,,,,,RAL,,,,,,,,,,,,,,,,
Nica Daniel,Bucuresti / Ilfov,Darasti,0784 023 722,6/8/2025,Telefon,7.56,"LEI     1,200.00",GARD,MX,MX 25,4.80,7016,0.5mm,Mat,,,,,,Vandut,7/8/2025,LIVRAT,22/8/2025,,3.0%,,,
Roman Valentin,Dolj,Craiova,,6/8/2025,Google,,"LEI     2,800.00",,MX,,,RAL,,,,,,,,Informatii,,,,,3.0%,,,
Ionut Toma,Teleorman,Botoroaga,0 723 800 802,6/8/2025,,,"LEI     2,100.00",,MX,,,7016,,,,7/8/2025,"E prins cu niste probleme la munca, vrea sa fie sunat dupa ora 17",17/9/2025,"Pretul pe confectie metalica si montaj foarte mare, se apucase sa imi explice cat e metrul de rectangular. Daca o sa prezinte interes, suna el.",Pierdut,,,,,3.0%,,,
Ispasescu Marian,Arges,Costesti,0 725 325 584,7/8/2025,OLX,,"LEI     2,000.00",,MX,,,RAL,,,,,,,,Ofertat,,,,,3.0%,,,
Stanciu Florin,,,#ERROR!,7/8/2025,OLX,,"LEI     7,500.00",,MX,,,RAL,,,,,,,,Ofertat,,,,,3.0%,,,
Nicu Motoloi,Ialomita,Săveni,0 729 628 740,7/8/2025,,,,,MX,,,RAL,,,,,,,,Ofertat,,,,,3.0%,,,
Valentin Turturea,Gorj,,0 768 458 348,7/8/2025,OLX,,"LEI     1,600.00",,MX,,,RAL,,,,,,,,Ofertat,,,,,3.0%,,,
Horia,Bucuresti / Ilfov,Domnesti,40 754 975 663,8/8/2025,Telefon,,"LEI     4,000.00",,MX,,,RAL,,,,,,,,Ofertat,,,,,3.0%,,,
Nadia Constantin,Buzau,,0 787 589 090,8/8/2025,,,"LEI     3,000.00",,MX,,,7016,,,,,,,,Ofertat,,,,,3.0%,,,
Raul Badila,Sibiu,,0 744 802 876,8/8/2025,TikTok Campanie,,"LEI     17,000.00",,MX,,,7016,,,,25/9/2025,"Discount dezvoltator 5%, pana la 31 septembrie. A renuntat la 9002, ar vrea 7016 mat",,,Follow UP ( Negociere ),,,,,2.0%,,,
Bratu Gheorghe,Bucuresti / Ilfov,"Str Bulgarus, nr 19-21, sector 5",0730 002 383,8/8/2025,Birou,,"LEI     19,935.00",ACOPERIS,Caretta,Nobel,83.00,9002,0.6mm,Briliant,,,,,,Vandut,13/8/2025,LIVRAT,8/9/2025,,0.0%,,,
MEV TERMOINTAL,Bucuresti / Ilfov,Magurele,0767 605 052,11/8/2025,Birou,4.53,LEI     720.00,GARD,MX,MX 25,3.20,7016,0.5mm,Mat DUO,,,,,,Vandut,11/8/2025,LIVRAT,26/8/2025,,2.0%,,,
Cretu Gheorghita,Bucuresti / Ilfov,,,11/8/2025,Birou,,LEI     129.00,SISTEM PLUVIAL,Caretta,,,7016,0.6mm,Briliant,,,,,,Vandut,11/8/2025,LIVRAT,11/8/2025,,3.0%,,,
Marian Pirvu,Bucuresti / Ilfov,Bragadiru,0771 487 460,11/8/2025,Birou,,"LEI     3,900.00",,Caretta,,,7016,,,,,,,,Ofertat,,,,,3.0%,,,
Cernezenco Tudorel,Bucuresti / Ilfov,,,11/8/2025,Birou,13.22,"LEI     2,509.00",GARD,MX,MC 75,5.97,7016,0.6mm,Briliant,,,,,,Vandut,11/8/2025,LIVRAT,22/8/2025,,3.0%,,,
Magureanu Sorin,Bucuresti / Ilfov,Sector 5,0747 040 670,11/8/2025,Birou,,LEI     169.00,,,,,8017,,,,,,,,Ofertat,,,,,,,,
Ovidiu,Bucuresti / Ilfov,Bragadiru,0030 693 663 4711,12/8/2025,Recomandare,,LEI     580.00,,MetallicGroup,,3.57,7016,,,,,,,,Vandut,12/8/2025,,18/8/2025,,3.0%,,,
ZENITH BUSINESS GROUP & PARTNERS,Bucuresti / Ilfov,Bragadiru,,12/8/2025,Telefon,16.00,"LEI     2,376.00",GARD,MX,MX 15 DUO,6.60,7016,0.5mm,Mat,,,,,,Vandut,12/8/2025,LIVRAT,19/8/2025,,1.0%,,,
Alin Vasile,Braila,,,12/8/2025,,,,,,,,RAL,,,,,,,,Informatii,,,,,,,,
Blaga Dumitru,Timis,Comlosu Mare,0 766 243 662,12/8/2025,Facebook,9.54,"LEI     1,881.00",GARD,MX,MX 25,7.52,7016,0.5mm,Mat DUO,,,,,,Vandut,13/8/2025,LIVRAT,20/8/2025,,3.0%,,,
Marian Mihai,Bucuresti / Ilfov,,0730 759 148,12/8/2025,Birou,,LEI     50.00,GARD,MX,,,7016,,,,,,,,Vandut,12/8/2025,LIVRAT,12/8/2025,,3.0%,,,
Blaga Dumitru,Timis,Comlosu Mare,0 766 243 662,12/8/2025,Facebook,16.79,"LEI     2,691.00",GARD,MX,MX 25 DUO,6.73,7016,0.5mm,Mat DUO,,,,,,Vandut,13/8/2025,LIVRAT,20/8/2025,,3.0%,,,
Baroga Luigi,Bucuresti / Ilfov,Sector 5,0723 466 770,12/8/2025,Birou,,"LEI     14,000.00",,Caretta,,,7016,,,,,,,,Ofertat,,,,,3.0%,,,
Nelu,Satu Mare,,#ERROR!,12/8/2025,OLX,,,,MX,,,RAL,,,,,,,,Informatii,,,,,,,,
Gigi Teleguta,,Drobeta,0 773 877 961,12/8/2025,,,,,,,,RAL,,,,,,,,Ofertat,,,,,,,,
SCTGroup,,,,12/8/2025,,,,,,,,RAL,,,,,,,,Ofertat,,,,,,,,
Mano Metal,,,,13/8/2025,,,,,,,,RAL,,,,,,,,Informatii,,,,,,,,
Trifan Iacob Alexandru,Cluj,Campia Turzii,0 773 791 236,13/8/2025,Montatori / Colaboratori,18.94,"LEI     2,897.00",GARD,MX,MX 25,14.49,7016,0.5mm,Mat DUO,,,,,,Vandut,23/9/2025,LIVRAT,29/9/2025,,1.0%,,,
Vestemean Ionut,Sibiu,,,13/8/2025,Montatori / Colaboratori,,,,,,,RAL,,,,,,,,Informatii,,,,,,,,
Andrei Dincescu,Gorj,,#ERROR!,13/8/2025,,,"LEI     30,000.00",,,,,7016,,,,,,,,Ofertat,,,,,,,,
Minca Nicolae,Bucuresti / Ilfov,Sector 5,0750 485 302,13/8/2025,Birou,,"LEI     3,030.00",,Caretta,,21.76,7016,,,,,,,,Vandut,13/8/2025,,,,3.0%,,,
TMS CONSTRUCT,,,,13/8/2025,,,,,Caretta,,,RAL,,,,,,,,,,,,,,,,
Varzaru Fanel,Mehedinti,,0 722 593 311,13/8/2025,,,,,,,,RAL,,,,,,,,Ofertat,,,,,,,,
Ivan Tudor,,,0 745 024 275,13/8/2025,Telefon,,"LEI     1,260.00",,Caretta,,,8017,,,,,,,,Ofertat,,,,,3.0%,,,
Nehliu Ionel,,,,18/8/2025,,,,,,,,RAL,,,,,,,,,,,,,,,,
Gheorghe Florin,Bucuresti / Ilfov,Sector 5,0 760 905 392,18/8/2025,Birou,,"LEI     12,032.00",ACOPERIS,Caretta,Nobel,139.35,7016,0.5mm,Mat,,,,,,Vandut,21/8/2025,LIVRAT,3/9/2025,,3.0%,,,
Marian Buica,Bucuresti / Ilfov,Domnesti,0 742 026 510,18/8/2025,Montatori / Colaboratori,17.98,"LEI     2,402.00",GARD,MX,MC 75,7.81,7016,0.5mm,Mat DUO,,,,,,Vandut,18/8/2025,LIVRAT,1/10/2025,,1.0%,,,
Chirieci Sandu,Bucuresti / Ilfov,Magurele,0726 371 128,18/8/2025,Montatori / Colaboratori,12.52,"LEI     2,066.00",GARD,MX,MX 25,8.61,8017,0.6mm,Briliant,,,,,,Vandut,18/8/2025,LIVRAT,2/9/2025,,1.0%,,,
lstaicu25,,,,18/8/2025,OLX,,,,MX,,,RAL,,,,,,,,Informatii,,,,,3.0%,,,
Dumitru Doina Valentina,Calarasi,Postavari,0751 111 013,18/8/2025,Birou,,"LEI     2,184.00",ACOPERIS,Caretta,Daily,26.23,8019,0.5mm,Mat,,,,,,Vandut,10/9/2025,LIVRAT,15/9/2025,,3.0%,,,
Del & Dav Install SRL,Bucuresti / Ilfov,Bragadiru,0 720 369 681,18/8/2025,Client Vechi ( Completare ),,"LEI     7,668.00",,MX,,,7024,,,,,,,,Ofertat,,,,,1.0%,,,
Mihai Costea,Bucuresti / Ilfov,Bragadiru,0744 473 747,18/8/2025,Client Vechi ( Completare ),,LEI     208.00,,Caretta,,,7024,,,,,,,,Vandut,21/8/2025,,1/10/2025,,3.0%,,,
Cristina Stancu,Dambovita,Titu,0799 445 303,18/8/2025,Facebook,,"LEI     2,600.00",,MX,,,RAL,,,,,,,,Ofertat,,,,,3.0%,,,
Pasla Sorin,,,,18/8/2025,,40.99,,,,,,RAL,,,,,,,,,,LIVRAT,5/9/2025,,,,,
Vestemean,Sibiu,Talmaciu,#ERROR!,19/8/2025,Montatori / Colaboratori,,LEI     150.00,,,,,7016,,,,,,,,Vandut,19/8/2025,,28/8/2025,,,,,
Cornel Lepadat,Bucuresti / Ilfov,Magurele,#ERROR!,19/8/2025,Recomandare,,"LEI     9,500.00",,MX,,,,,,,,,,,Ofertat,,,,,3.0%,,,
Marius,Arad,,#ERROR!,19/8/2025,,,"LEI     15,000.00",,,,,8017,,,,,,,,Ofertat,,,,,,,,
Vlad Padureanu,,,,19/8/2025,,,,,,,,RAL,,,,,,,,,,,,,,,,
Valentin Tudose,,,,19/8/2025,,,,,,,,RAL,,,,,,,,,,,,,,,,
Ciocarlan Radu,Bucuresti / Ilfov,Clinceni,0727 121 919,19/8/2025,Birou,,"LEI     10,000.00",,MX,,,RAL,,,,,,,,Ofertat,,,,,,,,
Alx Metal Decor,Teleorman,,0 763 195 444,20/8/2025,Montatori / Colaboratori,23.01,"LEI     3,680.00",GARD,MX,MX 25 DUO,10.00,7016,0.6mm,Briliant,,,,,,Vandut,20/8/2025,LIVRAT,23/8/2025,,1.0%,,,
Alx Metal Decor,Teleorman,Rosiori,0 763 195 444,20/8/2025,Montatori / Colaboratori,11.13,"LEI     1,997.00",GARD,MX,MX 25,8.32,7001,0.5mm,Mat,,,,,,Vandut,20/8/2025,LIVRAT,23/8/2025,,1.0%,,,
Pauna Emilian,Gorj,Balanesti,#ERROR!,20/8/2025,,,"LEI     2,000.00",,,,,RAL,,,,,,,,Ofertat,,,,,,,,
Ovidiu,,,,20/8/2025,Client Vechi ( Completare ),,LEI     209.00,,,,,RAL,,,,,,,,Vandut,,,,,,,,
Cotuna Petru,Timis,,0 742 309 112,20/8/2025,Montatori / Colaboratori,,"LEI     10,000.00",,MX,,,RAL,,,,,,,,Ofertat,,,,,,,,
Ion Stochita,Dambovita,Pucioasa,0723 625 013,20/8/2025,Facebook,,"LEI     9,400.00",,Caretta,,,8019,,,,,,,,Pierdut,,,,,3.0%,,,
Croitoru Alexandru,Bucuresti / Ilfov,Bragadiru,(072) 252-4442,20/8/2025,Client Vechi ( Completare ),,LEI     730.00,,Fakro,,,RAL,,,,,,,,Vandut,21/8/2025,,,,0.0%,,,
Stefan Vistrea,Bucuresti / Ilfov,Dragomiresti Vale,0761 900 350,21/8/2025,OLX,,"LEI     2,000.00",,MX,,,RAL,,,,,,,,Informatii,,,,,3.0%,,,
Narcis,,,,21/8/2025,OLX,,,,MX,,,RAL,,,,,,,,Informatii,,,,,,,,
Georgiana Salgau,,,,21/8/2025,OLX,,,,MX,,,RAL,,,,,,,,Informatii,,,,,,,,
Bodor Erika,Maramures,,0 743 480 480,21/8/2025,OLX,,"LEI     3,000.00",,MX,,,RAL,,,,,,,,Ofertat,,,,,3.0%,,,
Razvan,Dolj,,(077) 222-8198,21/8/2025,OLX,,,,MX,,,RAL,,,,,,,,Informatii,,,,,3.0%,,,
Royal Colors Painting SRL,Arges,Goranesti,0745 080 507,21/8/2025,Client Vechi ( Completare ),10.58,"LEI     1,336.00",GARD,MX,MX 25 DUO,4.17,8017,0.5mm,Mat DUO,,,,,,Vandut,21/8/2025,LIVRAT,29/8/2025,,1.0%,,,
Tuchiu Marin,Giurgiu,Buturugeni,0723 237 574,21/8/2025,Birou,,LEI     511.00,SISTEM PLUVIAL,Caretta,,,8017,,Briliant,,,,,,Vandut,21/8/2025,LIVRAT,27/8/2025,,3.0%,,,
Metal Design Cluj,Cluj,POPEȘTI,0721 074 727,21/8/2025,Montatori / Colaboratori,93.00,"LEI     14,706.00",GARD,MX,MX 25 DUO,45.96,9005,0.5mm,Mat DUO,,,,,,Vandut,21/8/2025,LIVRAT,10/9/2025,,1.0%,,,
GECA TRACK SRL,Bucuresti / Ilfov,Bragadiru,#ERROR!,21/8/2025,Client Vechi ( Completare ),,"LEI     1,508.00",GARD,Caretta,Cutata,19.09,7001,0.6mm,Briliant,,,,,,Vandut,21/8/2025,COMANDAT,1/10/2025,,3.0%,,,
Anghel Nicolae Madalin,Timis,,0 752 872 215,21/8/2025,Telefon,,"LEI     3,000.00",,MX,,,RAL,,,,,,,,Ofertat,,,,,3.0%,,,
Gheorghita,Sibiu,,,22/8/2025,OLX,,,,MX,,,RAL,,,,,,,,Ofertat,,,,,3.0%,,,
MEV TERMOINSTAL SRL,Bucuresti / Ilfov,Sector 5,0767 605 052,22/8/2025,Montatori / Colaboratori,10.50,"LEI     1,790.00",GARD,MX,MX 25,7.95,7016,0.5mm,Mat DUO,,,,,,Vandut,22/8/2025,LIVRAT,27/8/2025,,2.0%,,,
Marian Buica,Bucuresti / Ilfov,Domnesti,0 742 026 510,22/8/2025,Montatori / Colaboratori,12.00,"LEI     1,486.00",GARD,MX,MC 105,5.16,7016,0.5mm,Mat DUO,,,,,,Vandut,22/8/2025,LIVRAT,5/9/2025,,1.0%,,,
OVIROM BUSINESS CONCEPT S.R.L.,hunedoara,Hateg,0 749 657 910,22/8/2025,OLX,58.67,"LEI     9,462.00",GARD,MX,MX 60 DUO,24.74,7016,0.5mm,Mat DUO,,,,,,Vandut,26/9/2025,LIVRAT,20/10/2025,,1.0%,,,
Mar,Giurgiu,Comana,(076) 051-4554,22/8/2025,,,,,MX,,,RAL,,,,,,,,,,,,,,,,
MEV TERMOINSTAL SRL,Bucuresti / Ilfov,Sector 5,0767 605 052,22/8/2025,Montatori / Colaboratori,8.56,"LEI     1,457.00",GARD,MX,MX 25,6.48,7016,0.5mm,Mat DUO,,,,,,Vandut,22/8/2025,LIVRAT,27/8/2025,,2.0%,,,
Ionut Dumitrache,Arges,Pitesti,,22/8/2025,,,,,,,,RAL,,,,,,,,Ofertat,,,,,,,,
GATTOPARDO,Bucuresti / Ilfov,,,22/8/2025,Client Vechi ( Completare ),,LEI     800.00,,Fakro,,,RAL,,,,,,,,Vandut,22/8/2025,,22/8/2025,,3.0%,,,
GATTOPARDO COMPANY SRL,Bucuresti / Ilfov,,,25/8/2025,Client Vechi ( Completare ),,LEI     229.00,ELEMENTE SPECIALE,MetallicGroup,,02.08,7016,0.5mm,Mat DUO,,,,,,Vandut,25/8/2025,LIVRAT,25/8/2025,,1.0%,,,
OTIS CONCEPT IMOB S.R.L.,Bucuresti / Ilfov,,0721 918 222,25/8/2025,Birou,,"LEI     2,118.00",SISTEM PLUVIAL,Caretta,,,7016,0.6mm,Briliant,,,,,,Vandut,25/8/2025,LIVRAT,2/9/2025,,2.0%,,,
Cernezenco Tudorel,Bucuresti / Ilfov,Cornetu,0721 215 248,25/8/2025,Client Vechi ( Completare ),,LEI     280.00,ELEMENTE SPECIALE,MetallicGroup,,1.50,7016,0.6mm,Briliant,,,,,,Vandut,25/8/2025,LIVRAT,28/8/2025,,3.0%,,,
Florentin Mitrea,Arges,Mioveni,#ERROR!,25/8/2025,,,"LEI     3,300.00",,,,,RAL,,,,,,,,Ofertat,,,,,,,,
Tenea Robert,Bucuresti / Ilfov,,0765 239 466,25/8/2025,Client Vechi ( Completare ),,LEI     447.00,GARD,Zebra,Y 118,,7016,0.6mm,Briliant,,,,,,Vandut,25/8/2025,LIVRAT,3/9/2025,,3.0%,,,
Gunzilovici Vasile,Bucuresti / Ilfov,,40 725 142 988,25/8/2025,,,,,,,,RAL,,,,,,,,Ofertat,,,,,,,,
Campean,Bucuresti / Ilfov,Sector 5,#ERROR!,25/8/2025,Telefon,,,,MX,,,RAL,,,,,,,,Ofertat,,,,,3.0%,,,
Sandu Mihai,Bucuresti / Ilfov,Magurele,0 771 101 450,26/8/2025,Birou,,"LEI     6,000.00",GARD,MX,,,RAL,,,,2/9/2025,"I-am dat mostre de tabla, sa aleaga intre marouri.",,,Follow UP ( Negociere ),,,,,3.0%,,,
Ionut Dumitrache,Arges,Pitesti,,26/8/2025,Montatori / Colaboratori,,,,,,,RAL,,,,,,,,Informatii,,,,,,,,
Mihalcea Marius,Giurgiu,Iepuresti,0740 452 949,26/8/2025,Birou,,"LEI     4,661.00",ACOPERIS,Caretta,Daily,56.57,8019,0.5mm,Mat,,,,,,Vandut,26/8/2025,LIVRAT,3/9/2025,,3.0%,,,
Fecepoi Petronia,Bucuresti / Ilfov,Darasti Ilfov,0726 623 996,26/8/2025,Birou,,"LEI     2,700.00",,MX,,,7016,,,,,,,,Ofertat,,,,,3.0%,,,
Ciprian Cargo,Buzau,,,26/8/2025,Montatori / Colaboratori,,LEI     216.00,,MetallicGroup,,1.35,RAL,,,,,,,,Vandut,26/8/2025,LIVRAT,26/8/2025,,3.0%,,,
Alin Vasile,Braila,Lanurile,0 742 468 508,26/8/2025,Montatori / Colaboratori,10.95,"LEI     1,596.00",GARD,MX,MX 25,7.98,7016,0.5mm,Mat DUO,,,,,,Vandut,27/8/2025,LIVRAT,5/9/2025,,1.0%,,,
Panait Grigore,Tulcea,Murghiol,0 799 750 488,26/8/2025,Telefon,,"LEI     9,000.00",,MX,,,RAL,,,,,,,,Ofertat,,,,,3.0%,,,
Petre Florin,,,,26/8/2025,,,,,,,,RAL,,,,,,,,Informatii,,,,,,,,
Vestemean,Sibiu,Talmaciu,0 749 545 412,27/8/2025,Montatori / Colaboratori,,LEI     88.00,,MX,,,RAL,,,,,,,,Vandut,27/8/2025,,,,1.0%,,,
Coman Adrian,Giurgiu,,#ERROR!,27/8/2025,OLX,,,,MX,,,RAL,,,,,,,,Informatii,,,,,3.0%,,,
Mirela-Geta Galateanu,,,,27/8/2025,,,,,MX,,,RAL,,,,,,,,Pierdut,,,,,,,,
Cotuna Petru,Timis,Obad,0742 309 112,27/8/2025,Montatori / Colaboratori,7.93,"LEI     1,302.00",GARD,MX,MX 25,5.42,7016,0.6mm,Briliant,,,,,,Vandut,27/8/2025,LIVRAT,12/9/2025,,1.0%,,,
Dinca Adrian,Bucuresti / Ilfov,Balotesti,40 772 078 446,27/8/2025,Telefon,,"LEI     2,000.00",,MX,,,RAL,,,,4/9/2025,"A venit la birou sa vada modelele, tine legatura cu Marian Buica",,,Follow UP ( Negociere ),,,,,3.0%,,,
MARIA ADELA,Sibiu,,0749 219 547,27/8/2025,Facebook,,LEI     400.00,,MX,,,RAL,,,,8/9/2025,📞,,,Ofertat,,,,,3.0%,,,
Alexandrescu Emil,Bucuresti / Ilfov,Sector 5,0728 937 813,27/8/2025,Birou,25.89,"LEI     5,051.00",GARD,MX,MX 25 DUO,10.98,7016,0.6mm,Briliant,,2/9/2025,Vine astazi la 16 cu avans,,,Vandut,2/9/2025,LIVRAT,16/9/2025,,3.0%,,,
Matei Viorel,Bucuresti / Ilfov,Cornetu,0733 985 756,27/8/2025,Birou,,"LEI     15,000.00",,MX,,,RAL,,,,3/9/2025,"Trimis oferta cu MC105, distantare 15mm si video cu distantare 1 cm",8/9/2025,"Inca nu are gata stalpii, lucreaza cu un baiat care vine din cand in cand",Pierdut,,,,,3.0%,,,
Mitel,Constanta,PALAZU,0730 418 094,28/8/2025,OLX,,"LEI     4,500.00",,MX,,,RAL,,,,,,,,Ofertat,,,,,3.0%,,,
Adrian Chirica,Giurgiu,Mihailesti,0 723 505 497,28/8/2025,Client Vechi ( Completare ),,"LEI     4,144.00",GARD,Caretta,Sipca gard,,8004,0.6mm,Briliant,,,,,,Vandut,29/8/2025,LIVRAT,3/9/2025,,1.0%,,,
Mirea Nicolae,Bucuresti / Ilfov,Sector 5,0722 416 700,28/8/2025,Birou,33.26,"LEI     5,533.00",GARD,MX,MX 60 DUO,14.10,7016,0.5mm,Mat DUO,,,Confectie si montaj Marian Buica,,,Vandut,9/9/2025,LIVRAT,30/9/2025,,2.0%,,,
Udrea Vasile,Bucuresti / Ilfov,Sector 5,0771 103 288,28/8/2025,Birou,,LEI     365.00,SISTEM PLUVIAL,Caretta,,,8017,,Briliant,,,,,,Vandut,28/8/2025,COMANDAT,,,3.0%,,,
George Bolocan,Timis,,,28/8/2025,Montatori / Colaboratori,,"LEI     11,000.00",,Caretta,,,RAL,,,,,,,,Informatii,,,,,2.0%,,,
Mihalcea Marius,Bucuresti / Ilfov,Iepuresti,0740 452 949,28/8/2025,Client Vechi ( Completare ),,LEI     301.00,ACCESORII,Caretta,,,8019,,,,,,,,Vandut,28/8/2025,,3/9/2025,,3.0%,,,
Barbulescu Nicolae,Giurgiu,Slobozia,,28/8/2025,Recomandare,,,,MX,,,RAL,,,,,,,,Informatii,,,,,3.0%,,,
Liviu Marius,Bucuresti / Ilfov,Cornetu,0765 837 242,28/8/2025,Birou,,"LEI     6,000.00",,MX,,,RAL,,,,2/9/2025,"Nu are inca confectia, asteapta dupa sudor. E foarte aglomerat si cu munca",10/10/2025,"Amana gardul, anul asta siigur nu il face",Follow UP ( Negociere ),,,,,3.0%,,,
Dumitru Cristinel,Bucuresti / Ilfov,Sector 5,0769 134 741,28/8/2025,Birou,,"LEI     15,000.00",ACOPERIS,Wetterbest,Clasic,,8019,0.5mm,Mat,,1/9/2025,📞,2/9/2025,"E in concediu la plaja (l-au dus copii in extrasezon), ne auzim dupa 8 septembrie.",Pierdut,,,,,2.0%,,,
Ionut Balan,Bucuresti / Ilfov,Buturugeni,40 730 421 594,29/8/2025,Montatori / Colaboratori,,"LEI     1,631.00",GARD,MX,MX 60 DUO,4.25,7016,0.6mm,Briliant,,,,,,Vandut,29/8/2025,,29/8/2025,,1.0%,,,
BRB,Dolj,,0 742 978 638,29/8/2025,OLX,,LEI     700.00,,MX,,,RAL,,,,,,,,Ofertat,,,,,3.0%,,,
Cornel Mot,,,,29/8/2025,OLX,,,,MX,,,RAL,,,,,,,,Informatii,,,,,3.0%,,,
Raluca Tudor,Bucuresti / Ilfov,Clinceni,#ERROR!,29/8/2025,Telefon,,"LEI     1,500.00",,MX,,,RAL,,,,,,,,Pierdut,,,,,3.0%,,,
Catalin Stan,Bucuresti / Ilfov,Voluntari,#ERROR!,29/8/2025,OLX,,"LEI     1,100.00",,MX,,,RAL,,,,,,,,Ofertat,,,,,3.0%,,,
Pavel Adrian Gabriel,Bucuresti / Ilfov,,0762 911 387,29/8/2025,Birou,,"LEI     2,025.00",,MX,,,RAL,,,,,,,,Ofertat,,,,,1.0%,,,
Business Grow Up SRL,Prahova,Talea,0786 123 456,29/8/2025,Facebook,,"LEI     6,400.00",,MX,,,RAL,,,,,,,,Follow UP ( Negociere ),,,,,3.0%,,,
Business Grow Up SRL,Prahova,Talea,0786 123 456,29/8/2025,Facebook,,"LEI     16,000.00",,MX,,,RAL,,,,30/9/2025,📞,7/10/2025,📞 Nu raspunde,Follow UP ( Negociere ),,,,,3.0%,,,
Marcu Marcel,Prahova,Vălenii de Munte,0744 651 802,29/8/2025,OLX,,,,MX,,,RAL,,,,,,,,Ofertat,,,,,3.0%,,,
Calinescu Raluca,SUCEAVA,Campulung Moldovenesc,0743 533 595,29/8/2025,Facebook,,"LEI     7,000.00",,MX,,,7016,,,,,,,,Ofertat,,,,,3.0%,,,
Catalin Grigorie,Dolj,,0769 721 630,1/9/2025,OLX,,"LEI     2,300.00",,MX,,,RAL,,,,,,,,Ofertat,,,,,3.0%,,,
MEV TERMOINSTAL SRL,Bucuresti / Ilfov,Sector 5,0767 605 052,1/9/2025,Montatori / Colaboratori,,LEI     50.00,ACCESORII,MX,,,RAL,,,,,,,,Vandut,1/9/2025,LIVRAT,1/9/2025,,3.0%,,,
Lumbersteel,,,,1/9/2025,Montatori / Colaboratori,,,,MX,,,RAL,,,,,,,,Informatii,,,,,,,,
SILVICOM IMPEX 95 SRL /Mihalache Ion,Bucuresti / Ilfov,Gruiu,0 767 075 991,1/9/2025,Telefon,27.13,"LEI     4,689.00",GARD,MX,MX 15 DUO,10.42,7016,0.5mm,Mat DUO,,,,,,Vandut,2/9/2025,LIVRAT,22/9/2025,,3.0%,,,
Dragos,,,,1/9/2025,,,,,,,,RAL,,,,,,,,Informatii,,,,,,,,
Felix Dan,Gorj,Motru,0 727 873 730,1/9/2025,OLX,,LEI     400.00,,MX,,,RAL,,,,,,,,Ofertat,,,,,3.0%,,,
Monica Ghilicica,Mehedinti,Drobeta-Turnu Severin,0 752 388 174,1/9/2025,OLX,,"LEI     4,000.00",,MX,,,RAL,,,,,,,,Ofertat,,,,,3.0%,,,
Buga Ovidiu,Bucuresti / Ilfov,,,1/9/2025,Birou,,LEI     171.00,ELEMENTE SPECIALE,MetallicGroup,,,RAL,,,,,,,,Vandut,1/9/2025,,1/9/2025,,3.0%,,,
Catalin Manea,Mehedinti,Drobeta-Turnu Severin,44 7479 864391,1/9/2025,OLX,,"LEI     6,400.00",,MX,,,7016,,,,3/9/2025,📞 Nu raspunde,10/10/2025,📞 Nu raspunde,Ofertat,,,,,3.0%,,,
Gabi Traistaru,,,,1/9/2025,Recomandare,,,,,,,RAL,,,,,,,,,,,,,,,,
italcool,SUCEAVA,,,1/9/2025,OLX,,,,,,,RAL,,,,,,,,Informatii,,,,,,,,
Floruta Dorel,Oradea,Ceica,0 744 348 683,1/9/2025,OLX,,"LEI     2,000.00",,MX,,,RAL,,,,8/9/2025,Transmis oferta cu cote actualizate,,,Ofertat,,,,,3.0%,,,
Dumitru Marian,Bucuresti / Ilfov,,#ERROR!,2/9/2025,Facebook,,"LEI     1,300.00",,MX,,,RAL,,,,3/9/2025,"Transmis oferta cu cote actualizate
",,,Ofertat,,,,,,,,
Mihai Laurentiu,Bucuresti / Ilfov,Chiajna,0 762 889 600,2/9/2025,Facebook,,"LEI     17,000.00",,MX,,,RAL,,,,,,,,Ofertat,,,,,,,,
Sandu Mihai,Bucuresti / Ilfov,Magurele,0 771 101 450,2/9/2025,Birou,,"LEI     5,330.00",GARD,Caretta,Cutata,104.54,8017,0.5mm,Mat,,,,,,Vandut,5/9/2025,LIVRAT,2/10/2025,,3.0%,,,
Paul,Olt,Dragasani,#ERROR!,2/9/2025,,,"LEI     1,500.00",,MX,,,RAL,,,,,,,,Ofertat,,,,,,,,
LOAGTHAN INVESTMENT,,,,2/9/2025,Montatori / Colaboratori,4.91,,,MX,,,RAL,,,,,,,,,,LIVRAT,5/9/2025,,,,,
Vidrighin Liviu,Sibiu,,#ERROR!,3/9/2025,OLX,,"LEI     2,000.00",,MX,,,RAL,,,,,,,,Ofertat,,,,,3.0%,,,
Adrian Marica,Bucuresti / Ilfov,,0722 633 619,3/9/2025,,,LEI     629.00,ELEMENTE SPECIALE,MetallicGroup,,,8019,0.5mm,Mat DUO,,,,,,Vandut,3/9/2025,COMANDAT,,,,,,
Decu Sorin,Bucuresti / Ilfov,,0 766 480 915,3/9/2025,Client Vechi ( Completare ),,LEI     73.00,,Caretta,,,8004,,,,,,,,Vandut,,,,,1.0%,,,
Tunaru Constantin,Bucuresti / Ilfov,Iepuresti,0723 814 345,3/9/2025,Client Vechi ( Completare ),14.27,"LEI     3,503.00",GARD,MX,MX 25,11.52,8019,0.6mm,Briliant,,,,,,Vandut,3/9/2025,LIVRAT,18/9/2025,,3.0%,,,
VITION MADALIN,Bucuresti / Ilfov,,0765 278 792,3/9/2025,Client Vechi ( Completare ),,"LEI     5,700.00",GARD,MX,,,RAL,,,,,,,,Follow UP ( Negociere ),,,,,1.0%,,,
Gabriel Ghimpau,Sibiu,,#ERROR!,3/9/2025,,,,,Zebra,,,RAL,,,,,,,,Informatii,,,,,,,,
Vestemean Ionut,Sibiu,Talmaciu,0 749 545 412,4/9/2025,,,"LEI     1,536.00",,MX,,,RAL,,,,,,,,Ofertat,,,,,,,,
Sandu Marinel,Giurgiu,Mihailesti,0745 071 394,4/9/2025,Birou,,"LEI     6,938.00",,MX,,,RAL,,,,10/10/2025,📞 Nu raspunde,,,Ofertat,,,,,3.0%,,,
Onica Liliana,,,,4/9/2025,,,,,,,,RAL,,,,,,,,,,,,,,,,
Tunaru Constantin,,,,5/9/2025,Recomandare,,"LEI     6,600.00",,MX,,,RAL,,,,,,,,Informatii,,,,,3.0%,,,
Ticleanu Madalin,Giurgiu,Stoienesti,0764 643 003,5/9/2025,,,"LEI     4,500.00",,"Caretta , MX",,,8017,,,,11/9/2025,Abonatul are tel inchis sau nu se afla in aria de acoperire,,,Ofertat,,,,,3.0%,,,
Pescaru Petruta,Bucuresti / Ilfov,Sector 5,0760 311 716,5/9/2025,Birou,,"LEI     1,327.00",GARD,Caretta,Sipca gard,,3005,0.6mm,Briliant,,,,,,Vandut,5/9/2025,LIVRAT,11/9/2025,,3.0%,,,
Alin Cartana,Dolj,Craiova,0 741 122 476,5/9/2025,Facebook,,"LEI     2,000.00",,MX,,,RAL,,,,,,,,Ofertat,,,,,3.0%,,,
Gyany Moraru 😎,,,#ERROR!,8/9/2025,Telefon,,"LEI     5,000.00",,MX,,,RAL,,,,,,,,Ofertat,,,,,,,,
Covaci Marius,Cluj,,0 756 667 000,8/9/2025,OLX,,"LEI     4,000.00",,MX,,,RAL,,,,,,,,Pierdut,,,,,3.0%,,,
Feron Styl,Salaj,,0 745 223 927,8/9/2025,Montatori / Colaboratori,,"LEI     7,000.00",,MX,,,9005,,,,,,,,Ofertat,,,,,1.0%,,,
URUCU IMPIANTI S.R.L. / Robert Urucu,Bucuresti / Ilfov,Sector 5,#ERROR!,8/9/2025,"Telefon, Birou",,"LEI     13,000.00",,MX,,,RAL,,,,23/9/2025,📞 Nu raspunde,10/10/2025,"Discount 10% dezv, astept sa aleaga varianta sa ii fac proforma",Pierdut,,,,,3.0%,,,
Liviu,Bucuresti / Ilfov,Sector 5,#ERROR!,8/9/2025,OLX,,,,MX,,,RAL,,,,15/9/2025,📞 Nu raspunde,17/9/2025,📞 Nu raspunde,Follow UP ( Negociere ),,,,,3.0%,,,
Marius Ionita,Bucuresti / Ilfov,Sector 5,0 745 177 224,8/9/2025,Birou,,"LEI     10,000.00",,"Caretta , Wetterbest",,,8004,,,,,,,,Pierdut,,,,,2.0%,,,
Cotuna Petru,Timis,Obad,0742 309 112,10/9/2025,Montatori / Colaboratori,41.45,"LEI     6,596.00",GARD,MX,MX 25 DUO,17.38,7016,0.6mm,Briliant,,,,,,Vandut,11/9/2025,LIVRAT,12/9/2025,,1.0%,,,
Alberto,Bucuresti / Ilfov,Berceni,0 764 325 386,10/9/2025,OLX,,"LEI     5,500.00",,MX,,,7016,,,,17/9/2025,"Nu-l mai intereseaza, a multumit si inchis degraba...",,,Pierdut,,,,,3.0%,,,
Florin Ghioc,Bucuresti / Ilfov,Bragadiru,0721 428 877,10/9/2025,Birou,142.54,"LEI     26,199.00",GARD,MX,MX 60 DUO,60.11,8019,0.6mm,Briliant,,11/9/2025,"Discount 10%, pana pe 30 sept",16/9/2025,"Pus in legatura cu Ionut, i-am spus ca desi pretul este mai mare, Ionut este ce trebuie",Vandut,23/9/2025,LIVRAT,22/10/2025,,1.5%,,,
Claudiu Florin Giurgiuvean,Bucuresti / Ilfov,Sector 5,0763 193 457,10/9/2025,Birou,18.78,"LEI     3,391.00",GARD,MX,MX 25,13.56,7016,0.5mm,Mat DUO,,,,,,Vandut,10/9/2025,LIVRAT,23/9/2025,,3.0%,,,
Lincu Ionut,Bucuresti / Ilfov,1 decembrie,0766 908 940,10/9/2025,Birou,14.50,"LEI     2,810.00",GARD,MX,MX 25,11.24,7016,0.5mm,Mat,,,,,,Vandut,15/9/2025,LIVRAT,25/9/2025,,3.0%,,,
Pop Bogdan,,,0 752 479 486,11/9/2025,Telefon,,"LEI     3,000.00",,MX,,,9005,,,,,,,,Ofertat,,,,,3.0%,,,
Valeria Andriev,Bucuresti / Ilfov,Bragadiru,#ERROR!,11/9/2025,Telefon,,"LEI     2,100.00",,MX,,,RAL,,,,,,,,Ofertat,,,,,3.0%,,,
Gheorghe Florin,Bucuresti / Ilfov,Sector 5,,11/9/2025,Client Vechi ( Completare ),,LEI     732.00,ACOPERIS,Caretta,Nobel,10.55,7016,0.5mm,Mat,,,,,,Vandut,11/9/2025,COMANDAT,1/10/2025,,3.0%,,,
Pescaru Petruta,Bucuresti / Ilfov,Sector 5,,11/9/2025,,,LEI     50.00,,MetallicGroup,,,RAL,,,,,,,,Vandut,,,,,,,,
Florin,,,40 747 584 186,11/9/2025,Telefon,,"LEI     2,000.00",,MX,,,,,,,,,,,Ofertat,,,,,3.0%,,,
Famig Sistem Grup,Bucuresti / Ilfov,,0723 335 133,11/9/2025,Montatori / Colaboratori,,"LEI     1,200.00",,MX,,,RAL,,,,,,,,Ofertat,,,,,3.0%,,,
Dumitrascu Andrei,Braila,Corbu Nou,#ERROR!,12/9/2025,OLX,,,,MX,,,RAL,,,,16/9/2025,"E plecat din tara, suna el cand se intoarce. De pus in legatura cu Alin Vasile, sudor BR",,,Ofertat,,,,,3.0%,,,
Velicu Nicolae,Bucuresti / Ilfov,,0722 603 123,12/9/2025,Birou,,LEI     193.00,ACCESORII,Caretta,,,7016,,,,,,,,Vandut,12/9/2025,LIVRAT,1/10/2025,,1.0%,,,
Sanda George,Bucuresti / Ilfov,,0722 947 987,12/9/2025,Montatori / Colaboratori,,LEI     256.00,ELEMENTE SPECIALE,MetallicGroup,,,RAL,0.6mm,Briliant,,,,,,Vandut,12/9/2025,LIVRAT,19/9/2025,,3.0%,,,
Zaharia Florian,Bucuresti / Ilfov,,0768 512 786,12/9/2025,Birou,,"LEI     2,000.00",,MX,,,7016,,,,,,,,Ofertat,,,,,3.0%,,,
Cristian Seica,Bucuresti / Ilfov,,0735 310 415,12/9/2025,Birou,,"LEI     7,000.00",,Bilka,,,8019,,,,,,,,Ofertat,,,,,3.0%,,,
Daniela,Sibiu,,,15/9/2025,OLX,,,,MX,,,RAL,,,,,,,,Informatii,,,,,,,,
Alin Radu,Calarasi,,0 750 435 284,15/9/2025,Montatori / Colaboratori,,"LEI     3,000.00",,MX,,,RAL,,,,,,,,Ofertat,,,,,1.0%,,,
Claudiu Florin Giurgiuvean,Bucuresti / Ilfov,Sector 5,0763 193 457,15/9/2025,Client Vechi ( Completare ),,"LEI     2,245.00",,Fakro,,,RAL,,,,,,,,Vandut,15/9/2025,,26/11/2025,,3.0%,,,
Alin Stoian,Bucuresti / Ilfov,Bragadiru,0737 823 696,15/9/2025,Birou,,"LEI     8,000.00",,MX,,,RAL,,,,18/9/2025,"Discount 5%, oferta Gardembrie",7/10/2025,📞 Nu raspunde,Follow UP ( Negociere ),,,,,3.0%,,,
Clinica Medicala Hipocrat 2000/ Mitrea Adrian,Bucuresti / Ilfov,Sector 1,0735 400 305,15/9/2025,Birou,,,,,,,RAL,,,,18/9/2025,📞 Nu raspunde,,,Ofertat,,,,,,,,
Relu Farcas,Bihor,Oradea,0 752 192 933,15/9/2025,OLX,,"LEI     6,000.00",,MX,,,RAL,,,,16/9/2025,"Dat pret colaborator real, -20%, aar vrea sa expuna panouri. Se ocupa si cu piscine si foisoare. Are o locatie la iesire din Oradea, deschidere 9 ml ( pe 50)
L-am amenintat cu proforma, dar asteapta ceva autorizatii de la primarie...",30/9/2025,"Suna el inapoi, are putina treaba",Follow UP ( Negociere ),,,,,1.0%,,,
M35,,,#ERROR!,15/9/2025,,,,,,,,RAL,,,,,,,,Ofertat,,,,,,,,
Mariana,Bucuresti / Ilfov,Moara Domneasca,#ERROR!,16/9/2025,Telefon,,"LEI     5,800.00",,MX,,,7016,,,,,,,,Ofertat,,,,,3.0%,,,
Pescaru Petruta,Bucuresti / Ilfov,Sector 5,0760 311 716,16/9/2025,Client Vechi ( Completare ),,LEI     932.00,,Caretta,,,3005,,,,,,,,Vandut,16/9/2025,,3/10/2025,,3.0%,,,
Radian Lazar,Arges,Mioveni,0 744 521 095,16/9/2025,,,"LEI     9,000.00",,MX,,,RAL,,,,,,,,Ofertat,,,,,3.0%,,,
VITION MADALIN,Bucuresti / Ilfov,,0765 278 792,16/9/2025,Montatori / Colaboratori,34.27,"LEI     6,531.00",GARD,MX,MX 60 DUO,15.12,8019,0.6mm,Briliant,,,,,,Vandut,25/9/2025,LIVRAT,27/10/2025,,1.0%,,,
Viorel Oprea,Giurgiu,Slobozia,0 761 977 322,16/9/2025,OLX,,"LEI     3,000.00",,MX,,,RAL,,,,,,,,Pierdut,,,,,3.0%,,,
George Panait,Bucuresti / Ilfov,Sector 2,0 722 317 370,16/9/2025,OLX,07.05,"LEI     1,091.00",GARD,MX,MX 25 DUO,2.37,3005,0.6mm,Briliant,,,,,,Vandut,26/9/2025,LIVRAT,14/10/2025,,3.0%,,,
George,,,40 727 028 263,17/9/2025,OLX,,,,,,,RAL,,,,,,,,Informatii,,,,,,,,
Gheorghe Pasare,Dolj,Filiasi,#ERROR!,17/9/2025,OLX,,"LEI     6,000.00",,MX,,,7016,,,,30/9/2025,Nu raspunde,25/11/2025,📞 Nu raspunde,Ofertat,,,,,3.0%,,,
Vestemean Ionut,Sibiu,Talmaciu,0 749 545 412,17/9/2025,Montatori / Colaboratori,7.66,"LEI     1,246.00",GARD,MX,MX 60,4.87,7016,0.6mm,Briliant,,,,,,Vandut,25/9/2025,LIVRAT,29/9/2025,,1.0%,,,
Dana,,,#ERROR!,17/9/2025,,,,,,,,RAL,,,,,,,,Ofertat,,,,,,,,
Bordos Cornel,,,#ERROR!,18/9/2025,,,,,MX,,,RAL,,,,,,,,Ofertat,,,,,3.0%,,,
Vestemean Ionut,Sibiu,Talmaciu,0 749 545 412,18/9/2025,Montatori / Colaboratori,,LEI     175.00,,,,,7016,,,,,,,,Vandut,18/9/2025,,,,,,,
Preda Tudorel,Bucuresti / Ilfov,Sector 2,#ERROR!,18/9/2025,OLX,,,,MX,,,RAL,,,,,,,,Pierdut,,,,,3.0%,,,
Cosmin,Bucuresti / Ilfov,Tunari,(073) 192-4293,18/9/2025,Montatori / Colaboratori,,,,MX,,,RAL,,,,,,,,Ofertat,,,,,2.0%,,,
Nicolae Duta,Bucuresti / Ilfov,Sector 5,#ERROR!,18/9/2025,Birou,,"LEI     17,000.00",,Caretta,,,RAL,,,,,,,,Pierdut,,,,,3.0%,,,
Lumbersteel SRL,Dolj,,0 735 815 862,18/9/2025,Montatori / Colaboratori,,"LEI     8,000.00",,MX,,,7016,,,,,,,,Ofertat,,,,,1.0%,,,
Fery,Arad,,#ERROR!,19/9/2025,Telefon,,"LEI     1,800.00",,MX,,,RAL,,,,,,,,Ofertat,,,,,3.0%,,,
Daria,,,,19/9/2025,OLX,,,,MX,,,RAL,,,,,,,,Informatii,,,,,,,,
Mihut Catalin,Bucuresti / Ilfov,Bragadiru,0787 518 690,19/9/2025,Birou,,"LEI     10,000.00",,MX,,,RAL,,,,23/9/2025,"Sunt plecati din Bucuresti pana maine seara, ne auzim pe 25 sept",29/9/2025,Nici pe 30 Nu raspunde bitch-ul,Follow UP ( Negociere ),,,,,3.0%,,,
Laurentiu Petria,Dolj,Bulzesti,0 731 813 105,22/9/2025,Telefon,,"LEI     8,000.00",,MX,,,RAL,,,,29/9/2025,Nu raspunde,,,Ofertat,,,,,3.0%,,,
Romina Muzur,,,,22/9/2025,OLX,,,,MX,,,RAL,,,,,,,,Informatii,,,,,3.0%,,,
Rusu Catalin,Timis,,,22/9/2025,,,,,,,,RAL,,,,,,,,Informatii,,,,,,,,
Catalin,Timis,,#ERROR!,22/9/2025,OLX,,,,MX,,,RAL,,,,,,,,Ofertat,,,,,3.0%,,,
Daniela Lup,Timis,,#ERROR!,22/9/2025,OLX,,LEI     800.00,,MX,,,RAL,,,,,,,,Ofertat,,,,,3.0%,,,
Marian Ruscu,Bucuresti / Ilfov,Bragadiru,0763 618 868,22/9/2025,Birou,,"LEI     2,000.00",,MX,,,8017,,,,,,,,Ofertat,,,,,3.0%,,,
Costel Zaharia,Bucuresti / Ilfov,,0 762 308 504,22/9/2025,OLX,,"LEI     7,000.00",,MX,,,RAL,,,,30/9/2025,❌ Respins,30/9/2025,"A cazut, si-a fracturat coloana, deocamdata nu se mai ocupa de gard",Follow UP ( Negociere ),,,,,1.0%,,,
TRANS-MENTOR,Bucuresti / Ilfov,,0723 611 818,22/9/2025,Birou,,LEI     771.00,ELEMENTE SPECIALE,MetallicGroup,,3.50,7016,0.5mm,Mat,,,,,,Vandut,23/9/2025,LIVRAT,26/9/2025,,3.0%,,,
Avram,,,,23/9/2025,OLX,,,,MX,,,RAL,,,,,,,,Informatii,,,,,,,,
Hijazi Veronica,,,,23/9/2025,OLX,,,,MX,,,RAL,,,,,,,,Informatii,,,,,,,,
yoga,,,,23/9/2025,OLX,,,,MX,,,RAL,,,,,,,,Informatii,,,,,,,,
Chirieci,Bucuresti / Ilfov,Magurele,,23/9/2025,Montatori / Colaboratori,,,,Caretta,,,RAL,,,,,,,,Ofertat,,,,,3.0%,,,
Burcea Costel,Buzau,Pogoanele,#ERROR!,25/9/2025,OLX,,,,MX,,,RAL,,,,,,,,Contactat,,,,,,,,
POP IOAN,,,#ERROR!,25/9/2025,,,,,MX,,,RAL,,,,,,,,Informatii,,,,,,,,
MEV TERMOINSTAL SRL,Bucuresti / Ilfov,Sector 5,0767 605 052,25/9/2025,Montatori / Colaboratori,,LEI     81.00,,MX,,0.62,7016,,,,,,,,Vandut,1/10/2025,,1/10/2025,,1.0%,,,
Dogaru Armand,Calarasi,Iezeru,#ERROR!,25/9/2025,Telefon,,LEI     292.00,,Caretta,,,8019,,,,,,,,Ofertat,,,,,3.0%,,,
Alin Paunescu,Valcea,Rm VAlcea,0 743 012 001,25/9/2025,Telefon,,LEI     609.00,SISTEM PLUVIAL,Caretta,,,8019,,,,,,,,Vandut,26/9/2025,LIVRAT,26/9/2025,,3.0%,,,
Cotuna Petru,Timis,Obad,0742 309 112,25/9/2025,Montatori / Colaboratori,,LEI     260.00,ACCESORII,Caretta,,,7016,,,,,,,,Vandut,25/9/2025,LIVRAT,25/9/2025,,1.0%,,,
Klein Ioana,Arad,Arad,#ERROR!,25/9/2025,OLX,25.04,"LEI     4,113.00",GARD,MX,MX 60 DUO,10.19,7016,0.5mm,Mat DUO,,26/9/2025,"A revenit cu cotele,",,,Vandut,26/9/2025,LIVRAT,20/10/2025,,2.0%,,,
Rares,Brasov,,49 15510 748986,25/9/2025,OLX,,"LEI     5,250.00",,MX,,,RAL,,,,7/10/2025,Oferta Gardoween 5%,7/10/2025,Intra mesageria de Germania,Ofertat,,,,,2.0%,,,
S.C. TRANS-MENTOR SRL,Bucuresti / Ilfov,,,26/9/2025,Client Vechi ( Completare ),,LEI     50.00,ACCESORII,MetallicGroup,,,RAL,,,,,,,,Vandut,26/9/2025,,1/10/2025,,3.0%,,,
O tanti,Bucuresti / Ilfov,Sector 5,,26/9/2025,Birou,,LEI     65.00,SISTEM PLUVIAL,Caretta,,,7016,0.5mm,Mat DUO,,,,,,Vandut,26/9/2025,LIVRAT,26/9/2025,,3.0%,,,
Ciobanu Ciprian,Giurgiu,Vanatorii Mici,0 742 326 405,26/9/2025,Telefon,,"LEI     2,000.00",,MX,,,RAL,,,,,,,,Ofertat,,,,,3.0%,,,
Preda Viorel,Bucuresti / Ilfov,,0 737 674 162,26/9/2025,Telefon,,"LEI     2,000.00",,MX,,,RAL,,,,,,,,Ofertat,,,,,3.0%,,,
Capraru Florin,,,,26/9/2025,,,,,,,,RAL,,,,,,,,,,,,,,,,
Vintila Mirel,Bucuresti / Ilfov,Bragadiru,0763 664 894,29/9/2025,Birou,,"LEI     3,913.00",,MetallicGroup,,19.80,8004,,,,,,,,Vandut,30/9/2025,,14/10/2025,,3.0%,,,
Petrica Linca,Teleorman,Rosiori,#ERROR!,29/9/2025,OLX,,"LEI     5,000.00",,MX,,,7016,,,,,,,,Ofertat,,,,,3.0%,,,
Dragos Stanescu,Bucuresti / Ilfov,Chitila,0 754 268 043,29/9/2025,Telefon,,"LEI     7,000.00",,MX,,,7016,,,,9/10/2025,"Nu s-a hotarat inca, i-am dat Gardoween 5%",,,Ofertat,,,,,2.0%,,,
S.C. TRANS-MENTOR SRL,Bucuresti / Ilfov,Sector 5,0723 611 818,29/9/2025,Client Vechi ( Completare ),,LEI     97.00,ELEMENTE SPECIALE,MetallicGroup,,0.88,7016,0.5mm,Mat DUO,,,,,,Vandut,29/9/2025,LIVRAT,1/10/2025,,3.0%,,,
Radulescu Mircea,Ialomita,Slobozia,0722 470 270,29/9/2025,Birou,,"LEI     7,000.00",,Caretta,,,8019,,,,9/10/2025,"O sa ii las mostre de sipca afara, sa le poata lua sambata, sa le arate in scop consultativ",10/10/2025,"I-am lasat mostre de sipca si de tabla 0.5 si 0.6, va trece sambata sa le ridice",Follow UP ( Negociere ),,,,,3.0%,,,
Dorin,Timis,Timisoara,0 722 341 194,29/9/2025,OLX,,"LEI     3,000.00",,MX,,,Stejar,,,,1/10/2025,"Trimis oferta doar pentru DUO, si poze cu stejar auriu",,,Follow UP ( Negociere ),,,,,3.0%,,,
TOPAERO S.R.L.,Bucuresti / Ilfov,Bragadiru,0763 664 894,29/9/2025,Client Vechi ( Completare ),,"LEI     11,033.00",SISTEM PLUVIAL,Caretta,,,8004,0.6mm,Briliant,,,,,,Vandut,1/10/2025,LIVRAT,8/10/2025,,3.0%,,,
Aure,,,0 758 632 735,30/9/2025,Telefon,,"LEI     4,200.00",,MX,,,RAL,,,,,,,,Ofertat,,,,,3.0%,,,
Cristian Diamant,,,#ERROR!,30/9/2025,Telefon,,,,MX,,,RAL,,,,,,,,Informatii,,,,,,,,
Roscioga Bogdan,Bucuresti / Ilfov,Bragadiru,0769 707 444,30/9/2025,Birou,,LEI     208.00,SISTEM PLUVIAL,Caretta,,,7016,0.6mm,Briliant,,,,,,Vandut,30/9/2025,LIVRAT,3/10/2025,,3.0%,,,
Vestemean Ionut,Sibiu,Talmaciu,0 749 545 412,30/9/2025,Montatori / Colaboratori,,LEI     240.00,ELEMENTE SPECIALE,MetallicGroup,,,7016,0.5mm,Mat DUO,,,,,,Vandut,1/10/2025,LIVRAT,6/10/2025,,,,,
Iacov Costin,Timis,,#ERROR!,1/10/2025,OLX,,"LEI     12,000.00",,MX,,,9005,,,,9/10/2025,"Trimis oferta ""Gardoween"", 5% discount",,,Pierdut,,,,,3.0%,,,
Daniela Moldoveanu,Timis,,#ERROR!,1/10/2025,OLX,,,,MX,,,RAL,,,,,,,,Pierdut,,,,,,,,
Theodor,,,#ERROR!,1/10/2025,,,"LEI     2,100.00",,MX,,,RAL,,,,,,,,Ofertat,,,,,,,,
Bodirlau Cristian,Bucuresti / Ilfov,Bragadiru,0752 423 665,2/10/2025,Birou,63.07,"LEI     10,963.00",GARD,MX,MX 60 DUO,25.79,7016,0.5mm,Mat DUO,,,,,,Vandut,3/10/2025,LIVRAT,18/11/2025,,3.0%,,,
Boros Marius Mihnea PFA,Bucuresti / Ilfov,,0766 953 094,2/10/2025,Birou,,"LEI     14,636.00",SISTEM PLUVIAL,Caretta,,,7016,0.6mm,Briliant,,,,,,Vandut,2/10/2025,LIVRAT,8/10/2025,,2.0%,,,
Nicolae Radulescu,Dolj,Craiova,0 727 063 892,2/10/2025,OLX,,"LEI     6,300.00",GARD,MX,,,RAL,,,,8/10/2025,"Trimis oferta ""Gardoween"", 5% discount",31/10/2025,Nu raspunde,Pierdut,,,,,2.0%,,,
Barbu Viorel,Bucuresti / Ilfov,Magurele,0723 531 813,2/10/2025,Birou,,"LEI     4,000.00",,Wetterbest,,,RAL,,,,,,,,Ofertat,,,,,3.0%,,,
Barbu Viorel,Bucuresti / Ilfov,Magurele,0723 531 813,2/10/2025,Birou,,,,MX,,,RAL,,,,,,,,Ofertat,,,,,3.0%,,,
Ducu Alin,Prahova,Ploiesti,#ERROR!,3/10/2025,Telefon,,"LEI     3,000.00",,MX,,,RAL,,,,8/10/2025,"Vrea si confectie metalica si montaj, dat contactul lui Mugurel
""Sincer, m-am orientat spre Mx 15Duo de 0,6 grosime""",,,Pierdut,,,,,3.0%,,,
Constantin Gheorghita,Bucuresti / Ilfov,Berceni,(074) 577-6447,6/10/2025,Telefon,,"LEI     8,000.00",,MX,,,RAL,,,,8/10/2025,"Nu are inca cote finale, il tot amana cei care ii fac zidaria. I-am dat oferta ""Gardoween"", 5%",31/10/2025,A respins javra,Follow UP ( Negociere ),,,,,3.0%,,,
Klein Ioana,Arad,Arad,0 740 400 949/ 0721 023 148,6/10/2025,OLX,16.14,"LEI     2,850.00",GARD,MX,MX 60 DUO,6.71,7016,0.5mm,Mat,,,,,,Vandut,23/10/2025,LIVRAT,31/10/2025,,2.0%,,,
SAFE ROOF SECURITY,Bucuresti / Ilfov,Sector 3,#ERROR!,6/10/2025,Montatori / Colaboratori,,"LEI     7,000.00",,Caretta,,,7016,,,,,,,,Ofertat,,,,,2.0%,,,
Luyza,,,#ERROR!,6/10/2025,OLX,,"LEI     3,000.00",,MX,,,RAL,,,,,,,,Ofertat,,,,,3.0%,,,
Burcus Marian,Bucuresti / Ilfov,Domnesti,0765 440 095,6/10/2025,,,"LEI     4,000.00",,MX,,,9002,,,,14/10/2025,Tel inchis,,,Ofertat,,,,,,,,
Marian Buica,Bucuresti / Ilfov,Domnesti,0 742 026 510,6/10/2025,Montatori / Colaboratori,,"LEI     9,000.00",,MX,,,7016,,,,,,,,Informatii,,,,,1.0%,,,
Alexandru Niculae,,,,6/10/2025,Birou,,,,MX,,,RAL,,,,,,,,Ofertat,,,,,,,,
Andrei Marcu,Bucuresti / Ilfov,Sector 5,0 730 103 142,6/10/2025,Telefon,,"LEI     8,000.00",,MX,,,7016,,,,,,,,Ofertat,,,,,3.0%,,,
Viorel Gasca,Ialomita,Slobozia,0 734 538 388,6/10/2025,OLX,,"LEI     7,600.00",,MX,,,7016,,,,7/10/2025,"A inteles foarte bine oferta, revine cand are dimensiuni",28/10/2025,"Inca nu a reusit sa ridice, se pare ca o sa intre in iarna si nu vrea sa monteze atunci. Ne auzim",Follow UP ( Negociere ),,,,,2.0%,,,
Marin Mihai,Bucuresti / Ilfov,,0730 759 148,7/10/2025,Client Vechi ( Completare ),,LEI     296.00,,MetallicGroup,,,7024,,,,,,,,Vandut,7/10/2025,,,,3.0%,,,
Boros Marius Mihnea,Bucuresti / Ilfov,Varteju,#ERROR!,8/10/2025,,,,,Caretta,,,RAL,,,,,,,,Vandut,,,,,,,,
danciuandreea690,,,,8/10/2025,OLX,,,,MX,,,RAL,,,,,,,,Informatii,,,,,,,,
Metal Design Cluj,Cluj,Popesti,#ERROR!,8/10/2025,Montatori / Colaboratori,,"LEI     1,140.00",,MX,,5.70,7016,,,,,,,S-a razgandit clientul,Pierdut,,,,,1.0%,,,
Grosieriu RADU,SUCEAVA,,0 748 706 816,9/10/2025,OLX,,"LEI     2,400.00",,MX,,,RAL,,,,,,,,Ofertat,,,,,3.0%,,,
Voicu Cosmin,Bucuresti / Ilfov,Darasti,0736 865 109,9/10/2025,Birou,,LEI     470.00,SISTEM PLUVIAL,Caretta,,,8019,0.5mm,Lucios,,,,,,Vandut,9/10/2025,COMANDAT,23/10/2025,,3.0%,,,
Andriev Gheorghe,Bucuresti / Ilfov,Bragadiru,0743 030 422,9/10/2025,Birou,21.88,"LEI     3,914.00",GARD,MX,MX 60,13.59,8004,,,,,,,,Vandut,23/10/2025,LIVRAT,14/11/2025,,3.0%,,,
Daniel Balcan,Giurgiu,Calugareni,,10/10/2025,OLX,,,GARD,Caretta,,,RAL,,,,,,,,Ofertat,,,,,3.0%,,,
Bulzan Nicolaie Sergiu,Bihor,Tileagd,0 768 411 564,10/10/2025,OLX,29.88,"LEI     5,818.00",GARD,MX,MX 25,23.27,7016,0.5mm,Mat DUO,,,,,,Vandut,16/10/2025,LIVRAT,3/11/2025,,3.0%,,,
Dumitru Daniel,Giurgiu,Singureni,0768 570 999,10/10/2025,Birou,,"LEI     1,100.00",,Bilka,,,8019,,,,,,,,Ofertat,,,,,3.0%,,,
Sergiu,Bucuresti / Ilfov,Branesti,0 740 904 007,10/10/2025,Birou,,"LEI     10,000.00",,MX,,,8019,,,,31/10/2025,"REVENIRE! Nu este in tara, revine dansul",,,Ofertat,,,,,3.0%,,,
Vasilescu Mihai,Bucuresti / Ilfov,Copaceni,0734 387 636,13/10/2025,Birou,,"LEI     3,229.00",ACOPERIS,Caretta,Daily,50.98,8017,0.5mm,Mat,,,,,,Vandut,13/10/2025,LIVRAT,15/10/2025,,3.0%,,,
Ionel Drumcea,Bucuresti / Ilfov,Branesti,0766 742 333,13/10/2025,Lead Caretta,,"LEI     8,000.00",,MX,,,8019,,,,31/10/2025,📞 Nu raspunde,,,Ofertat,,,,,3.0%,,,
Ionut-Daniel Ion,Constanta,Negru Voda,#ERROR!,13/10/2025,Telefon,,"LEI     5,800.00",,MX,,,9005,,,,14/10/2025,"Voia sa se sfatuiasca si cu montatorii, dar astazi e sarbatoare si nu lucreaza, fireste",28/10/2025,"Momentan nu e buget, a pus niste plasa, revine cand poate duce la bun sfarsit",Follow UP ( Negociere ),,,,,3.0%,,,
Badea Sandel,Giurgiu,,,13/10/2025,Telefon,,"LEI     18,000.00",,"Caretta , Wetterbest",,,RAL,,,,14/10/2025,Nu raspunde,,,Ofertat,,,,,3.0%,,,
Ilie George Daniel,Bucuresti / Ilfov,Bragadiru,0760 124 442,13/10/2025,Montatori / Colaboratori,,"LEI     1,000.00",ELEMENTE SPECIALE,MetallicGroup,,7.60,7016,0.5mm,Mat DUO,,,,,,Vandut,13/10/2025,LIVRAT,13/10/2025,,1.0%,,,
Ilie Emanuel,Bucuresti / Ilfov,Sector 4,0722 335 420,13/10/2025,Birou,,"LEI     8,250.00",GARD,MX,,,8017,0.6mm,Briliant,,4/11/2025,"Peste 1 luna-2, tine neaparat de RAL 9013",,,Follow UP ( Negociere ),,,,,1.0%,,,
Tofan Mihai,Galati,Smardan,0 743 452 289,13/10/2025,OLX,,"LEI     8,000.00",,MX,,,RAL,,,,,,,,Ofertat,,,,,3.0%,,,
Geambasu Ionut,Bucuresti / Ilfov,,,13/10/2025,Client Vechi ( Completare ),,"LEI     1,050.00",,MetallicGroup,,,7016,,,,,,,,Ofertat,,,,,1.0%,,,
Petcu Lucian,Dambovita,Contesti,0 723 560 355,13/10/2025,OLX,,"LEI     5,700.00",,MX,,,8017,,,,28/10/2025,"Asteapta sa il sune Mircea Calin, montator DB, ca sa stie cat il costa total",,,Ofertat,,,,,3.0%,,,
Marea Marian,Bucuresti / Ilfov,Bragadiru,#ERROR!,14/10/2025,Telefon,,"LEI     2,141.00",ACOPERIS,Caretta,Click,25.70,7016,0.5mm,Mat,,,,,,Vandut,15/10/2025,LIVRAT,23/10/2025,,3.0%,,,
Bartu Costel,Bucuresti / Ilfov,Sector 5,0760 301 298,14/10/2025,Birou,,LEI     257.00,ACCESORII,MetallicGroup,,,RAL,0.5mm,Mat,,,,,,Vandut,14/10/2025,LIVRAT,14/10/2025,,3.0%,,,
Alexandru Trifan,Cluj,Campia Turzii,0 773 791 236,14/10/2025,Montatori / Colaboratori,20.26,"LEI     2,837.00",GARD,MX,MX 25,14.18,7016,0.5mm,Mat DUO,,,,,,Vandut,14/10/2025,LIVRAT,,,1.0%,,,
Gabriel,Alba,,,14/10/2025,Montatori / Colaboratori,,,,MX,,,RAL,,,,,,,,Ofertat,,,,,1.0%,,,
Popescu Vasile,Prahova,Ploiesti,#ERROR!,14/10/2025,OLX,,"LEI     5,700.00",GARD,MX,MX 60,,7016,0.5mm,Mat DUO,,15/10/2025,"I-am mai aparut un panou, dar s-au mai micit. Refacut & retransmis oferta, ar vrea MX60",24/10/2025,"I-am retrimis oferta, nu a avut timp sa se uite",Follow UP ( Negociere ),,,,,1.0%,,,
Cruceru Dumitru,Bucuresti / Ilfov,Magurele,0771 322 173,14/10/2025,Client Vechi ( Completare ),19.39,"LEI     3,896.00",GARD,MX,MX 60,14.70,8019,0.5mm,Mat DUO,,,,,,Vandut,14/10/2025,LIVRAT,28/10/2025,,3.0%,,,
Irimia Stefan,Bucuresti / Ilfov,Sector 5,0729 245 514,14/10/2025,Birou,,"LEI     1,316.00",ACOPERIS,Caretta,,,7024,0.5mm,Mat,,,,,,Vandut,14/10/2025,LIVRAT,23/10/2025,,3.0%,,,
Stropan Florin,Bucuresti / Ilfov,Sector 5,0760 619 897,14/10/2025,Birou,,"LEI     3,100.00",,Caretta,,,8019,,,,24/10/2025,Nu s-a hotarat inca,,,Ofertat,,,,,1.0%,,,
Cretu Cristina,Giurgiu,Giurgiu,#ERROR!,15/10/2025,OLX,44.58,"LEI     8,948.00",GARD,MX,MC 105,16.64,7016,,,,,,,,Vandut,15/10/2025,LIVRAT,31/10/2025,,3.0%,,,
Marius / MOONTOON FLOOD S.R.L.,Mures,Tg Mures,0 756 686 329,15/10/2025,Montatori / Colaboratori,,"LEI     13,705.00",,MX,,,8017,,,,,,,,Ofertat,,,,,1.0%,,,
Florea Adrian,Constanta,,0 765 235 775,15/10/2025,OLX,,"LEI     4,500.00",,,,,RAL,,,,24/10/2025,📞 Nu raspunde,27/10/2025,📞 Nu raspunde zdreanta,Pierdut,,,,,3.0%,,,
Razvan Matica,Bihor,,0 740 950 840,15/10/2025,OLX,,"LEI     5,000.00",,MX,,,RAL,,,,16/10/2025,Nu raspunde,,,Pierdut,,,,,3.0%,,,
Florin Ciuraru,Bucuresti / Ilfov,Bragadiru,(076) 642-1219,15/10/2025,Birou,,,,,,,RAL,,,,,,,,Informatii,,,,,,,,
Matei Daniel,Bucuresti / Ilfov,Balotesti,(077) 228-8675,15/10/2025,Telefon,,"LEI     8,500.00",,MX,,,RAL,,,,24/10/2025,📞 Nu raspunde,29/10/2025,"Ii face cineva confectia, pentru un duplex. Lovit cu discount 10%, valabil pana la 31 oct",Follow UP ( Negociere ),,,,,1.0%,,,
Mihai Saulescu,Bucuresti / Ilfov,Bragadiru,0 721 507 664,16/10/2025,,7.63,"LEI     1,635.00",GARD,MX,,5.45,9005,,,,,,,,Ofertat,,LIVRAT,7/11/2025,,,,,
Sanda George,Bucuresti / Ilfov,,0722 947 987,16/10/2025,,,LEI     47.00,,MetallicGroup,,0.32,9005,,,,,,,,Vandut,,,,,2.0%,,,
Vintan Ioana,Bihor,Sanmartin,0 752 833 801,16/10/2025,OLX,,"LEI     4,000.00",,MX,,,7016,,,,24/10/2025,❌ Respins,,,Ofertat,,,,,3.0%,,,
TOPAERO S.R.L.,Bucuresti / Ilfov,Bragadiru,0763 664 894,16/10/2025,Montatori / Colaboratori,,LEI     742.00,ELEMENTE SPECIALE,Caretta,,,8004,0.6mm,Briliant,,,,,,Vandut,16/10/2025,LIVRAT,4/11/2025,,3.0%,,,
Carmen Naprusel,Bucuresti / Ilfov,Bragadiru,#ERROR!,23/10/2025,Client Vechi ( Completare ),,"LEI     22,000.00",,Caretta,,,3005,,,,29/10/2025,📞 Nu raspunde,,,Ofertat,,,,,3.0%,,,
Nicu,Bucuresti / Ilfov,,0787 568 012,23/10/2025,Telefon,,LEI     210.00,,Caretta,,,8019,,,,,,,,Vandut,23/10/2025,,,,3.0%,,,
Ilie George Daniel,Bucuresti / Ilfov,Bragadiru,0760 124 442,23/10/2025,Client Vechi ( Completare ),,"LEI     2,700.00",ELEMENTE SPECIALE,MetallicGroup,,,7016,0.5mm,Mat DUO,,,,,,Vandut,23/10/2025,LIVRAT,30/10/2025,,2.0%,,,
Catalin Dumitrache,Bucuresti / Ilfov,Jilava,#ERROR!,23/10/2025,,,"LEI     2,700.00",,,,,7016,,,,24/10/2025,📞 Nu raspunde,,,Ofertat,,,,,,,,
Deaconu Constantin Nicolae,Bucuresti / Ilfov,Sector 5,0761 737 059,24/10/2025,Birou,,"LEI     1,014.00",,MetallicGroup,,6.24,8017,,,,,,,,Ofertat,,,,,3.0%,,,
Catalin Popa,Bucuresti / Ilfov,Berceni,#ERROR!,24/10/2025,Montatori / Colaboratori,,"LEI     2,200.00",,MX,,,RAL,,,,,,,,Ofertat,,,,,1.0%,,,
Marian Buica,Bucuresti / Ilfov,Sector 5,0740 583 472,24/10/2025,Montatori / Colaboratori,2.44,LEI     298.00,GARD,MX,MX 25,1.21,7016,0.5mm,Mat DUO,,,,,,Vandut,10/11/2025,COMANDAT,,,1.0%,,,
Florin Olteanu,Bucuresti / Ilfov,Bragadiru,,24/10/2025,"Client Vechi ( Completare ), Birou",,,,Caretta,,,RAL,,,,4/11/2025,Asteapta oferta si de la altcineva,,,Ofertat,,,,,3.0%,,,
George Sarbu,Constanta,Constanta,#ERROR!,24/10/2025,OLX,7.49,"LEI     1,694.00",GARD,MX,MX 60,5.30,8019,0.6mm,Briliant,,,,,,Vandut,28/10/2025,LIVRAT,11/11/2025,,3.0%,,,
Mugur Mitco,Bucuresti / Ilfov,Pantelimon,0735 031 703,24/10/2025,"Birou, Lead Caretta",35.95,"LEI     6,426.00",GARD,MX,MC 105,18.35,MESTEACAN,0.6mm,Lucios DUO,,,,,,Vandut,28/10/2025,LIVRAT,28/11/2025,,3.0%,,,
Alin Balaj,Bihor,,,27/10/2025,,,,,,,,RAL,,,,,,,,Ofertat,,,,,,,,
Marian Miron,Olt,,0 756 245 829,27/10/2025,OLX,,"LEI     2,000.00",,,,,8019,,,,,,,,Ofertat,,,,,3.0%,,,
Ichim Viorel,Bucuresti / Ilfov,Sector 5,0733 636 055,27/10/2025,Birou,,LEI     811.00,GARD,Caretta,,14.15,7016,0.5mm,Mat,,,,,,Vandut,27/10/2025,LIVRAT,14/11/2025,,3.0%,,,
Bivolaru Lucian,Bucuresti / Ilfov,Bragadiru,,27/10/2025,Birou,15.24,"LEI     2,810.00",GARD,MX,MX 25,11.24,7016,0.5mm,Mat DUO,,,,,,Vandut,27/10/2025,LIVRAT,4/11/2025,,3.0%,,,
Cotuna Petru,,,,27/10/2025,Montatori / Colaboratori,,,,,,,RAL,,,,,,,,,,,,,,,,
Zamfir Ana Maria,Teleorman,Tiganesti,0 762 342 140,27/10/2025,OLX,,"LEI     13,000.00",,MX,,,7016,,,,31/10/2025,📞 Nu raspunde,,,Ofertat,,,,,3.0%,,,
OVIROM BUSINESS CONCEPT S.R.L.,hunedoara,Hateg,,27/10/2025,Client Vechi ( Completare ),58.67,"LEI     4,481.00",GARD,MX,MX 60 DUO,11.72,7016,0.5mm,Mat DUO,,,,,,Vandut,27/10/2025,LIVRAT,21/10/2025,,1.0%,,,
Metal Design Cluj,,,,27/10/2025,,,,,,,,RAL,,,,,,,,,,,,,,,,
Laurentiu Stoican,Bucuresti / Ilfov,Magurele,0770 563 418,27/10/2025,Birou,,LEI     921.00,GARD,Caretta,Cutata,10.35,7016,0.6mm,Briliant,,,,,,Vandut,29/10/2025,LIVRAT,3/11/2025,,3.0%,,,
Lumbersteel,Dolj,,,27/10/2025,,,,,,,,RAL,,,,,,,,Informatii,,,,,,,,
Filip Luca,Cluj,Dezmir,(076) 964-6038,27/10/2025,Client Vechi ( Completare ),41.10,"LEI     9,216.00",GARD,MX,MX 60,30.31,8017,0.6mm,Briliant,,,,,,Vandut,27/10/2025,LIVRAT,17/11/2025,,2.0%,,,
Nina Madalin,Bucuresti / Ilfov,Cornetu,0763 656 941,27/10/2025,Birou,,"LEI     1,426.00",SISTEM PLUVIAL,Caretta,,,8019,0.6mm,Briliant,,,,,,Vandut,27/10/2025,LIVRAT,3/11/2025,,3.0%,,,
VITION MADALIN,Bucuresti / Ilfov,,0765 278 792,28/10/2025,Montatori / Colaboratori,16.23,"LEI     2,862.00",GARD,MX,MX 60 DUO,6.62,7016,0.6mm,Briliant,,,,,,Vandut,28/10/2025,LIVRAT,14/11/2025,,1.0%,,,
Anghel Cristian,Bucuresti / Ilfov,Sector 2,0 725 159 795,28/10/2025,OLX,,"LEI     23,000.00",,MX,,,7016,,,,,,,,Pierdut,,,,,3.0%,,,
DEY METAL CONCEPT S.R.L.,Bucuresti / Ilfov,Berceni,0 765 025 701,29/10/2025,Telefon,16.82,"LEI     2,205.00",GARD,MX,MX 25,11.03,7016,0.5mm,Mat DUO,,,,,,Vandut,20/11/2025,LIVRAT,26/11/2025,,1.0%,,,
Bogdan Uduiteanu,Bucuresti / Ilfov,Berceni,0762 683 153,29/10/2025,Birou,,LEI     738.00,ELEMENTE SPECIALE,MetallicGroup,,3.84,9002,0.6mm,Briliant,,,,,,Vandut,29/10/2025,LIVRAT,6/11/2025,,3.0%,,,
Metal Design,,,,29/10/2025,,,,,,,,RAL,,,,,,,,Informatii,,,,,,,,
Cotuna Petru,Timis,Obad,0742 309 112,29/10/2025,Montatori / Colaboratori,12.81,"LEI     2,055.00",GARD,MX,MX 25 DUO,5.21,8019,0.6mm,Briliant,,,,,,Vandut,3/11/2025,LIVRAT,12/11/2025,,1.0%,,,
Petrea Eugen,Bucuresti / Ilfov,Sector 5,0761 779 328,30/10/2025,Montatori / Colaboratori,,LEI     747.00,ACCESORII,Caretta,,,8019,0.6mm,Briliant,,,,,,Vandut,30/10/2025,LIVRAT,5/11/2025,,2.0%,,,
Marius Neculai,,,0762 074 354,30/10/2025,Montatori / Colaboratori,,"LEI     2,700.00",,MX,,,8019,,,,,,,,Ofertat,,,,,1.0%,,,
TOPAERO S.R.L.,Bucuresti / Ilfov,Bragadiru,40 763 664 894,31/10/2025,Client Vechi ( Completare ),,LEI     200.00,,Caretta,,,8004,,,,,,,,Vandut,31/10/2025,,5/11/2025,,3.0%,,,
Andriev Gheorghe,Bucuresti / Ilfov,,,31/10/2025,Client Vechi ( Completare ),,LEI     182.00,GARD,MX,MX 60,1.14,8004,0.6mm,Briliant,,,,,,Vandut,31/10/2025,,,,1.0%,,,
Robert Dumitru,Teleorman,Turnu Magurele,0049 160 3063453,31/10/2025,Telefon,,"LEI     9,200.00",,MX,,,8017,,,,,,,,Ofertat,,,,,3.0%,,,
CONTUR SYSTEM S.R.L.,Bucuresti / Ilfov,Sector 2,0 723 574 118,31/10/2025,Montatori / Colaboratori,,LEI     600.00,,MX,,,7016,,,,,,,,Ofertat,,,,,1.0%,,,
TOPAERO S.R.L.,Bucuresti / Ilfov,Bragadiru,40 763 664 894,31/10/2025,Client Vechi ( Completare ),,LEI     525.00,,Caretta,,,8004,,,,,,,,Vandut,31/10/2025,,5/11/2025,,3.0%,,,
Filip Luca,Cluj,Dezmir,(076) 964-6038,31/10/2025,Client Vechi ( Completare ),414.00,"LEI     9,561.00",GARD,MX,MX 60 DUO,22.13,8017,,,,,,,,Vandut,31/10/2025,,,,1.0%,,,
Marioara Gabriel,Bucuresti / Ilfov,Pantelimon,0727 363 266,31/10/2025,Birou,24.00,"LEI     3,881.00",GARD,MX,MX 60 DUO,9.51,7024,0.6mm,Briliant,,,,,,Vandut,31/10/2025,LISTAT,,,2.0%,,,
CYP & EGY,Bucuresti / Ilfov,Bragadiru,0767 937 858,3/11/2025,Birou,,,,MX,,,8017,,,,26/11/2025,Nu raspunde,,,Ofertat,,,,,1.0%,,,
Vasile,Bucuresti / Ilfov,Sector 5,0 741 929 395,3/11/2025,Birou,,"LEI     15,000.00",,"Bilka, Wetterbest",,,6005,,,,,,,,Ofertat,,,,,1.0%,,,
Ivana Ionut,Bucuresti / Ilfov,Bragadiru,0770 745 789,3/11/2025,Telefon,,"LEI     1,380.00",ACOPERIS,Caretta,Cutata,27.60,7016,0.5mm,Mat,,,,,,Vandut,3/11/2025,LIVRAT,6/11/2025,,3.0%,,,
George Militaru,Bucuresti / Ilfov,Sector 5,0722 734 941,3/11/2025,Birou,,"LEI     3,800.00",,Caretta,,,8019,,,,28/11/2025,Nu raspunde,,,Ofertat,,,,,3.0%,,,
Tenea Robert,Bucuresti / Ilfov,Sector 5,0 765 239 466,3/11/2025,,,"LEI     2,600.00",,,,,RAL,,,,,,,,Ofertat,,,,,,,,
Marian Buica,Bucuresti / Ilfov,Bragadiru,0 742 026 510,4/11/2025,Montatori / Colaboratori,5.24,LEI     529.00,GARD,MX,MC 105,1.53,7016,0.5mm,Mat,,,,,,Vandut,4/11/2025,LIVRAT,12/11/2025,,1.0%,,,
Vasiliu Cristina,Bucuresti / Ilfov,Bragadiru,0738 077 888,4/11/2025,Birou,,"LEI     9,000.00",ACOPERIS,Caretta,Daily,129.22,7016,0.5mm,Mat,,,,,,Vandut,4/11/2025,LIVRAT,11/11/2025,,,,,
Ioana Scorcea,Brasov,,#ERROR!,5/11/2025,,,,,,,,RAL,,,,,,,,Ofertat,,,,,,,,
Bolocan Valentin,Bucuresti / Ilfov,Sector 5,#ERROR!,5/11/2025,Birou,,"LEI     1,600.00",,MX,,,7016,,,,28/11/2025,"Nu accepta oferta, o sa faca din altceva",,,Pierdut,,,,,3.0%,,,
Patachia Valentin,Bucuresti / Ilfov,,0760 524 316,5/11/2025,Birou,,"LEI     2,400.00",,Caretta,,,8004,,,,,,,,Ofertat,,,,,3.0%,,,
Vestemean Ionut,Sibiu,Talmaciu,,5/11/2025,Montatori / Colaboratori,,LEI     250.00,,MX,,,RAL,,,,,,,,Vandut,5/11/2025,,,,,,,
HABO DESIGN S.R.L.,Timis,Timisoara,0 755 955 655,5/11/2025,Montatori / Colaboratori,41.83,"LEI     6,137.00",GARD,MX,MC 75,18.27,7016,0.6mm,Briliant,,,,,,Vandut,5/11/2025,LIVRAT,18/11/2025,,1.0%,,,
HABO DESIGN,Timis,Timisoara,0 755 955 655,5/11/2025,Montatori / Colaboratori,19.28,"LEI     3,476.00",GARD,MX,MX 25,14.48,7016,0.6mm,Briliant,,,,,,Vandut,5/11/2025,LIVRAT,18/11/2025,,1.0%,,,
Danut,Bucuresti / Ilfov,,0 767 989 965,5/11/2025,Birou,,"LEI     4,000.00",,,,,RAL,,,,,,,,Ofertat,,,,,,,,
Dan Viasu,Gorj,,0 761 335 467,6/11/2025,OLX,,"LEI     1,480.00",,MX,,,RAL,,,,,,,,Ofertat,,,,,3.0%,,,
Vasile Pancioc,Arad,,0 790 501 730,6/11/2025,OLX,,LEI     850.00,,MX,,,RAL,,,,28/11/2025,Nu raspunde,,,Ofertat,,,,,3.0%,,,
Carla Todut,Timis,Timisoara,0 740 046 611,6/11/2025,OLX,,"LEI     4,000.00",,MX,,,RAL,,,,26/11/2025,"A sunat Bolocan, pentru confectie si montaj, dar nu a revenit cu oferta. Intre timp, a gasit pe altcineva....",,,Pierdut,,,,,3.0%,,,
Marian Cioroianu,Dolj,Craiova,0 765 021 949,6/11/2025,OLX,,"LEI     1,500.00",,MX,,,7016,,,,,,,,Pierdut,,,,,3.0%,,,
Bogdan Anton,Bucuresti / Ilfov,Bragadiru,0 736 366 384,7/11/2025,,,"LEI     25,000.00",,Caretta,,,RAL,,,,26/11/2025,Nu poate fi contactat,28/11/2025,Nu poate fi contactat,Ofertat,,,,,3.0%,,,
Grigorescu Sergiu,Bucuresti / Ilfov,Voluntari,0 744 885 923,7/11/2025,,,"LEI     3,600.00",,MX,,,RAL,,,,26/11/2025,"I-am trimis locatia, sa vina la birou, unde il astept si cu un discount.
Vine, sa vada daca ia ceva de la dumneanoastra",27/11/2025,Discount 10%,Follow UP ( Negociere ),,,,,1.0%,,,
Nicoleta,,,,10/11/2025,,,,,,,,RAL,,,,,,,,,,,,,,,,
poarta,,,,10/11/2025,,,,,,,,RAL,,,,,,,,,,,,,,,,
Cristea Claudiu,,,,10/11/2025,,,,,,,,RAL,,,,,,,,,,,,,,,,
Jimmy,,,,10/11/2025,,,,,,,,RAL,,,,,,,,,,,,,,,,
Busu Pro Acoperis,,,,10/11/2025,,,,,,,,RAL,,,,,,,,,,,,,,,,
Magulean Ciprian,,,,11/11/2025,,,,,,,,RAL,,,,,,,,,,,,,,,,
Feron Styl,,,,11/11/2025,,,,,,,,RAL,,,,,,,,,,,,,,,,
Filofteia Carjan,,,,11/11/2025,,,,,,,,RAL,,,,,,,,,,,,,,,,
Ilie George Daniel,,,,11/11/2025,,,,,,,,RAL,,,,,,,,,,,,,,,,
Chitu Sorin,Bucuresti / Ilfov,Bragadiru,0740 624 955,11/11/2025,Birou,5.21,LEI     708.00,GARD,MX,MX 25 DUO,1.52,8017,0.6mm,Briliant,,,,,,Vandut,12/11/2025,LIVRAT,27/11/2025,,3.0%,,,
Radoi Daniel,Olt,Gradinile,0 767 442 266,11/11/2025,OLX,13.63,"LEI     2,624.00",GARD,MX,MX 15,8.33,5008,0.6mm,Briliant,,,,,,Vandut,12/11/2025,PRODUS,,,1.0%,,,
Topaero,Bucuresti / Ilfov,Bragadiru,0763 664 894,11/11/2025,Client Vechi ( Completare ),,LEI     780.00,ELEMENTE SPECIALE,Caretta,,04.06,8004,0.6mm,Briliant,,,,,,Vandut,12/11/2025,COMANDAT,20/11/2025,,3.0%,,,
Grigorie Ion,,,,11/11/2025,,,,,,,,RAL,,,,,,,,,,,,,,,,
Iosub Gabi,,,,12/11/2025,,,,,,,,RAL,,,,,,,,,,,,,,,,
Sarbu Elisabeta,,,,12/11/2025,,,,,,,,RAL,,,,,,,,,,,,,,,,
Feron Styl,Salaj,Zalau,0 745 223 927,12/11/2025,Montatori / Colaboratori,14.04,"LEI     1,969.00",GARD,MX,MX 25,9.85,9005,0.5mm,Mat DUO,,,,,,Vandut,12/11/2025,LIVRAT,26/11/2025,,1.0%,,,
Marian Buica,,,,13/11/2025,,,,,,,,RAL,,,,,,,,,,,,,,,,
Valer Marica,,,,13/11/2025,,,,,,,,RAL,,,,,,,,,,,,,,,,
Zaharia Stelu,,,,13/11/2025,,,,,,,,RAL,,,,,,,,,,,,,,,,
Mihai Marius Varga,,Franta,0033 6 19 14 63 62,13/11/2025,Telefon,,"LEI     7,447.00",FATADA,MetallicGroup,,38.75,7024,0.6mm,Briliant,,,,,,Vandut,13/11/2025,LIVRAT,14/11/2025,,3.0%,,,
Preda Mihai,,,,14/11/2025,,,,,,,,RAL,,,,,,,,,,,,,,,,
Dincă Daniel,,,,14/11/2025,,,,,,,,RAL,,,,,,,,,,,,,,,,
Mihai Laurentiu,Bucuresti / Ilfov,Sector 4,0726751102‬,14/11/2025,Facebook,,"LEI     5,400.00",,MX,,,RAL,,,,,,,,Ofertat,,,,,3.0%,,,
Salim Medical Center SRL /Salim Abdullah,Timis,Timisoara,#ERROR!,14/11/2025,Facebook,,"LEI     6,473.00",GARD,MX,MX 60,,7024,0.6mm,Briliant,,21/11/2025,"Multuple reveniri, nu am notat tot in Airtable, conteaza rezultatul",,,Vandut,21/11/2025,,,,3.0%,,,
Adrian Baciu,Cluj,,0 770 616 428,14/11/2025,OLX,,"LEI     16,000.00",,MX,,,9002,,,,28/11/2025,"Trimis video, poze, randari si discount 10%",,,Ofertat,,,,,1.0%,,,
Valentin Vlad,Bucuresti / Ilfov,Sector 6,0 744 352 732,14/11/2025,Telefon,,"LEI     20,000.00",,MX,,,RAL,,,,28/11/2025,📞 Nu raspunde,,,Ofertat,,,,,1.0%,,,
Cosmin Faur,Arad,Siria,0 742 744 130,17/11/2025,OLX,,"LEI     2,000.00",,MX,,,RAL,,,,26/11/2025,"A vorbit cu cineva pentru confectia metalica, abia la anul va face. I-am propus avans, pentru 10% discount la 7024 Br",,,Ofertat,,,,,3.0%,,,
Nedelcu George,Calarasi,Stefan cel Mare,0 753 573 057,17/11/2025,Recomandare,,,,Caretta,,,RAL,,,,26/11/2025,A luat....,,,Pierdut,,,,,,,,
Budica George,Valcea,Ramnicu Valcea,0 769 777 714,17/11/2025,Facebook,,"LEI     2,000.00",,MX,,,RAL,,,,25/11/2025,"E hotarat, dar vrea sa stie si confectia metalica si montajul cat il costa.",27/11/2025,Revoltat de costul confectiei si montajului Pirvulescu- 1500 poarta pietonala si 200 montaj panou,Follow UP ( Negociere ),,,,,3.0%,,,
V.George,,,,17/11/2025,,,,,,,,RAL,,,,,,,,,,,,,,,,
Anica Ionel,Bucuresti / Ilfov,Otopeni,#ERROR!,17/11/2025,Birou,,"LEI     12,000.00",,MX,,,7024,,,,18/11/2025,Discount 15% pe 7024,25/11/2025,"A prezentat asociatului oferta, dar acesta a luat altceva",Pierdut,,,,,1.0%,,,
Vasile Bololoi,Constanta,Mircea Voda,#ERROR!,18/11/2025,OLX,37.15,"LEI     7,638.00",GARD,MX,MX 25,28.29,7024,0.6mm,Briliant,,,,,,Vandut,18/11/2025,LIVRAT,5/12/2025,,3.0%,,,
Baloiu Ionel,Giurgiu,Mihailesti,0767 872 492,18/11/2025,Birou,,LEI     545.00,ACOPERIS,Caretta,Cutata,6.90,9005,0.6mm,Briliant,,,,,,Vandut,18/11/2025,LIVRAT,26/11/2025,,3.0%,,,
Teodorescu Dan,Bucuresti / Ilfov,Bragadiru,0 721 253 039,18/11/2025,Teren,,"LEI     60,000.00",,MX,,,7016,,,,25/11/2025,"In principiu facem, saptamana viitoare sa vina cu cote. I-am spus ca trebuie saptamana asta",,,Follow UP ( Negociere ),,,,,1.0%,,,
Cristian Marin,Ialomita,Slobozia,(079) 959-0579,18/11/2025,Facebook,,"LEI     4,500.00",,MX,,,7016,,,,21/11/2025,"A vazut oferta, mai are ceva oferte. Nu s-a hotarat daca aluminiu, traforat sau jaluzea. Ma anunta, indiferent ce decizie ia.",25/11/2025,"Vezi obs 21.11, nu mai suna omu' aiurea😂",Ofertat,,,,,1.0%,,,
Jurcutiu George,Bihor,Cihei,0758 481 963,18/11/2025,Telefon,,"LEI     1,450.00",GARD,Caretta,Y 109,,7016,0.5mm,Mat DUO,,,,,,Vandut,18/11/2025,COMANDAT,,,,,,
MEV TERMOINSTAL SRL,,,,18/11/2025,,,LEI     81.00,,MX,,,RAL,,,,,,,,Vandut,,,,,,,,
Stanescu Vasile,Ialomita,Ograda,0725 265 735,18/11/2025,Facebook,46.37,"LEI     7,727.00",GARD,MX,MC 75,18.83,7016,0.6mm,Briliant,,,,,,Vandut,20/11/2025,LIVRAT,28/11/2025,,1.0%,,,
BETIRA CONSTRUCT SRL,Bucuresti / Ilfov,Pantelimon,0 730 640 064,19/11/2025,Recomandare,20.86,"LEI     3,519.00",GARD,MX,MX 60 DUO,8.15,7024,0.6mm,Briliant,,,,,,Vandut,19/11/2025,LISTAT,,,3.0%,,,
Dragomir Victor,Bucuresti / Ilfov,sector 5,0762 271 881,19/11/2025,TikTok Campanie,,,GARD,MX,,,RAL,,,,,"redurectionat catre alex, vine la show-room bucuresti , nu avea nici o dimensiunune cand l-am sunat",,,Contactat,,,,,,,,
Patrascu Aurelia,Bucuresti / Ilfov,Sector 5,0766 374 996,19/11/2025,Telefon,,"LEI     1,759.00",ACOPERIS,Caretta,Daily,24.13,8017,0.5mm,Mat,,,,,"Avans  759,51 lei",Vandut,21/11/2025,LIVRAT,2/12/2025,,3.0%,,,
Bongea Costel,Constanta,Mangalia,0 743 275 711,19/11/2025,OLX,,"LEI     18,000.00",,MX,,,RAL,,,,,,,,Pierdut,,,,,3.0%,,,
Ghita Daniel,Bucuresti / Ilfov,Bragadiru,0720 248 060,19/11/2025,Telefon,,"LEI     1,400.00",,MX,,,RAL,,,,,,,,,,,,,1.0%,,,
Gheorghe  Dunaras,Mures,Sighisoara,0 758 577 591,19/11/2025,Facebook,,"LEI     4,000.00",,MX,,,RAL,,,,28/11/2025,📞 Nu raspunde,5/12/2025,📞 Nu raspunde,Ofertat,,,,,1.0%,,,
Bogdan Moise,Bucuresti / Ilfov,Sector 4,#ERROR!,19/11/2025,,,"LEI     3,000.00",,MX,,,7016,,,,28/11/2025,📞 Nu raspunde,,,Ofertat,,,,,,,,
HABO DESIGN expo,Timis,,,19/11/2025,Montatori / Colaboratori,,,,MX,,,RAL,,,,,,,,Informatii,,,,,,,,
Mihai Bogdan,Sibiu,,(074) 369-0835,20/11/2025,Facebook,,"LEI     1,900.00",,MX,,,RAL,,,,25/11/2025,📞 Nu raspunde,,,Ofertat,,,,,1.0%,,,
Ene Bivolaru,Bucuresti / Ilfov,Sector 4,0 763 665 838,20/11/2025,Telefon,,LEI     145.00,SISTEM PLUVIAL,Caretta,,,8019,0.6mm,Briliant,,,,,,Vandut,20/11/2025,COMANDAT,,,3.0%,,,
Puiu Marius,Salaj,Zalau,0 745 434 379,20/11/2025,OLX,,LEI     750.00,,MX,,,RAL,,,,25/11/2025,📞 Nu raspunde,,,Ofertat,,,,,3.0%,,,
Augustin Cocicodar,COVASNA,,0 763 207 948,20/11/2025,Facebook,,"LEI     36,000.00",,MX,,,8019,,,,24/11/2025,📞 Nu raspunde,28/11/2025,📞 Nu raspunde,Ofertat,,,,,1.0%,,,
Saramet Florian,Bucuresti / Ilfov,Sector 5,0722 676 471,20/11/2025,Birou,,LEI     256.00,SISTEM PLUVIAL,Caretta,,,8019,0.6mm,Briliant,,,,,,Vandut,20/11/2025,COMANDAT,,,3.0%,,,
Manolache Viorel,,,,21/11/2025,,,,,,,,RAL,,,,,,,,Informatii,,,,,,,,
Lida Barton,Bucuresti / Ilfov,Sector 5,0 752 122 996,21/11/2025,,,"LEI     1,068.00",ACOPERIS,Caretta,Nobel,,8004,0.5mm,Mat,,,,,,Vandut,27/11/2025,COMANDAT,,,,,,
Lida Barton,Bucuresti / Ilfov,Sector 5,0 752 122 996,21/11/2025,,,LEI     170.00,ACOPERIS,Caretta,Nobel,,8004,0.5mm,Mat,,,,,,Vandut,21/11/2025,COMANDAT,,,,,,
Ovidiu,Dolj,Craiova,#ERROR!,24/11/2025,,,,,MX,,,RAL,,,,,,,,Informatii,,,,,,,,
Florin,Bucuresti / Ilfov,,0763 399 797,24/11/2025,Montatori / Colaboratori,,LEI     380.00,ACCESORII,MetallicGroup,,,RAL,0.5mm,Mat,,,,,,Vandut,24/11/2025,COMANDAT,,,1.0%,,,
Oprea Dobre,Giurgiu,,0 736 340 903,24/11/2025,Telefon,,"LEI     3,800.00",,Caretta,,,RAL,,,,25/11/2025,"A luatt din alta parte, i-a adus cineva de la Giurgiu, tot 0.5-0.6",,,Pierdut,,,,,3.0%,,,
Radu,,,,24/11/2025,,,,,,,,RAL,,,,,,,,Ofertat,,,,,,,,
Dumitrescu Iulian,Constanta,Fetesti,0 766 751 748,24/11/2025,Facebook,40.06,"LEI     7,449.00",GARD,MX,MC 105,18.57,7024,0.5mm,Mat,,,,,,Vandut,26/11/2025,LISTAT,,,2.0%,,,
Gheorghe Varzaru,Constanta,Mosneni,(078) 767-6795,24/11/2025,Facebook,,"LEI     2,880.00",,MX,,,7024,,,,26/11/2025,"Cerut avans pentru 10% discount, el vrea la anul sa faca poarta ( cu automatizare, culisanta cu pietonala incastrata, la randul ei culisanta) Propus 7024 0.6, e ceva mai deosebit, nu cum isi face toata lumea 7016
",27/11/2025,"Trimis poze MX60, i-am explicat ce minunat e 7024 Briliant",Follow UP ( Negociere ),,,,,3.0%,,,
Grigorescu Sorin,Bucuresti / Ilfov,Bragadiru,0722 515 510,24/11/2025,Birou,,LEI     144.00,ELEMENTE SPECIALE,MetallicGroup,,0.75,9005,0.6mm,Briliant,,,,,,Vandut,24/11/2025,LIVRAT,24/11/2025,,3.0%,,,
Grigorescu Sorin,,,,24/11/2025,,,,,MX,,,RAL,,,,,,,,Informatii,,,,,,,,
Florica Florca,Bucuresti / Ilfov,,0 763 741 499‬,24/11/2025,Facebook,,"LEI     7,000.00",,MX,,,RAL,,,,5/12/2025,"Mult peste buget, i-am facut oferta pe cutata",,,Ofertat,,,,,1.0%,,,
Petrea Ivan,Giurgiu,Calugareni,0 722 508 753,24/11/2025,Client Vechi ( Completare ),,LEI     486.00,ACOPERIS,Caretta,Daily,9.24,8019,0.5mm,Mat,,,,,,Vandut,25/11/2025,COMANDAT,,,3.0%,,,
Daniela Parvu,Bucuresti / Ilfov,Berceni,0766340098‬,24/11/2025,Facebook,,"LEI     8,500.00",,MX,,,7016,,,,25/11/2025,"21 ml, fara porti, DUO. Trimis oferta cu 15%, video si locatie, sa vina sa vada modelele",5/12/2025,📞 Nu raspunde,Ofertat,,,,,1.0%,,,
Cotuna Petru,Timis,Obad,0742 309 112,25/11/2025,Montatori / Colaboratori,,"LEI     1,707.00",GARD,Caretta,Y 109,,7016,0.6mm,Briliant,,,,,,Vandut,26/11/2025,,,,1.0%,,,
Romica Dragomir,Buzau,,0726 243 516‬,25/11/2025,Facebook,,"LEI     8,033.00",,MX,,,RAL,,,,5/12/2025,"Retrimis oferta cu 15% pentru 10%
""Mulțumesc frumos de ofertă! Costurile finale nu îmi asigură, realizarea lucrărilor, pe moment. Voi vedea mai târziu.  O zi bună!""",,,Ofertat,,,,,1.0%,,,
Ureche Constantin,Bucuresti / Ilfov,,0722385030‬,25/11/2025,Facebook,,"LEI     5,800.00",,MX,,,7016,,,,2/12/2025,"A primit miulte oferte, nu face acum ca nu se stie. Daca vine razboiul",8/12/2025,"Mai are o oferta de la CT, 4200, se mai gandeste",Ofertat,,,,,1.0%,,,
Nicolae Braghesiu,Brasov,Poiana Marului,0 742 944 028,25/11/2025,Facebook,,"LEI     9,000.00",,MX,,,RAL,,,,2/12/2025,📞 Nu raspunde,5/12/2025,"📞 Nu raspunde, trimit oferta si pe WPC- Virtuoso",Ofertat,,,,,1.0%,,,
Daniela Grigore,Bucuresti / Ilfov,,#ERROR!,25/11/2025,,,,,MX,,,RAL,,,,,,,,Pierdut,,,,,1.0%,,,
Ion Vlad,Bucuresti / Ilfov,,40729683135,25/11/2025,Facebook,,"LEI     6,300.00",,MX,,,7016,,,,25/11/2025,Dat contactul luui Marian Buica,26/11/2025,Trimis oferta cu 15%,Ofertat,,,,,1.0%,,,
George Popescu,Bucuresti / Ilfov,Sector 4,#ERROR!,25/11/2025,Recomandare,,"LEI     6,500.00",,MX,,,9002,,,,26/11/2025,"E mult peste ce credea el. Nu e graba, mai vorbim",8/12/2025,"Dl este defapt constructor, clientul final a gasit cu 1000 eur mai ieftin cu 2 fete.
I-am explicat diferenta dintre Logan si Mertan, dandu-i discount 20% pentru comenzi viitoare",Pierdut,,,,,3.0%,,,
Catalin,,,,26/11/2025,OLX,,,,MX,,,RAL,,,,,,,,Informatii,,,,,,,,
Marian Ungureanu,,,,26/11/2025,OLX,,,,MX,,,RAL,,,,,,,,Informatii,,,,,,,,
Claudiu Nicolaescu,Bucuresti / Ilfov,,0726 199 151,26/11/2025,Birou,,"LEI     5,000.00",,Caretta,,,8017,,,,,,,,Ofertat,,,,,3.0%,,,
Giotină Diana,Mehedinti,,#ERROR!,26/11/2025,Facebook,,"LEI     7,942.00",GARD,MX,MC 105,,7024,0.6mm,Briliant,,,,,,Vandut,27/11/2025,,,,2.0%,,,
Catalin Popa,Bucuresti / Ilfov,,#ERROR!,27/11/2025,,,,,MX,,,RAL,,,,,,,,Follow UP ( Negociere ),,,,,,,,
Cusai Dorin,,,0 765 030 817,27/11/2025,Birou,,"LEI     10,000.00",,MX,,,7016,,,,2/12/2025,"Vrea bicolor de la Caretta, trimis oferta MX & MC, ulterior si X138",8/12/2025,"Trimis oferta cu 15%, la anu' crede ca se va hotari",Ofertat,,,,,1.0%,,,
HODOROAGA SORIN,Bucuresti / Ilfov,Bragadiru,0765 464 370,28/11/2025,Birou,28.56,"LEI     6,151.00",GARD,MX,MX 60,21.36,8019,0.6mm,Briliant,,,,,,Vandut,28/11/2025,LISTAT,,,1.0%,,,
Stefan Ilie,Bucuresti / Ilfov,Sect 3,0764 337 530,28/11/2025,Birou,,"LEI     6,700.00",,MX,,,7016,,,,4/12/2025,"Disc 15%, pentru avans 10%.
Vorbeste sambata cu vecinul",,,Ofertat,,,,,1.0%,,,
Nicolae Braghesiu,Brasov,Poiana Marului,0 742 944 028,28/11/2025,Facebook,,"LEI     2,700.00",,Caretta,,,8019,,,,8/12/2025,"📞 Nu raspunde javra, i-am facut oferta pe casetat, cutata, WPC",,,Ofertat,,,,,3.0%,,,
Roma,Dolj,,,2/12/2025,OLX,,,,MX,,,RAL,,,,,,,,Informatii,,,,,,,,
Paun Renato,Bucuresti / Ilfov,Sector 5,0749 769 914,2/12/2025,Birou,,"LEI     1,272.00",ACOPERIS,Caretta,Canto,27.65,7016,0.5mm,Mat,,,,,,Vandut,2/12/2025,COMANDAT,,,3.0%,,,
Popa Cornel,Braila,,0 770 963 378,2/12/2025,Recomandare,,"LEI     1,500.00",,MX,,,RAL,,,,,,,,Ofertat,,,,,3.0%,,,
KLAR METAL S.R.L.,Bucuresti / Ilfov,Bragadiru,0722 862 673,2/12/2025,Birou,,"LEI     7,051.00",ACOPERIS,Caretta,Nobel,106.67,7016,0.5mm,Mat,,,,,,Vandut,3/12/2025,COMANDAT,,,3.0%,,,
Eugen Cirnu,Bacau,,#ERROR!,2/12/2025,OLX,,,,MX,,,RAL,,,,,,,,Ofertat,,,,,3.0%,,,
Jitianu Carmen,Teleorman,,0761658715‬,2/12/2025,Facebook,,,,MX,,,RAL,,,,,,,,Prospect,,,,,1.0%,,,
Florin Alex,Prahova,,0736358600‬,2/12/2025,Facebook,,,,MX,,,RAL,,,,,,,,Prospect,,,,,1.0%,,,
Dan Ciubotariu,Brasov,,#ERROR!,2/12/2025,Facebook,,"LEI     25,000.00",,MX,,,RAL,,,,,,,,Ofertat,,,,,1.0%,,,
Mihai Steluta,Tulcea,,0745077814‬,2/12/2025,Facebook,,,,MX,,,RAL,,,,,,,,Ofertat,,,,,1.0%,,,
Carmina Paunescu,Arges,,0755704834‬,2/12/2025,Facebook,,,,MX,,,RAL,,,,,,,,Informatii,,,,,1.0%,,,
Adela Baicu,Prahova,,#ERROR!,2/12/2025,Facebook,,,,MX,,,RAL,,,,,,,,Informatii,,,,,1.0%,,,
Nicu Caval,Galati,,0772242371‬,2/12/2025,Facebook,,"LEI     4,900.00",,MX,,,RAL,,,,5/12/2025,Oferta 15%,,,Ofertat,,,,,1.0%,,,
Rodica Brinzan,Gorj,,0785295095‬,2/12/2025,Facebook,,"LEI     2,800.00",,MX,,,RAL,,,,,,,,Ofertat,,,,,1.0%,,,
Gabriela Ifteni,Sibiu,,0746315720‬,2/12/2025,Facebook,,,,MX,,,RAL,,,,,,,,Informatii,,,,,1.0%,,,
Florian Tanase,Bucuresti / Ilfov,Moara Vlasiei,0768956102‬,3/12/2025,Facebook,,,,MX,,,RAL,,,,,,,,Prospect,,,,,,,,
Leti Nedelcu,Valcea,Stănești,0768193965‬,3/12/2025,Facebook,,"LEI     3,000.00",,MX,,,RAL,,,,3/12/2025,"Multumesc, ne mai auzim",,,Ofertat,,,,,1.0%,,,
Iulia Alexandra,Bucuresti / Ilfov,Sector 2,0763 401 784‬,3/12/2025,Facebook,,"LEI     1,800.00",,MX,,,RAL,,,,,,,,Ofertat,,,,,1.0%,,,
Claudiu Carjan,Bucuresti / Ilfov,Darasti,0724 718 848,3/12/2025,Telefon,49.84,"LEI     7,787.00",GARD,MX,MX 25 DUO,20.93,8019,0.5mm,Mat,,,,,,Vandut,3/12/2025,LISTAT,,,1.0%,,,
Mariana Aldescu,Valcea,,0 737 054 524,3/12/2025,Facebook,,"LEI     1,200.00",,MX,,,7016,,,,,,,,Ofertat,,,,,1.0%,,,
Eugen Ivanoiu,Teleorman,Vitanesti,(077) 375-1266,3/12/2025,Facebook,,"LEI     7,000.00",,MX,,,RAL,,,,,,,,Ofertat,,,,,3.0%,,,
Andrei Naner,Bucuresti / Ilfov,,0767600244‬,3/12/2025,,,,,MX,,,RAL,,,,,,,,Ofertat,,,,,,,,
Stamate Olimpia,Bucuresti / Ilfov,Sector 4,#ERROR!,3/12/2025,Birou,,LEI     256.00,SISTEM PLUVIAL,Caretta,,,3005,0.6mm,Briliant,,,,,,Vandut,3/12/2025,COMANDAT,,,3.0%,,,
WELDESIGN S.R.L.,Arges,,0 753 559 669,3/12/2025,Montatori / Colaboratori,,"LEI     2,510.00",GARD,MX,MX 25 DUO,,8017,0.5mm,Mat,,,,,,Vandut,3/12/2025,,,,1.0%,,,
Siia Eugenia,Olt,Corabia,0 785 600 680,3/12/2025,Facebook,,"LEI     8,288.00",,MX,,,7016,,,,5/12/2025,📞 Nu raspunde,,,Ofertat,,,,,1.0%,,,
Violeta Zaharov,Tulcea,,0755605447‬,4/12/2025,Facebook,,,,MX,,,RAL,,,,,,,,Prospect,,,,,,,,
Mascov Ionescu Eugen,Bucuresti / Ilfov,Balotești,0728 772 642,4/12/2025,Facebook,,"LEI     12,000.00",,MX,,,RAL,,,,,,,,Ofertat,,,,,1.0%,,,
Vasiliev Aurora,Tulcea,,40 745 985 717,4/12/2025,Facebook,,,,MX,,,RAL,,,,,,,,Contactat,,,,,,,,
Stefanov Stelian,Bucuresti / Ilfov,Bragadiru,0768 664 176,4/12/2025,Telefon,,"LEI     10,000.00",GARD,MX,MX 60 DUO,,7016,0.6mm,Briliant,,,,,,Vandut,4/12/2025,,,,1.0%,,,
Calin,,,,5/12/2025,OLX,,,,MX,,,RAL,,,,,,,,Informatii,,,,,,,,
IGHAZBAU SRL,Timis,Dumbrava,0 720 198 998,5/12/2025,Client Vechi ( Completare ),,"LEI     1,700.00",GARD,MX,MX 25 DUO,,8017,0.5mm,Mat,,,,,,,,,,,0.0%,,,
Alin Vasile,Braila,Lanurile,0 742 468 508,8/12/2025,Montatori / Colaboratori,,"LEI     1,140.00",GARD,MX,MX 25,5.45,8017,0.5mm,Mat,,,,,,Vandut,8/12/2025,,,,1.0%,,,